epe,epe_background,epe_feature,epe_rms,flow_type,gt_mag_feature,gt_mag_mean,method,noise,outlier_1px,peak_gt_px,peak_ratio,rel_epe_feature,scene,seconds
0.004611833952367306,0.002740452764555812,0.18276329338550568,0.026635097339749336,wedge,0.31207820773124695,0.003412380116060376,farneback,clean,0.0,0.409091562149455,0.37784522771835327,0.5856329883273885,0,0.02729962499870453
0.005107115022838116,0.0028310457710176706,0.22178402543067932,0.028689967468380928,wedge,0.31207820773124695,0.003412380116060376,lucas_kanade,clean,0.0,0.409091562149455,0.2291513979434967,0.7106680951643811,0,0.07243820799340028
0.0035552065819501877,0.001383434166200459,0.21030327677726746,0.02505951188504696,wedge,0.31207820773124695,0.003412380116060376,dis,clean,0.0,0.409091562149455,0.26317644119262695,0.6738800453454756,0,0.024257041004602797
0.005583479534834623,0.0033145479392260313,0.2215808779001236,0.02677042968571186,wedge,0.31207820773124695,0.003412380116060376,tvl1,clean,0.0,0.409091562149455,0.27081525325775146,0.7100171444554785,0,1.1720731249952223
0.008031840436160564,0.006548076402395964,0.14928297698497772,0.027591489255428314,wedge,0.31207820773124695,0.003412380116060376,demons,clean,0.0,0.409091562149455,0.5922114849090576,0.47835117379787073,0,0.16932975000236183
0.010570879094302654,0.007441996596753597,0.30843377113342285,0.03408301994204521,wedge,0.31207820773124695,0.003412380116060376,raft,clean,0.0,0.409091562149455,0.021719718351960182,0.988322040733576,0,1.1326704999955837
0.0160351749509573,0.014272324740886688,0.1838548630475998,0.030064810067415237,wedge,0.31207820773124695,0.003412380116060376,farneback,low,0.0,0.409091562149455,0.376061350107193,0.5891307322744255,0,0.028389125000103377
0.011937073431909084,0.009725975804030895,0.2224288135766983,0.029899198561906815,wedge,0.31207820773124695,0.003412380116060376,lucas_kanade,low,0.0,0.409091562149455,0.2286985218524933,0.712734205934199,0,0.073643167008413
0.011896776035428047,0.00978621281683445,0.21281777322292328,0.02735246531665325,wedge,0.31207820773124695,0.003412380116060376,dis,low,0.0,0.409091562149455,0.2575611472129822,0.6819373091446231,0,0.024543749997974373
0.03532511368393898,0.033559177070856094,0.20343849062919617,0.04556556046009064,wedge,0.31207820773124695,0.003412380116060376,tvl1,low,0.0,0.409091562149455,0.32750487327575684,0.6518830395372935,0,1.2112138329976005
0.056756265461444855,0.05566694959998131,0.16045737266540527,0.07982750982046127,wedge,0.31207820773124695,0.003412380116060376,demons,low,0.0,0.409091562149455,0.5626459717750549,0.5141575691295519,0,0.26026116700086277
0.010985149070620537,0.00786514114588499,0.30800315737724304,0.034158140420913696,wedge,0.31207820773124695,0.003412380116060376,raft,low,0.0,0.409091562149455,0.023120831698179245,0.9869422143134287,0,0.1299566660018172
0.03653429076075554,0.034926265478134155,0.1896148920059204,0.04682798683643341,wedge,0.31207820773124695,0.003412380116060376,farneback,medium,0.0,0.409091562149455,0.3728530704975128,0.6075877370111388,0,0.027525500001502223
0.02453245222568512,0.022428955882787704,0.2247811108827591,0.03702713921666145,wedge,0.31207820773124695,0.003412380116060376,lucas_kanade,medium,0.0,0.409091562149455,0.2238054871559143,0.7202717309769169,0,0.07596462500805501
0.02277548238635063,0.020694555714726448,0.220875084400177,0.03459354117512703,wedge,0.31207820773124695,0.003412380116060376,dis,medium,0.0,0.409091562149455,0.2350763976573944,0.7077555527055207,0,0.025523749995045364
0.0556083545088768,0.05405145883560181,0.20382161438465118,0.06621098518371582,wedge,0.31207820773124695,0.003412380116060376,tvl1,medium,0.0,0.409091562149455,0.34242933988571167,0.6531106925613233,0,1.2485550419951323
0.09964140504598618,0.09882257878780365,0.17759081721305847,0.12553353607654572,wedge,0.31207820773124695,0.003412380116060376,demons,medium,3.985905836960507e-06,0.409091562149455,0.5556631088256836,0.5690586936656428,0,0.2735232909908518
0.009579398669302464,0.0064116413705050945,0.31114301085472107,0.033991653472185135,wedge,0.31207820773124695,0.003412380116060376,raft,medium,0.0,0.409091562149455,0.019089428707957268,0.9970033252775815,0,0.12877841701265424
0.14060455560684204,0.13955648243427277,0.24037957191467285,0.1625048965215683,wedge,0.31207820773124695,0.003412380116060376,farneback,high,0.0,0.409091562149455,0.4528557062149048,0.7702542694736347,0,0.026291292000678368
0.0888587012887001,0.08724585175514221,0.24239784479141235,0.10303689539432526,wedge,0.31207820773124695,0.003412380116060376,lucas_kanade,high,0.0,0.409091562149455,0.2797524631023407,0.7767214716900663,0,0.08408000000054017
0.08864670246839523,0.08711513876914978,0.23444820940494537,0.10211500525474548,wedge,0.31207820773124695,0.003412380116060376,dis,high,0.0,0.409091562149455,0.2602899968624115,0.7512482563564503,0,0.02854562499851454
0.1141682043671608,0.11292912065982819,0.23212674260139465,0.12969224154949188,wedge,0.31207820773124695,0.003412380116060376,tvl1,high,0.0,0.409091562149455,0.3696306049823761,0.7438095222633928,0,1.344687666001846
0.23349769413471222,0.23318785429000854,0.26299312710762024,0.27356281876564026,wedge,0.31207820773124695,0.003412380116060376,demons,high,0.0014628274421645063,0.409091562149455,0.6602724194526672,0.8427154495007309,0,0.24737612500030082
0.01088627241551876,0.007672793231904507,0.31680262088775635,0.034861065447330475,wedge,0.31207820773124695,0.003412380116060376,raft,high,0.0,0.409091562149455,0.020043307915329933,1.0151385551424914,0,0.1251587919978192
0.0177778210490942,0.008519535884261131,0.27577587962150574,0.07378414273262024,wedge,0.8340119123458862,0.029413901269435883,farneback,clean,0.0,1.0900047016225993,0.6972876787185669,0.33066179935705087,1,0.027559624999412335
0.026780081912875175,0.013675075024366379,0.391973614692688,0.10118009150028229,wedge,0.8340119123458862,0.029413901269435883,lucas_kanade,clean,0.0,1.0900047016225993,0.4756411910057068,0.4699856307689361,1,0.07004320800479036
0.013529596850275993,0.004495333414524794,0.2652848958969116,0.06179037317633629,wedge,0.8340119123458862,0.029413901269435883,dis,clean,0.0,1.0900047016225993,0.6374210715293884,0.318082861851128,1,0.022127290998469107
0.019276846200227737,0.009254510514438152,0.29856646060943604,0.07091796398162842,wedge,0.8340119123458862,0.029413901269435883,tvl1,clean,0.0,1.0900047016225993,0.63508141040802,0.3579882447597617,1,1.183010541004478
0.01705796644091606,0.009805984795093536,0.21914690732955933,0.05988163873553276,wedge,0.8340119123458862,0.029413901269435883,demons,clean,0.0,1.0900047016225993,0.7864764332771301,0.2627623227984224,1,0.2324112500064075
0.039189934730529785,0.011190959252417088,0.8194295167922974,0.16085003316402435,wedge,0.8340119123458862,0.029413901269435883,raft,clean,0.01221936942707086,1.0900047016225993,0.014203750528395176,0.982515362984958,1,0.12652041699038818
0.027583004906773567,0.018716853111982346,0.27465352416038513,0.07465847581624985,wedge,0.8340119123458862,0.029413901269435883,farneback,low,0.0,1.0900047016225993,0.6994967460632324,0.3293160686252635,1,0.027126667002448812
0.03267301991581917,0.019815396517515182,0.39097288250923157,0.10131451487541199,wedge,0.8340119123458862,0.029413901269435883,lucas_kanade,low,0.0,1.0900047016225993,0.4767810106277466,0.4687857292223963,1,0.07156454100913834
0.021308235824108124,0.012520827353000641,0.2661845088005066,0.06341095268726349,wedge,0.8340119123458862,0.029413901269435883,dis,low,0.0,1.0900047016225993,0.6353251338005066,0.31916151899052614,1,0.024819333004415967
0.04541987180709839,0.03658253327012062,0.2916874885559082,0.07932686060667038,wedge,0.8340119123458862,0.029413901269435883,tvl1,low,0.0,1.0900047016225993,0.6452668309211731,0.34974019463997524,1,1.2593918329948792
0.06363409757614136,0.05811863765120506,0.21733176708221436,0.09519045054912567,wedge,0.8340119123458862,0.029413901269435883,demons,low,0.0,1.0900047016225993,0.7871538996696472,0.26058592672964276,1,0.24922366699320264
0.038706619292497635,0.010644547641277313,0.8207046389579773,0.16102713346481323,wedge,0.8340119123458862,0.029413901269435883,raft,low,0.012386452874113761,1.0900047016225993,0.012862048111855984,0.9840442646071103,1,0.12767724999866914
0.04584665969014168,0.0373464971780777,0.28271833062171936,0.08244463801383972,wedge,0.8340119123458862,0.029413901269435883,farneback,medium,0.0,1.0900047016225993,0.6920347809791565,0.3389859622346363,1,0.026931333995889872
0.04355059564113617,0.030930113047361374,0.39524200558662415,0.10383003205060959,wedge,0.8340119123458862,0.029413901269435883,lucas_kanade,medium,0.0,1.0900047016225993,0.4744254946708679,0.47390450871966333,1,0.07372383400797844
0.03258812054991722,0.023247383534908295,0.2928837239742279,0.07292518019676208,wedge,0.8340119123458862,0.029413901269435883,dis,medium,0.0,1.0900047016225993,0.5972961783409119,0.35117450918706,1,0.02480183400621172
0.06744519621133804,0.05844219774007797,0.3183293342590332,0.0976634994149208,wedge,0.8340119123458862,0.029413901269435883,tvl1,medium,0.0,1.0900047016225993,0.6085457801818848,0.3816843974849772,1,1.267905291999341
0.10428715497255325,0.09907741844654083,0.24946530163288116,0.1365269422531128,wedge,0.8340119123458862,0.029413901269435883,demons,medium,8.354172352145072e-05,1.0900047016225993,0.7555791139602661,0.299114794333323,1,0.24629249999998137
0.03838527575135231,0.010232606902718544,0.8229077458381653,0.16141660511493683,wedge,0.8340119123458862,0.029413901269435883,raft,medium,0.012570244665860953,1.0900047016225993,0.009876322001218796,0.986685841840691,1,0.12752475000161212
0.14239051938056946,0.1365545094013214,0.30502063035964966,0.16908033192157745,wedge,0.8340119123458862,0.029413901269435883,farneback,high,5.012503411287044e-05,1.0900047016225993,0.7099837064743042,0.3657269468750103,1,0.027003249997505918
0.10185478627681732,0.0913972482085228,0.3932720124721527,0.13739509880542755,wedge,0.8340119123458862,0.029413901269435883,lucas_kanade,high,0.0,1.0900047016225993,0.4933243691921234,0.47154244040228127,1,0.09773712500464171
0.09560146927833557,0.0865221619606018,0.3486120104789734,0.12417937815189362,wedge,0.8340119123458862,0.029413901269435883,dis,high,0.0,1.0900047016225993,0.543965220451355,0.41799404219348246,1,0.026584707986330613
0.12660354375839233,0.116984061896801,0.3946665823459625,0.15515819191932678,wedge,0.8340119123458862,0.029413901269435883,tvl1,high,0.0,1.0900047016225993,0.5149856805801392,0.4732145626503763,1,1.3122487920045387
0.2251938134431839,0.22239169478416443,0.3032796382904053,0.26423898339271545,wedge,0.8340119123458862,0.029413901269435883,demons,high,0.0011473063363612566,1.0900047016225993,0.7616355419158936,0.36363945622473004,1,0.24833879100333434
0.043085455894470215,0.014942015521228313,0.8273507952690125,0.1627473682165146,wedge,0.8340119123458862,0.029413901269435883,raft,high,0.012859855974068649,1.0900047016225993,0.012350998818874359,0.9920131631475891,1,0.1269787500059465
0.011027158237993717,0.005522674415260553,0.2511553168296814,0.054105244576931,wedge,0.6073360443115234,0.013906446285545826,farneback,clean,0.0,0.794786290737164,0.5922456383705139,0.41353599738080954,2,0.02693116699811071
0.015271604061126709,0.007830911315977573,0.3398650884628296,0.0694916620850563,wedge,0.6073360443115234,0.013906446285545826,lucas_kanade,clean,0.0,0.794786290737164,0.34860759973526,0.5595997333701821,2,0.0704910420026863
0.008278862573206425,0.0029012528248131275,0.2428722232580185,0.04524218291044235,wedge,0.6073360443115234,0.013906446285545826,dis,clean,0.0,0.794786290737164,0.5522519946098328,0.39989759463945307,2,0.020326083002146333
0.011808480136096478,0.005837567150592804,0.2722841799259186,0.05125730112195015,wedge,0.6073360443115234,0.013906446285545826,tvl1,clean,0.0,0.794786290737164,0.5425724983215332,0.4483254081100688,2,1.1655964579986176
0.01174481026828289,0.007420410867780447,0.20039279758930206,0.04365913197398186,wedge,0.6073360443115234,0.013906446285545826,demons,clean,0.0,0.794786290737164,0.7494626641273499,0.32995373725343025,2,0.22592250000161584
0.02419069968163967,0.01102055236697197,0.5987265110015869,0.09505128860473633,wedge,0.6073360443115234,0.013906446285545826,raft,clean,0.0,0.794786290737164,0.02038094960153103,0.9858241028330595,2,0.12506995900184847
0.0226253941655159,0.017397256568074226,0.2506982088088989,0.05593351274728775,wedge,0.6073360443115234,0.013906446285545826,farneback,low,0.0,0.794786290737164,0.5951861143112183,0.4127833530662429,2,0.027084417000878602
0.02219781093299389,0.014912518672645092,0.3400120735168457,0.07007887959480286,wedge,0.6073360443115234,0.013906446285545826,lucas_kanade,low,0.0,0.794786290737164,0.34837767481803894,0.5598417493930953,2,0.07481483300216496
0.017075441777706146,0.011763028800487518,0.24882476031780243,0.0480450876057148,wedge,0.6073360443115234,0.013906446285545826,dis,low,0.0,0.794786290737164,0.5395165085792542,0.4096986547206668,2,0.025055459002032876
0.04252937436103821,0.037515345960855484,0.261261910200119,0.06452205777168274,wedge,0.6073360443115234,0.013906446285545826,tvl1,low,0.0,0.794786290737164,0.5620941519737244,0.43017685620204826,2,1.2032207919983193
0.0589694082736969,0.055623799562454224,0.20491866767406464,0.08357128500938416,wedge,0.6073360443115234,0.013906446285545826,demons,low,0.0,0.794786290737164,0.747651219367981,0.33740574035311965,2,0.24613487500755582
0.024195093661546707,0.0110188452526927,0.5989969968795776,0.0950741097331047,wedge,0.6073360443115234,0.013906446285545826,raft,low,0.0,0.794786290737164,0.02024271711707115,0.9862694672742518,2,0.12588891699851956
0.04353499412536621,0.038640137761831284,0.2570686340332031,0.0675155371427536,wedge,0.6073360443115234,0.013906446285545826,farneback,medium,0.0,0.794786290737164,0.5907483696937561,0.4232724805994617,2,0.027176667004823685
0.034470897167921066,0.02739531174302101,0.3431369364261627,0.07359141856431961,wedge,0.6073360443115234,0.013906446285545826,lucas_kanade,medium,0.0,0.794786290737164,0.3471170663833618,0.5649869452670851,2,0.07659820799017325
0.028837837278842926,0.023289905861020088,0.27086135745048523,0.05658011883497238,wedge,0.6073360443115234,0.013906446285545826,dis,medium,0.0,0.794786290737164,0.49682554602622986,0.44598268123133356,2,0.025504916993668303
0.0631604716181755,0.05826069787144661,0.2769087553024292,0.08309575170278549,wedge,0.6073360443115234,0.013906446285545826,tvl1,medium,0.0,0.794786290737164,0.5347245335578918,0.4559399329185758,2,1.272164584006532
0.10324518382549286,0.10028661787509918,0.23231008648872375,0.1291169971227646,wedge,0.6073360443115234,0.013906446285545826,demons,medium,4.147587762957064e-06,0.794786290737164,0.7244480848312378,0.3825066677082712,2,0.2466787919984199
0.024050354957580566,0.010840190574526787,0.6003317832946777,0.09521535038948059,wedge,0.6073360443115234,0.013906446285545826,raft,medium,0.0,0.794786290737164,0.019090652465820312,0.9884672397061733,2,0.12643150000076275
0.145160511136055,0.1418478637933731,0.2896726131439209,0.170150488615036,wedge,0.6073360443115234,0.013906446285545826,farneback,high,2.4885526577742385e-05,0.794786290737164,0.611861526966095,0.4769560704606195,2,0.025223790988093242
0.09572815150022507,0.08994334191083908,0.34808483719825745,0.12013813108205795,wedge,0.6073360443115234,0.013906446285545826,lucas_kanade,high,0.0,0.794786290737164,0.36410605907440186,0.5731338366272113,2,0.08124170800147112
0.09370246529579163,0.08853651583194733,0.31906238198280334,0.11466597765684128,wedge,0.6073360443115234,0.013906446285545826,dis,high,0.0,0.794786290737164,0.43006592988967896,0.5253473508961463,2,0.029596250009490177
0.11907760053873062,0.11422109603881836,0.3309383988380432,0.13972391188144684,wedge,0.6073360443115234,0.013906446285545826,tvl1,high,0.0,0.794786290737164,0.4488031268119812,0.5449016272584236,2,1.3416139589971863
0.23436297476291656,0.23273910582065582,0.30520257353782654,0.2729962468147278,wedge,0.6073360443115234,0.013906446285545826,demons,high,0.0011281438715243215,0.794786290737164,0.6777603626251221,0.502526692424133,2,0.24392249999800697
0.02425723522901535,0.010938131250441074,0.6052911877632141,0.0958145260810852,wedge,0.6073360443115234,0.013906446285545826,raft,high,0.0,0.794786290737164,0.013472601771354675,0.9966330723041025,2,0.123577792008291
0.016736870631575584,0.008064644411206245,0.46070414781570435,0.0895233303308487,wedge,1.078052282333374,0.02159000374376774,farneback,clean,0.0004333346317142523,1.4354151227719298,0.5549855828285217,0.4273486132031929,3,0.02584554201166611
0.023030977696180344,0.011626443825662136,0.6068764925003052,0.11089221388101578,wedge,1.078052282333374,0.02159000374376774,lucas_kanade,clean,0.00135356210805126,1.4354151227719298,0.38604655861854553,0.5629379042607845,3,0.07188379199942574
0.013141321949660778,0.004187162034213543,0.4715419411659241,0.08061175793409348,wedge,1.078052282333374,0.02159000374376774,dis,clean,0.00022883963697269504,1.4354151227719298,0.4991729259490967,0.4374017372750255,3,0.024994917010189965
0.01802588254213333,0.009153220802545547,0.47225427627563477,0.08278209716081619,wedge,1.078052282333374,0.02159000374376774,tvl1,clean,0.0006426985549020371,1.4354151227719298,0.5298423171043396,0.4380624984657248,3,1.2098668749968056
0.015341515652835369,0.008394102565944195,0.3710084855556488,0.0714513435959816,wedge,1.078052282333374,0.02159000374376774,demons,clean,3.895142756982043e-05,1.4354151227719298,0.6615778803825378,0.34414702481091647,3,0.23019479200593196
0.03184550255537033,0.01161665003746748,1.0674444437026978,0.1583038866519928,wedge,1.078052282333374,0.02159000374376774,raft,clean,0.012771199314454874,1.4354151227719298,0.00797168631106615,0.9901601816493386,3,0.12583170899597462
0.027024008333683014,0.01854441501200199,0.46112972497940063,0.09036380052566528,wedge,1.078052282333374,0.02159000374376774,farneback,low,0.0004235967748217972,1.4354151227719298,0.5550234317779541,0.427743378068191,3,0.02736124998773448
0.02897677570581436,0.017674222588539124,0.607601523399353,0.11113931238651276,wedge,1.078052282333374,0.02159000374376774,lucas_kanade,low,0.0013438242511588049,1.4354151227719298,0.3853076100349426,0.5636104420503977,3,0.07344858298893087
0.020983798429369926,0.012156292796134949,0.47290050983428955,0.0817660242319107,wedge,1.078052282333374,0.02159000374376774,dis,low,0.00021423285163401238,1.4354151227719298,0.49775660037994385,0.43866194393719676,3,0.02620483300415799
0.045919567346572876,0.03770066797733307,0.4666791260242462,0.09078053385019302,wedge,1.078052282333374,0.02159000374376774,tvl1,low,0.0005112374868538932,1.4354151227719298,0.5310015678405762,0.43289099580045376,3,1.2073037079971982
0.050829511135816574,0.0446171797811985,0.3688647150993347,0.08746455609798431,wedge,1.078052282333374,0.02159000374376774,demons,low,7.790285513964086e-05,1.4354151227719298,0.6619212031364441,0.3421584659149842,3,0.24968891601020005
0.0313471257686615,0.011075815185904503,1.0691195726394653,0.15849566459655762,wedge,1.078052282333374,0.02159000374376774,raft,low,0.01278093717134733,1.4354151227719298,0.006975051015615463,0.9917140292356004,3,0.11655891599366441
0.04682791605591774,0.03861182555556297,0.46744412183761597,0.0977998897433281,wedge,1.078052282333374,0.02159000374376774,farneback,medium,0.0004868928446227554,1.4354151227719298,0.5521414279937744,0.4336006049965068,3,0.026711124999565072
0.04103337973356247,0.029925620183348656,0.6096855998039246,0.11357347667217255,wedge,1.078052282333374,0.02159000374376774,lucas_kanade,medium,0.0014752853192069489,1.4354151227719298,0.38828718662261963,0.5655436288157563,3,0.07394800000474788
0.03263977915048599,0.023593101650476456,0.49577683210372925,0.08908381313085556,wedge,1.078052282333374,0.02159000374376774,dis,medium,0.0003505628481283839,1.4354151227719298,0.47622111439704895,0.45988199294996396,3,0.025140792000456713
0.07299483567476273,0.06413634121417999,0.5264980792999268,0.11358843743801117,wedge,1.078052282333374,0.02159000374376774,tvl1,medium,0.0006670431971331749,1.4354151227719298,0.4768775999546051,0.488378984885924,3,1.250546374998521
0.09166203439235687,0.0857028141617775,0.3967396318912506,0.12263816595077515,wedge,1.078052282333374,0.02159000374376774,demons,medium,0.0002970046352198808,1.4354151227719298,0.6443427205085754,0.36801520519258446,3,0.24587762501323596
0.029534991830587387,0.009193381294608116,1.070906639099121,0.15861988067626953,wedge,1.078052282333374,0.02159000374376774,raft,medium,0.01278093717134733,1.4354151227719298,0.005442445632070303,0.993371709933412,3,0.1253144170041196
0.14343763887882233,0.1368710845708847,0.4796067476272583,0.177272230386734,wedge,1.078052282333374,0.02159000374376774,farneback,high,0.0007936353367350913,1.4354151227719298,0.5783219933509827,0.4448826420451341,3,0.027028665994293988
0.0984383299946785,0.08858874440193176,0.6026797890663147,0.144047349691391,wedge,1.078052282333374,0.02159000374376774,lucas_kanade,high,0.001660304600163596,1.4354151227719298,0.41051289439201355,0.5590450472048104,3,0.09126237499003764
0.09236939251422882,0.08350841701030731,0.5459991097450256,0.13114383816719055,wedge,1.078052282333374,0.02159000374376774,dis,high,0.0007838974798426362,1.4354151227719298,0.4468923509120941,0.5064681172635209,3,0.025689166999654844
0.13059772551059723,0.12080847471952438,0.6317501068115234,0.16831964254379272,wedge,1.078052282333374,0.02159000374376774,tvl1,high,0.0019621781638297043,1.4354151227719298,0.36717623472213745,0.5860106389684009,3,1.3418126670003403
0.21390971541404724,0.20959247648715973,0.43492650985717773,0.24893848598003387,wedge,1.078052282333374,0.02159000374376774,demons,high,0.0006037471273322167,1.4354151227719298,0.6693007349967957,0.4034373072480377,3,0.24236445799760986
0.03554485738277435,0.015427745878696442,1.0654233694076538,0.15837322175502777,wedge,1.078052282333374,0.02159000374376774,raft,high,0.012756592529116192,1.4354151227719298,0.009415633045136929,0.9882854355649748,3,0.12540024999179877
0.012240092270076275,0.0061554210260510445,0.36555737257003784,0.06834127008914948,wedge,0.8738598227500916,0.01523633860051632,farneback,clean,7.644244889419963e-05,1.1500975791606705,0.5955054759979248,0.4183249567643537,4,0.027099832994281314
0.016712384298443794,0.008784916251897812,0.47703495621681213,0.08562520891427994,wedge,0.8738598227500916,0.01523633860051632,lucas_kanade,clean,0.00010862874316544157,1.1500975791606705,0.3962937593460083,0.5458941397666657,4,0.07115137499931734
0.009129906073212624,0.003255946794524789,0.3502117693424225,0.05793355777859688,wedge,0.8738598227500916,0.01523633860051632,dis,clean,4.425615462295768e-05,1.1500975791606705,0.5621183514595032,0.400764241844057,4,0.02255566699022893
0.01252164226025343,0.006058757193386555,0.38780051469802856,0.06339972466230392,wedge,0.8738598227500916,0.01523633860051632,tvl1,clean,0.00012472189030106256,1.1500975791606705,0.5533447861671448,0.44377885857893784,4,1.1635952500073472
0.011800557374954224,0.007207005750387907,0.27853330969810486,0.05310362949967384,wedge,0.8738598227500916,0.01523633860051632,demons,clean,0.0,1.1500975791606705,0.7307536602020264,0.3187391186169231,4,0.22644033300457522
0.025130175054073334,0.010657296516001225,0.865523636341095,0.11953042447566986,wedge,0.8738598227500916,0.01523633860051632,raft,clean,0.007817246221127888,1.1500975791606705,0.01111642550677061,0.990460499279207,4,0.12668404199939687
0.02334556356072426,0.017442703247070312,0.36610567569732666,0.06972973793745041,wedge,0.8738598227500916,0.01523633860051632,farneback,low,7.644244889419963e-05,1.1500975791606705,0.5944291353225708,0.4189524065143185,4,0.026090957995620556
0.023388123139739037,0.015572749078273773,0.4772017300128937,0.08599093556404114,wedge,0.8738598227500916,0.01523633860051632,lucas_kanade,low,0.00010862874316544157,1.1500975791606705,0.3960634171962738,0.5460849870761995,4,0.07438004200230353
0.0176251083612442,0.011806490831077099,0.3554933965206146,0.06011991575360298,wedge,0.8738598227500916,0.01523633860051632,dis,low,6.43725885424839e-05,1.1500975791606705,0.5553204417228699,0.4068082629109262,4,0.025883416004944593
0.042186837643384933,0.03646296262741089,0.37455376982688904,0.073811836540699,wedge,0.8738598227500916,0.01523633860051632,tvl1,low,6.839587532638914e-05,1.1500975791606705,0.5587476491928101,0.42861996864456464,4,1.2030771669960814
0.05889817327260971,0.054982636123895645,0.2862605154514313,0.08866304904222488,wedge,0.8738598227500916,0.01523633860051632,demons,low,0.00010862874316544157,1.1500975791606705,0.7225943207740784,0.3275817333614807,4,0.2461271669890266
0.025024451315402985,0.01055360771715641,0.8652997016906738,0.1195051446557045,wedge,0.8738598227500916,0.01523633860051632,raft,low,0.007801153073992267,1.1500975791606705,0.01146929245442152,0.9902042400433533,4,0.11708633300440852
0.04296450689435005,0.03727724403142929,0.37320539355278015,0.078548863530159,wedge,0.8738598227500916,0.01523633860051632,farneback,medium,4.425615462295768e-05,1.1500975791606705,0.5860704779624939,0.42707695655154326,4,0.02698154099925887
0.035204365849494934,0.027511976659297943,0.48187634348869324,0.08882436156272888,wedge,0.8738598227500916,0.01523633860051632,lucas_kanade,medium,8.448902246201011e-05,1.1500975791606705,0.39081355929374695,0.5514343730464667,4,0.0753512089868309
0.02880110591650009,0.022679882124066353,0.3842408359050751,0.06814742088317871,wedge,0.8738598227500916,0.01523633860051632,dis,medium,7.644244889419963e-05,1.1500975791606705,0.5209342837333679,0.43970534621427626,4,0.025371458003064618
0.06342315673828125,0.05757462978363037,0.4030281901359558,0.0919179692864418,wedge,0.8738598227500916,0.01523633860051632,tvl1,medium,5.632601497467341e-05,1.1500975791606705,0.5247350931167603,0.4612046230339334,4,1.238462500012247
0.10143138468265533,0.09790465980768204,0.30621638894081116,0.1314939260482788,wedge,0.8738598227500916,0.01523633860051632,demons,medium,0.00016093147135620974,1.1500975791606705,0.7217268943786621,0.35041820320463873,4,0.24969645899545867
0.024014055728912354,0.009550564922392368,0.8638623356819153,0.11919699609279633,wedge,0.8738598227500916,0.01523633860051632,raft,medium,0.00775689691936931,1.1500975791606705,0.010467657819390297,0.9885593926990331,4,0.12350083299679682
0.1436585932970047,0.13945165276527405,0.38794225454330444,0.17098690569400787,wedge,0.8738598227500916,0.01523633860051632,farneback,high,8.046573567810487e-05,1.1500975791606705,0.6106379628181458,0.4439410583294994,4,0.02672033300041221
0.09653494507074356,0.08989613503217697,0.4820291996002197,0.12847581505775452,wedge,0.8738598227500916,0.01523633860051632,lucas_kanade,high,0.00012472189030106256,1.1500975791606705,0.4088006913661957,0.5516092936773814,4,0.08191220799926668
0.09323640167713165,0.0873916745185852,0.43262073397636414,0.12028302252292633,wedge,0.8738598227500916,0.01523633860051632,dis,high,0.0,1.1500975791606705,0.47188758850097656,0.495068800182253,4,0.0266500419966178
0.12192630022764206,0.11599142104387283,0.46654555201530457,0.1480070948600769,wedge,0.8738598227500916,0.01523633860051632,tvl1,high,2.0116433919526218e-05,1.1500975791606705,0.4386983811855316,0.5338906079318952,4,1.353452915995149
0.23022887110710144,0.22756144404411316,0.3851180374622345,0.2692669630050659,wedge,0.8738598227500916,0.01523633860051632,demons,high,0.0012472189030106255,1.1500975791606705,0.6876760721206665,0.4407091703223567,4,0.2449407080130186
0.027280624955892563,0.012833616696298122,0.8661718368530273,0.11985532939434052,wedge,0.8738598227500916,0.01523633860051632,raft,high,0.007805176360776172,1.1500975791606705,0.01029808446764946,0.9912022664311655,4,0.12257187500654254
0.00784566905349493,0.0046140337362885475,0.3452201783657074,0.046861257404088974,wedge,0.551295816898346,0.00568012148141861,farneback,clean,0.0,0.740389177420385,0.34059157967567444,0.6261977105285436,5,0.026513667005929165
0.008735159412026405,0.004887585528194904,0.4104120433330536,0.05046757683157921,wedge,0.551295816898346,0.00568012148141861,lucas_kanade,clean,0.0,0.740389177420385,0.2108778953552246,0.7444497686234575,5,0.0704698330082465
0.005992113146930933,0.0023048806469887495,0.39092981815338135,0.04469183459877968,wedge,0.551295816898346,0.00568012148141861,dis,clean,0.0,0.740389177420385,0.23228709399700165,0.709110800718202,5,0.020724832997075282
0.008263652212917805,0.00461660698056221,0.3890058398246765,0.04510653391480446,wedge,0.551295816898346,0.00568012148141861,tvl1,clean,0.0,0.740389177420385,0.2641010284423828,0.7056208806612544,5,1.1672293750016252
0.008797677233815193,0.00605640048161149,0.29498010873794556,0.04015891253948212,wedge,0.551295816898346,0.00568012148141861,demons,clean,0.0,0.740389177420385,0.49102798104286194,0.535066836526237,5,0.22329554200405255
0.017043907195329666,0.0119866281747818,0.5450109839439392,0.058014389127492905,wedge,0.551295816898346,0.00568012148141861,raft,clean,0.0,0.740389177420385,0.018246715888381004,0.9885998900014045,5,0.1234495410026284
0.020164763554930687,0.017035523429512978,0.3468494713306427,0.04934292659163475,wedge,0.551295816898346,0.00568012148141861,farneback,low,0.0,0.740389177420385,0.3393819332122803,0.6291530983892785,5,0.02804633299820125
0.015889553353190422,0.012108945287764072,0.41057512164115906,0.051228273659944534,wedge,0.551295816898346,0.00568012148141861,lucas_kanade,low,0.0,0.740389177420385,0.21054069697856903,0.7447455777029149,5,0.07473866699729115
0.014988511800765991,0.011376542039215565,0.3920690417289734,0.04643714800477028,wedge,0.551295816898346,0.00568012148141861,dis,low,0.0,0.740389177420385,0.23049050569534302,0.7111772476976139,5,0.023996709001949057
0.041628822684288025,0.03852536529302597,0.3656219244003296,0.06109008193016052,wedge,0.551295816898346,0.00568012148141861,tvl1,low,0.0,0.740389177420385,0.30643555521965027,0.6632046048478307,5,1.2163939580059377
0.05483882501721382,0.052523110061883926,0.2965936064720154,0.07531332969665527,wedge,0.551295816898346,0.00568012148141861,demons,low,0.0,0.740389177420385,0.4904884994029999,0.5379935732882671,5,0.2556397920125164
0.01756570115685463,0.012513834983110428,0.5449675917625427,0.05814424902200699,wedge,0.551295816898346,0.00568012148141861,raft,low,0.0,0.740389177420385,0.019042782485485077,0.9885211805679815,5,0.12529379200714175
0.04189373180270195,0.03892631083726883,0.35168537497520447,0.062686987221241,wedge,0.551295816898346,0.00568012148141861,farneback,medium,0.0,0.740389177420385,0.3408912420272827,0.6379249836391415,5,0.02601679200597573
0.029122719541192055,0.025453239679336548,0.41220715641975403,0.056285105645656586,wedge,0.551295816898346,0.00568012148141861,lucas_kanade,medium,0.0,0.740389177420385,0.21308521926403046,0.7477059389619155,5,0.07416408401331864
0.026831310242414474,0.023265277966856956,0.3991159200668335,0.05220890790224075,wedge,0.551295816898346,0.00568012148141861,dis,medium,0.0,0.740389177420385,0.2219054400920868,0.7239596380620223,5,0.025934582998161204
0.06323837488889694,0.06022779271006584,0.3775353729724884,0.0806196928024292,wedge,0.551295816898346,0.00568012148141861,tvl1,medium,0.0,0.740389177420385,0.294977605342865,0.6848145068405309,5,1.268402125002467
0.1011873111128807,0.09901581704616547,0.3278864324092865,0.12520280480384827,wedge,0.551295816898346,0.00568012148141861,demons,medium,4.176010490138351e-06,0.740389177420385,0.4779951870441437,0.594755886692581,5,0.24469058300019242
0.015229415148496628,0.010153803043067455,0.5451103448867798,0.05764373764395714,wedge,0.551295816898346,0.00568012148141861,raft,medium,0.0,0.740389177420385,0.01647021435201168,0.9887801216298605,5,0.12287841700890567
0.14972491562366486,0.147399440407753,0.39249882102012634,0.1749059408903122,wedge,0.551295816898346,0.00568012148141861,farneback,high,0.0,0.740389177420385,0.37387046217918396,0.7119568278757675,5,0.0272894169902429
0.09516152739524841,0.09196201711893082,0.4291819930076599,0.1148095354437828,wedge,0.551295816898346,0.00568012148141861,lucas_kanade,high,0.0,0.740389177420385,0.2252792865037918,0.7784967341531583,5,0.0831130840088008
0.0977257713675499,0.09465344250202179,0.41846928000450134,0.11780732870101929,wedge,0.551295816898346,0.00568012148141861,dis,high,0.0,0.740389177420385,0.23398323357105255,0.7590648562487884,5,0.026789540992467664
0.12053054571151733,0.11765387654304504,0.4208480417728424,0.13990134000778198,wedge,0.551295816898346,0.00568012148141861,tvl1,high,0.0,0.740389177420385,0.2667347490787506,0.763379711713726,5,1.3325993750040652
0.2354314923286438,0.23383097350597382,0.40252095460891724,0.2739429771900177,wedge,0.551295816898346,0.00568012148141861,demons,high,0.0007475058777347648,0.740389177420385,0.5001940727233887,0.7301360581212945,5,0.2468339999904856
0.020016949623823166,0.015030888840556145,0.5405488610267639,0.058409884572029114,wedge,0.551295816898346,0.00568012148141861,raft,high,0.0,0.740389177420385,0.021084526553750038,0.9805060086759851,5,0.12334225000813603
0.004925230517983437,0.0028403226751834154,0.13609713315963745,0.02533523365855217,wedge,0.30210641026496887,0.004887531977146864,farneback,clean,0.0,0.396857737854327,0.5558046698570251,0.45049402639378144,6,0.02553441700001713
0.006036396138370037,0.0034486553631722927,0.16884402930736542,0.029183868318796158,wedge,0.30210641026496887,0.004887531977146864,lucas_kanade,clean,0.0,0.396857737854327,0.3769380748271942,0.5588892640817424,6,0.06993904100090731
0.003887634724378586,0.0015654769958928227,0.149986132979393,0.023128215223550797,wedge,0.30210641026496887,0.004887531977146864,dis,clean,0.0,0.396857737854327,0.43460291624069214,0.49646789304419087,6,0.02079862500249874
0.006895390339195728,0.00451479060575366,0.15667079389095306,0.025601442903280258,wedge,0.30210641026496887,0.004887531977146864,tvl1,clean,0.0,0.396857737854327,0.4534620940685272,0.5185947353898965,6,1.180774249995011
0.006241530645638704,0.004593181423842907,0.10994736105203629,0.02233222685754299,wedge,0.30210641026496887,0.004887531977146864,demons,clean,0.0,0.396857737854327,0.7635923027992249,0.36393587595709936,6,0.2288282500085188
0.011988183483481407,0.00741131417453289,0.2999418079853058,0.04065239802002907,wedge,0.30210641026496887,0.004887531977146864,raft,clean,0.0,0.396857737854327,0.013557958416640759,0.9928349673952149,6,0.12645279199932702
0.016710149124264717,0.014780735597014427,0.13809917867183685,0.02931385673582554,wedge,0.30210641026496887,0.004887531977146864,farneback,low,0.0,0.396857737854327,0.5501318573951721,0.4571209811493706,6,0.027045499999076128
0.01263276394456625,0.01014273427426815,0.16929292678833008,0.030341697856783867,wedge,0.30210641026496887,0.004887531977146864,lucas_kanade,low,0.0,0.396857737854327,0.37377557158470154,0.5603751560248196,6,0.07448720799584407
0.012319945730268955,0.010051734745502472,0.15502434968948364,0.02612445317208767,wedge,0.30210641026496887,0.004887531977146864,dis,low,0.0,0.396857737854327,0.4117514193058014,0.5131448536742939,6,0.024658209003973752
0.0389551967382431,0.03726068139076233,0.1455656737089157,0.048240743577480316,wedge,0.30210641026496887,0.004887531977146864,tvl1,low,0.0,0.396857737854327,0.5004621148109436,0.4818357663488313,6,1.2051619170088088
0.04833346605300903,0.047324277460575104,0.11182655394077301,0.062072381377220154,wedge,0.30210641026496887,0.004887531977146864,demons,low,0.0,0.396857737854327,0.7669091820716858,0.37015617723137073,6,0.25113287499698345
0.011662060394883156,0.007068744394928217,0.300650417804718,0.04060814902186394,wedge,0.30210641026496887,0.004887531977146864,raft,low,0.0,0.396857737854327,0.01335074007511139,0.995180531061973,6,0.12449741599266417
0.0378710962831974,0.03619019314646721,0.14362528920173645,0.047201577574014664,wedge,0.30210641026496887,0.004887531977146864,farneback,medium,0.0,0.396857737854327,0.5392978191375732,0.4754129151902696,6,0.026563415987766348
0.025502344593405724,0.023148242384195328,0.17361068725585938,0.03765615075826645,wedge,0.30210641026496887,0.004887531977146864,lucas_kanade,medium,0.0,0.396857737854327,0.3659212291240692,0.5746673402381314,6,0.07846762498957105
0.024044720456004143,0.02173253707587719,0.16951574385166168,0.03522738814353943,wedge,0.30210641026496887,0.004887531977146864,dis,medium,0.0,0.396857737854327,0.36912158131599426,0.5611127009949385,6,0.02495141699910164
0.06229675933718681,0.06086067855358124,0.15264788269996643,0.07278063148260117,wedge,0.30210641026496887,0.004887531977146864,tvl1,medium,0.0,0.396857737854327,0.5052258968353271,0.5052785293965902,6,1.2420733750041109
0.0919504314661026,0.09117203205823898,0.14092354476451874,0.11079138517379761,wedge,0.30210641026496887,0.004887531977146864,demons,medium,0.0,0.396857737854327,0.6933422684669495,0.46646989264782146,6,0.2446962080139201
0.011750930920243263,0.007124977186322212,0.30279266834259033,0.04088098183274269,wedge,0.30210641026496887,0.004887531977146864,raft,medium,0.0,0.396857737854327,0.014510611072182655,1.002271577345941,6,0.12918874999741092
0.13997028768062592,0.1389937698841095,0.20140808820724487,0.16154491901397705,wedge,0.30210641026496887,0.004887531977146864,farneback,high,0.0,0.396857737854327,0.5395386815071106,0.6666792936654194,6,0.028353125002468005
0.08668594807386398,0.08487389981746674,0.2006905972957611,0.10016506165266037,wedge,0.30210641026496887,0.004887531977146864,lucas_kanade,high,0.0,0.396857737854327,0.34379130601882935,0.66430433276719,6,0.08591170799627434
0.08701133728027344,0.0852598026394844,0.19720901548862457,0.10058129578828812,wedge,0.30210641026496887,0.004887531977146864,dis,high,0.0,0.396857737854327,0.3375214636325836,0.6527799768156465,6,0.02503212500596419
0.11811492592096329,0.11667970567941666,0.20841191709041595,0.13379289209842682,wedge,0.30210641026496887,0.004887531977146864,tvl1,high,0.0,0.396857737854327,0.42351847887039185,0.6898626113481797,6,1.3531953749916283
0.22044521570205688,0.21988427639007568,0.2557377219200134,0.2539711892604828,wedge,0.30210641026496887,0.004887531977146864,demons,high,0.0001997696273658887,0.396857737854327,0.6780778765678406,0.8465153774648912,6,0.24203104199841619
0.01621152274310589,0.011709035374224186,0.2994854152202606,0.04188661649823189,wedge,0.30210641026496887,0.004887531977146864,raft,high,0.0,0.396857737854327,0.018419642001390457,0.9913242653725571,6,0.12884287499764469
0.008456391282379627,0.004843959119170904,0.4279644191265106,0.0542491115629673,wedge,0.6746290326118469,0.006244594231247902,farneback,clean,0.0,0.9493447299798534,0.3280926048755646,0.63436999956796,7,0.02708220800559502
0.00970723107457161,0.0053542605601251125,0.5152130722999573,0.060027286410331726,wedge,0.6746290326118469,0.006244594231247902,lucas_kanade,clean,0.0,0.9493447299798534,0.18842153251171112,0.7636983399681068,7,0.07356999999319669
0.006566847208887339,0.0023822570219635963,0.4925190210342407,0.053595539182424545,wedge,0.6746290326118469,0.006244594231247902,dis,clean,0.0,0.9493447299798534,0.21569204330444336,0.7300590357450795,7,0.024259041994810104
0.009045739658176899,0.005121301859617233,0.46478667855262756,0.05216270312666893,wedge,0.6746290326118469,0.006244594231247902,tvl1,clean,0.0,0.9493447299798534,0.26455628871917725,0.6889514919824777,7,1.1781288329948438
0.009088626131415367,0.005891657434403896,0.380349338054657,0.04768720269203186,wedge,0.6746290326118469,0.006244594231247902,demons,clean,0.0,0.9493447299798534,0.41039663553237915,0.5637903494637977,7,0.2332497500028694
0.019266117364168167,0.013677647337317467,0.6682493686676025,0.06858855485916138,wedge,0.6746290326118469,0.006244594231247902,raft,clean,0.0,0.9493447299798534,0.01727861911058426,0.9905434488647111,7,0.12430429199594073
0.018805157393217087,0.015274417586624622,0.42882636189460754,0.05572647973895073,wedge,0.6746290326118469,0.006244594231247902,farneback,low,0.0,0.9493447299798534,0.3271292448043823,0.635647653991992,7,0.026955666005960666
0.01591036096215248,0.011604484170675278,0.5159474015235901,0.0605081208050251,wedge,0.6746290326118469,0.006244594231247902,lucas_kanade,low,0.0,0.9493447299798534,0.18779392540454865,0.7647868333298434,7,0.07553266700415406
0.014347109012305737,0.010236289352178574,0.49173229932785034,0.054551880806684494,wedge,0.6746290326118469,0.006244594231247902,dis,low,0.0,0.9493447299798534,0.21439380943775177,0.7288928812092383,7,0.024119749999954365
0.037393927574157715,0.03385394811630249,0.44848811626434326,0.06290160119533539,wedge,0.6746290326118469,0.006244594231247902,tvl1,low,0.0,0.9493447299798534,0.2836134433746338,0.6647921962800916,7,1.2079334579902934
0.052267637103796005,0.04949100688099861,0.37471503019332886,0.07935076206922531,wedge,0.6746290326118469,0.006244594231247902,demons,low,0.0,0.9493447299798534,0.4175293445587158,0.5554386367610183,7,0.2507382079929812
0.019600827246904373,0.014020201750099659,0.6676730513572693,0.06860420852899551,wedge,0.6746290326118469,0.006244594231247902,raft,low,0.0,0.9493447299798534,0.017716793343424797,0.9896891759495625,7,0.12580262499977835
0.03842780739068985,0.03501671180129051,0.43455514311790466,0.06568272411823273,wedge,0.6746290326118469,0.006244594231247902,farneback,medium,0.0,0.9493447299798534,0.3261089324951172,0.6441394041930143,7,0.027314458013279364
0.027979811653494835,0.02377725951373577,0.5160176157951355,0.06397189944982529,wedge,0.6746290326118469,0.006244594231247902,lucas_kanade,medium,0.0,0.9493447299798534,0.193047896027565,0.7648909116723861,7,0.07492345799983013
0.02523825317621231,0.021186212077736855,0.49579769372940063,0.05866517499089241,wedge,0.6746290326118469,0.006244594231247902,dis,medium,0.0,0.9493447299798534,0.20855501294136047,0.7349189995721126,7,0.025750333006726578
0.0601329579949379,0.05668308213353157,0.46076327562332153,0.08185373991727829,wedge,0.6746290326118469,0.006244594231247902,tvl1,medium,0.0,0.9493447299798534,0.2750384509563446,0.6829876174161412,7,1.2480888749996666
0.09466024488210678,0.09205839782953262,0.3968091607093811,0.12204255163669586,wedge,0.6746290326118469,0.006244594231247902,demons,medium,3.440845415718642e-05,0.9493447299798534,0.4079185724258423,0.5881886807822698,7,0.25063941700500436
0.018025077879428864,0.012414751574397087,0.6695465445518494,0.06839663535356522,wedge,0.6746290326118469,0.006244594231247902,raft,medium,0.0,0.9493447299798534,0.015438667498528957,0.9924662476497335,7,0.12329537500045262
0.13655170798301697,0.13371318578720093,0.4661867916584015,0.16081248223781586,wedge,0.6746290326118469,0.006244594231247902,farneback,high,8.602113539296605e-05,0.9493447299798534,0.31623023748397827,0.6910268742119577,7,0.026135416002944112
0.08744803816080093,0.08358142524957657,0.5364742279052734,0.11029387265443802,wedge,0.6746290326118469,0.006244594231247902,lucas_kanade,high,2.1505283848241513e-05,0.9493447299798534,0.18887083232402802,0.7952136685080051,7,0.08484133299498353
0.08419254422187805,0.08052296936511993,0.5103368759155273,0.1060267761349678,wedge,0.6746290326118469,0.006244594231247902,dis,high,0.0,0.9493447299798534,0.1914864480495453,0.7564703729688931,7,0.02352612499089446
0.11765497922897339,0.11429242044687271,0.5081449747085571,0.13899725675582886,wedge,0.6746290326118469,0.006244594231247902,tvl1,high,4.3010567696483027e-05,0.9493447299798534,0.21934647858142853,0.7532213263061899,7,1.3494134159991518
0.21829526126384735,0.21614490449428558,0.4680142402648926,0.2554497718811035,wedge,0.6746290326118469,0.006244594231247902,demons,high,0.0011698874413443383,0.9493447299798534,0.39232537150382996,0.6937356941976854,7,0.24803449999308214
0.016592377796769142,0.010950085707008839,0.6718259453773499,0.06838057935237885,wedge,0.6746290326118469,0.006244594231247902,raft,high,0.0,0.9493447299798534,0.01105336844921112,0.9958449946578124,7,0.12615066599391866
0.018303874880075455,0.00842296238988638,0.23740899562835693,0.07187998294830322,wedge,0.830682635307312,0.036265723407268524,farneback,clean,0.0,1.0763270526432842,0.7782583236694336,0.28579987776020765,8,0.026707999990321696
0.027626190334558487,0.013833961449563503,0.3334631323814392,0.0988699272274971,wedge,0.830682635307312,0.036265723407268524,lucas_kanade,clean,0.0,1.0763270526432842,0.5718116760253906,0.4014326509402404,8,0.07438825001008809
0.012585817836225033,0.004391620866954327,0.1942887008190155,0.051979679614305496,wedge,0.830682635307312,0.036265723407268524,dis,clean,0.0,1.0763270526432842,0.7451960444450378,0.2338904083954255,8,0.021424416001536883
0.018870772793889046,0.00913391076028347,0.2347816675901413,0.06344427168369293,wedge,0.830682635307312,0.036265723407268524,tvl1,clean,0.0,1.0763270526432842,0.7316818237304688,0.28263702358877835,8,1.1816610420064535
0.0166852418333292,0.009703789837658405,0.17149604856967926,0.053733911365270615,wedge,0.830682635307312,0.036265723407268524,demons,clean,0.0,1.0763270526432842,0.8691462874412537,0.206451948410158,8,0.22931554200476967
0.05040131136775017,0.015992768108844757,0.8133962750434875,0.1780993491411209,wedge,0.830682635307312,0.036265723407268524,raft,clean,0.013814643782327307,1.0763270526432842,0.018599944189190865,0.97919017500898,8,0.12530333299946506
0.03045947663486004,0.021095825359225273,0.2380944937467575,0.0735514909029007,wedge,0.830682635307312,0.036265723407268524,farneback,low,0.0,1.0763270526432842,0.7776207327842712,0.28662510040151995,8,0.02858466601173859
0.03451409190893173,0.021013591438531876,0.3338819742202759,0.09925562888383865,wedge,0.830682635307312,0.036265723407268524,lucas_kanade,low,0.0,1.0763270526432842,0.5713124871253967,0.40193686496980385,8,0.07608629099559039
0.02192535810172558,0.013880137354135513,0.20032474398612976,0.05560813844203949,wedge,0.830682635307312,0.036265723407268524,dis,low,0.0,1.0763270526432842,0.7377461194992065,0.24115677332296634,8,0.02452633299981244
0.05216638743877411,0.044033233076334,0.23251569271087646,0.0786353126168251,wedge,0.830682635307312,0.036265723407268524,tvl1,low,0.0,1.0763270526432842,0.7356539964675903,0.2799091768962487,8,1.2080751250032336
0.05959709361195564,0.054361484944820404,0.175694540143013,0.08254649490118027,wedge,0.830682635307312,0.036265723407268524,demons,low,0.0,1.0763270526432842,0.8665916919708252,0.21150621509984327,8,0.24644833301135805
0.0501478910446167,0.015707150101661682,0.813856840133667,0.17815189063549042,wedge,0.830682635307312,0.036265723407268524,raft,low,0.013875291324802246,1.0763270526432842,0.018202755600214005,0.9797446167062102,8,0.12701262500195298
0.052181318402290344,0.04361629858613014,0.24210703372955322,0.08413096517324448,wedge,0.830682635307312,0.036265723407268524,farneback,medium,0.0,1.0763270526432842,0.7748059630393982,0.2914555131394861,8,0.028351458997349255
0.04730480909347534,0.03430166095495224,0.3356441557407379,0.1023789793252945,wedge,0.830682635307312,0.036265723407268524,lucas_kanade,medium,0.0,1.0763270526432842,0.571520984172821,0.4040582305137099,8,0.07632887500221841
0.03510783985257149,0.026553696021437645,0.22479231655597687,0.06669260561466217,wedge,0.830682635307312,0.036265723407268524,dis,medium,0.0,1.0763270526432842,0.706043541431427,0.2706115512729054,8,0.02458283399755601
0.07531387358903885,0.06697182357311249,0.26029524207115173,0.10023398697376251,wedge,0.830682635307312,0.036265723407268524,tvl1,medium,0.0,1.0763270526432842,0.6976895332336426,0.3133510091671234,8,1.2638308750028955
0.10433060675859451,0.10039820522069931,0.1915300488471985,0.12741903960704803,wedge,0.830682635307312,0.036265723407268524,demons,medium,0.0,1.0763270526432842,0.8628301620483398,0.23056946264001502,8,0.24590316700050607
0.049373868852853775,0.014857746660709381,0.8147544264793396,0.17820915579795837,wedge,0.830682635307312,0.036265723407268524,raft,medium,0.013961930671195017,1.0763270526432842,0.01680178940296173,0.9808251573453444,8,0.12502191700332332
0.15714596211910248,0.1517498791217804,0.2768018841743469,0.1858513355255127,wedge,0.830682635307312,0.036265723407268524,farneback,high,2.1659836598192703e-05,1.0763270526432842,0.7751204371452332,0.33322218668016784,8,0.026946250000037253
0.11078960448503494,0.10006164014339447,0.34867775440216064,0.14365655183792114,wedge,0.830682635307312,0.036265723407268524,lucas_kanade,high,0.0,1.0763270526432842,0.5752689838409424,0.4197484569701724,8,0.08567366600618698
0.1081945076584816,0.09940735250711441,0.30304592847824097,0.13371354341506958,wedge,0.830682635307312,0.036265723407268524,dis,high,0.0,1.0763270526432842,0.61817467212677,0.3648155331501889,8,0.024491374992066994
0.13400103151798248,0.12420361489057541,0.3512546718120575,0.16083896160125732,wedge,0.830682635307312,0.036265723407268524,tvl1,high,0.0,1.0763270526432842,0.5822916626930237,0.4228506253559886,8,1.3238032499939436
0.23910892009735107,0.23708589375019073,0.2839689552783966,0.2767135798931122,wedge,0.830682635307312,0.036265723407268524,demons,high,0.0004938442744387936,1.0763270526432842,0.8155768513679504,0.3418501160474385,8,0.2427122090011835
0.048812683671712875,0.01412151288241148,0.8180749416351318,0.1787392944097519,wedge,0.830682635307312,0.036265723407268524,raft,high,0.014364803631921401,1.0763270526432842,0.01436244510114193,0.9848224903996988,8,0.12392741699295584
0.006531504914164543,0.0038194889202713966,0.21845783293247223,0.03522750362753868,wedge,0.39979180693626404,0.005328881088644266,farneback,clean,0.0,0.5216577647381804,0.41818904876708984,0.5464289891445909,9,0.02616820900584571
0.007607854902744293,0.004292638972401619,0.266670286655426,0.03870990872383118,wedge,0.39979180693626404,0.005328881088644266,lucas_kanade,clean,0.0,0.5216577647381804,0.28290873765945435,0.667022890486446,9,0.07152187499741558
0.005217354279011488,0.0020576538518071175,0.2521272301673889,0.03360416367650032,wedge,0.39979180693626404,0.005328881088644266,dis,clean,0.0,0.5216577647381804,0.3051977753639221,0.6306463158900697,9,0.022228749992791563
0.008141978643834591,0.004947850480675697,0.2577422261238098,0.035269226878881454,wedge,0.39979180693626404,0.005328881088644266,tvl1,clean,0.0,0.5216577647381804,0.34457045793533325,0.6446911158559581,9,1.1629300420026993
0.008089710958302021,0.005788573995232582,0.18790850043296814,0.031550660729408264,wedge,0.39979180693626404,0.005328881088644266,demons,clean,0.0,0.5216577647381804,0.5791321992874146,0.47001588620080215,9,0.2229509169992525
0.01503521017730236,0.010151751339435577,0.3966456651687622,0.04795696213841438,wedge,0.39979180693626404,0.005328881088644266,raft,clean,0.0,0.5216577647381804,0.023707440122961998,0.9921305496688095,9,0.12817708299553487
0.01682513952255249,0.014252672903239727,0.2178465574979782,0.03740483522415161,wedge,0.39979180693626404,0.005328881088644266,farneback,low,0.0,0.5216577647381804,0.4180380403995514,0.5449000047484913,9,0.027081916996394284
0.013718614354729652,0.010493321344256401,0.2657541036605835,0.03939263895153999,wedge,0.39979180693626404,0.005328881088644266,lucas_kanade,low,0.0,0.5216577647381804,0.28447556495666504,0.6647312402351226,9,0.07622850000916515
0.012878111563622952,0.009781502187252045,0.2548578083515167,0.03532066568732262,wedge,0.39979180693626404,0.005328881088644266,dis,low,0.0,0.5216577647381804,0.29740220308303833,0.6374763162471383,9,0.026134625004488043
0.035303302109241486,0.03268894925713539,0.23959793150424957,0.04909023270010948,wedge,0.39979180693626404,0.005328881088644266,tvl1,low,0.0,0.5216577647381804,0.3758939504623413,0.5993067575355464,9,1.2072702919977019
0.05397786572575569,0.05219914764165878,0.19297324120998383,0.07736664265394211,wedge,0.39979180693626404,0.005328881088644266,demons,low,0.0,0.5216577647381804,0.5831120610237122,0.48268433184962234,9,0.24753270800283644
0.015234212391078472,0.010354212485253811,0.39657431840896606,0.048015277832746506,wedge,0.39979180693626404,0.005328881088644266,raft,low,0.0,0.5216577647381804,0.024468060582876205,0.9919520898840958,9,0.11860962500213645
0.03575993701815605,0.03336353972554207,0.22302289307117462,0.049989063292741776,wedge,0.39979180693626404,0.005328881088644266,farneback,medium,0.0,0.5216577647381804,0.4215756356716156,0.5578475826712717,9,0.027367832997697406
0.025591008365154266,0.022485021501779556,0.26830336451530457,0.044678058475255966,wedge,0.39979180693626404,0.005328881088644266,lucas_kanade,medium,0.0,0.5216577647381804,0.2824752926826477,0.6711077112144979,9,0.07715749999624677
0.023065943270921707,0.019982993602752686,0.2639782726764679,0.04122205078601837,wedge,0.39979180693626404,0.005328881088644266,dis,medium,0.0,0.5216577647381804,0.2818008065223694,0.6602893508484331,9,0.023430875007761642
0.05686860904097557,0.054546236991882324,0.238346666097641,0.0697617381811142,wedge,0.39979180693626404,0.005328881088644266,tvl1,medium,0.0,0.5216577647381804,0.38420557975769043,0.5961769650162914,9,1.236055875007878
0.09572272002696991,0.09424982964992523,0.2108192890882492,0.12072835862636566,wedge,0.39979180693626404,0.005328881088644266,demons,medium,0.0,0.5216577647381804,0.5994921922683716,0.5273226850340598,9,0.24448212499555666
0.013985930941998959,0.00906485877931118,0.39853549003601074,0.04791063442826271,wedge,0.39979180693626404,0.005328881088644266,raft,medium,0.0,0.5216577647381804,0.019249171018600464,0.9968575721701731,9,0.1183437080035219
0.1325598657131195,0.1309013068675995,0.2621668577194214,0.15283523499965668,wedge,0.39979180693626404,0.005328881088644266,farneback,high,0.0,0.5216577647381804,0.4415745735168457,0.6557584552032023,9,0.02570291700249072
0.08461946249008179,0.08214238286018372,0.27818742394447327,0.09912032634019852,wedge,0.39979180693626404,0.005328881088644266,lucas_kanade,high,0.0,0.5216577647381804,0.2909370958805084,0.6958307276887811,9,0.08695895900018513
0.08132075518369675,0.07881834357976913,0.2768672704696655,0.09531343728303909,wedge,0.39979180693626404,0.005328881088644266,dis,high,0.0,0.5216577647381804,0.28693875670433044,0.6925286253147367,9,0.02574704099970404
0.11371488869190216,0.11169254034757614,0.27174806594848633,0.1298571079969406,wedge,0.39979180693626404,0.005328881088644266,tvl1,high,0.0,0.5216577647381804,0.36582401394844055,0.6797239494000166,9,1.3369929579930613
0.21929962933063507,0.2182883471250534,0.29832327365875244,0.255126029253006,wedge,0.39979180693626404,0.005328881088644266,demons,high,0.0006101011530027587,0.5216577647381804,0.6006295680999756,0.7461965665202138,9,0.2470818340079859
0.020951848477125168,0.016263172030448914,0.38734114170074463,0.04913376271724701,wedge,0.39979180693626404,0.005328881088644266,raft,high,0.0,0.5216577647381804,0.017335155978798866,0.9688571275861481,9,0.12409266699978616
0.016086436808109283,0.007847667671740055,0.26711833477020264,0.07104524970054626,wedge,0.9016001224517822,0.02908286638557911,farneback,clean,0.0,1.175122837784142,0.7473082542419434,0.2962714047152186,10,0.0269901249994291
0.024229852482676506,0.012427343986928463,0.3838474154472351,0.09881015121936798,wedge,0.9016001224517822,0.02908286638557911,lucas_kanade,clean,0.0,1.175122837784142,0.5390644669532776,0.42574019888485914,10,0.07161908299895003
0.011017413809895515,0.0039418283849954605,0.22660759091377258,0.05270955339074135,wedge,0.9016001224517822,0.02908286638557911,dis,clean,0.0,1.175122837784142,0.7287182807922363,0.25133935241439764,10,0.022756708989618346
0.015813257545232773,0.007126338314265013,0.2805001139640808,0.06396947801113129,wedge,0.9016001224517822,0.02908286638557911,tvl1,clean,0.0,1.175122837784142,0.6927340626716614,0.31111366001293106,10,1.143007666003541
0.014966798014938831,0.00827490258961916,0.21886606514453888,0.05706486850976944,wedge,0.9016001224517822,0.02908286638557911,demons,clean,0.0,1.175122837784142,0.8311704993247986,0.24275292304681767,10,0.23001241699967068
0.044719696044921875,0.01765308529138565,0.8694281578063965,0.1643579751253128,wedge,0.9016001224517822,0.02908286638557911,raft,clean,0.014890075405452114,1.175122837784142,0.02850506268441677,0.9643168142458783,10,0.12512254100874998
0.028359094634652138,0.020498912781476974,0.2678556740283966,0.0728585422039032,wedge,0.9016001224517822,0.02908286638557911,farneback,low,0.0,1.175122837784142,0.7468305230140686,0.2970892165586652,10,0.026444000002811663
0.03147101029753685,0.01989438757300377,0.3842059075832367,0.09936847537755966,wedge,0.9016001224517822,0.02908286638557911,lucas_kanade,low,0.0,1.175122837784142,0.5387780666351318,0.4261378165504676,10,0.07426637499884237
0.020352616906166077,0.013364129699766636,0.23328900337219238,0.0560031533241272,wedge,0.9016001224517822,0.02908286638557911,dis,low,0.0,1.175122837784142,0.7201218008995056,0.2587499685978234,10,0.02484875000664033
0.0480554923415184,0.040609974414110184,0.2749173045158386,0.07733622938394547,wedge,0.9016001224517822,0.02908286638557911,tvl1,low,0.0,1.175122837784142,0.6979784369468689,0.304921547446375,10,1.1957015829975717
0.06274668872356415,0.05760041996836662,0.21955139935016632,0.08913519233465195,wedge,0.9016001224517822,0.02908286638557911,demons,low,0.0,1.175122837784142,0.8320048451423645,0.24351305405008747,10,0.24587745900498703
0.04486308991909027,0.0178036130964756,0.8693540692329407,0.16435515880584717,wedge,0.9016001224517822,0.02908286638557911,raft,low,0.014894623382057322,1.175122837784142,0.028928525745868683,0.9642346397079532,10,0.1252822499955073
0.04946095123887062,0.04207919165492058,0.27438029646873474,0.08284051716327667,wedge,0.9016001224517822,0.02908286638557911,farneback,medium,0.0,1.175122837784142,0.7395578622817993,0.30432593079356934,10,0.02683891699416563
0.044123776257038116,0.032854124903678894,0.387505441904068,0.10217694193124771,wedge,0.9016001224517822,0.02908286638557911,lucas_kanade,medium,0.0,1.175122837784142,0.5358416438102722,0.4297974592664187,10,0.07561512499523815
0.0333479568362236,0.025706885382533073,0.26616817712783813,0.06737649440765381,wedge,0.9016001224517822,0.02908286638557911,dis,medium,0.0,1.175122837784142,0.6791147589683533,0.29521754766850405,10,0.025448833010159433
0.06898760050535202,0.061126627027988434,0.3085083067417145,0.09700176864862442,wedge,0.9016001224517822,0.02908286638557911,tvl1,medium,0.0,1.175122837784142,0.656549334526062,0.34217864334663906,10,1.236438125008135
0.10734173655509949,0.10292266309261322,0.2419891059398651,0.13447339832782745,wedge,0.9016001224517822,0.02908286638557911,demons,medium,1.8191906420833372e-05,1.175122837784142,0.8179649114608765,0.26839959302779126,10,0.2529648339987034
0.04370894283056259,0.01648736372590065,0.8731391429901123,0.1648101955652237,wedge,0.9016001224517822,0.02908286638557911,raft,medium,0.01504015863342399,1.175122837784142,0.025364570319652557,0.9684328132251424,10,0.11924441700102761
0.15649470686912537,0.15113909542560577,0.3196778893470764,0.18532051146030426,wedge,0.9016001224517822,0.02908286638557911,farneback,high,7.731560228854182e-05,1.175122837784142,0.7333452105522156,0.3545672647844753,10,0.026853000003029592
0.10940567404031754,0.09967521578073502,0.4058883488178253,0.1447703242301941,wedge,0.9016001224517822,0.02908286638557911,lucas_kanade,high,4.547976605208343e-05,1.175122837784142,0.5383999943733215,0.4501866611486982,10,0.08592991701152641
0.10780082643032074,0.0997868999838829,0.35198190808296204,0.13427318632602692,wedge,0.9016001224517822,0.02908286638557911,dis,high,0.0,1.175122837784142,0.593650221824646,0.39039691690124645,10,0.026491583994356915
0.1277170479297638,0.11838645488023758,0.4120161533355713,0.15689384937286377,wedge,0.9016001224517822,0.02908286638557911,tvl1,high,0.0,1.175122837784142,0.5321841239929199,0.4569832490873536,10,1.3228226249921136
0.24393387138843536,0.24110744893550873,0.3300538659095764,0.28370925784111023,wedge,0.9016001224517822,0.02908286638557911,demons,high,0.0006594566077552098,1.175122837784142,0.7888038754463196,0.3660756666847367,10,0.24286270899756346
0.042781535536050797,0.015120108611881733,0.8856138586997986,0.16670536994934082,wedge,0.9016001224517822,0.02908286638557911,raft,high,0.015599559755864616,1.175122837784142,0.015381062403321266,0.9822690088944186,10,0.12280762501177378
0.010549906641244888,0.005248415749520063,0.1350531429052353,0.04277363792061806,wedge,0.5414882898330688,0.022296663373708725,farneback,clean,0.0,0.6977241853016515,0.8276417851448059,0.24941101301908072,11,0.026849417001358233
0.015398955903947353,0.007970824837684631,0.18984539806842804,0.05718807503581047,wedge,0.5414882898330688,0.022296663373708725,lucas_kanade,clean,0.0,0.6977241853016515,0.6482519507408142,0.35059926804133473,11,0.0700229169888189
0.007737148553133011,0.002795243402943015,0.12379567325115204,0.03226860240101814,wedge,0.5414882898330688,0.022296663373708725,dis,clean,0.0,0.6977241853016515,0.7561362981796265,0.22862114578565684,11,0.021933374999207444
0.012930150143802166,0.0063837748020887375,0.16666898131370544,0.04346540570259094,wedge,0.5414882898330688,0.022296663373708725,tvl1,clean,0.0,0.6977241853016515,0.7369301915168762,0.30779794215879813,11,1.171358791005332
0.011707112193107605,0.007136072497814894,0.11905602365732193,0.0355692058801651,wedge,0.5414882898330688,0.022296663373708725,demons,clean,0.0,0.6977241853016515,0.9036725759506226,0.21986814099714838,11,0.24116925000271294
0.03457780182361603,0.013632155023515224,0.5264773368835449,0.11244283616542816,wedge,0.5414882898330688,0.022296663373708725,raft,clean,0.0,0.6977241853016515,0.025790134444832802,0.9722783424288796,11,0.12935366699821316
0.023617124184966087,0.018849868327379227,0.13557404279708862,0.045945923775434494,wedge,0.5414882898330688,0.022296663373708725,farneback,low,0.0,0.6977241853016515,0.8283607363700867,0.2503729911479409,11,0.028242959000635892
0.022919202223420143,0.01581939123570919,0.18965522944927216,0.05795479193329811,wedge,0.5414882898330688,0.022296663373708725,lucas_kanade,low,0.0,0.6977241853016515,0.6485190391540527,0.35024807186086976,11,0.07374037500994746
0.0174169410020113,0.012702266685664654,0.12813903391361237,0.036028679460287094,wedge,0.5414882898330688,0.022296663373708725,dis,low,0.0,0.6977241853016515,0.7454985976219177,0.236642299232575,11,0.025491459004115313
0.046099863946437836,0.04149699956178665,0.15419624745845795,0.06102178618311882,wedge,0.5414882898330688,0.022296663373708725,tvl1,low,0.0,0.6977241853016515,0.7554313540458679,0.2847637711722148,11,1.213864958990598
0.06020807474851608,0.057628583163022995,0.12078631669282913,0.07874026149511337,wedge,0.5414882898330688,0.022296663373708725,demons,low,0.0,0.6977241853016515,0.9089582562446594,0.22306358043322672,11,0.24550145800458267
0.03519716486334801,0.014292390085756779,0.5261368751525879,0.11246755719184875,wedge,0.5414882898330688,0.022296663373708725,raft,low,0.0,0.6977241853016515,0.026790965348482132,0.971649590639876,11,0.12551554200763348
0.046381160616874695,0.042303383350372314,0.142146036028862,0.06238372251391411,wedge,0.5414882898330688,0.022296663373708725,farneback,medium,0.0,0.6977241853016515,0.8258434534072876,0.26250989854772866,11,0.0272447080060374
0.036492496728897095,0.029802072793245316,0.19361427426338196,0.0633804053068161,wedge,0.5414882898330688,0.022296663373708725,lucas_kanade,medium,0.0,0.6977241853016515,0.6442092061042786,0.3575594854010043,11,0.0732023750024382
0.030741412192583084,0.025886962190270424,0.1447460800409317,0.04748978093266487,wedge,0.5414882898330688,0.022296663373708725,dis,medium,0.0,0.6977241853016515,0.7157067656517029,0.2673115610414296,11,0.023865583003498614
0.06626791507005692,0.06209274008870125,0.1643202304840088,0.0803142637014389,wedge,0.5414882898330688,0.022296663373708725,tvl1,medium,0.0,0.6977241853016515,0.7368298172950745,0.3034603583665046,11,1.2542156670097029
0.1087406650185585,0.10696467757225037,0.15044887363910675,0.13232196867465973,wedge,0.5414882898330688,0.022296663373708725,demons,medium,0.0,0.6977241853016515,0.8923008441925049,0.2778432635828329,11,0.24580441699072253
0.03620610758662224,0.01539997011423111,0.5248293280601501,0.11242648959159851,wedge,0.5414882898330688,0.022296663373708725,raft,medium,0.0,0.6977241853016515,0.0297086201608181,0.9692348623493698,11,0.12375408399384469
0.15786679089069366,0.15604864060878754,0.20056545734405518,0.18371990323066711,wedge,0.5414882898330688,0.022296663373708725,farneback,high,2.5204915966810166e-05,0.6977241853016515,0.8657225370407104,0.3703966662065507,11,0.027211832988541573
0.10324367135763168,0.09879782795906067,0.20765239000320435,0.12179730832576752,wedge,0.5414882898330688,0.022296663373708725,lucas_kanade,high,0.0,0.6977241853016515,0.6716716885566711,0.38348454417586736,11,0.08924770899466239
0.1066712886095047,0.10308871418237686,0.190806582570076,0.12394284456968307,wedge,0.5414882898330688,0.022296663373708725,dis,high,0.0,0.6977241853016515,0.6758124828338623,0.35237434705909937,11,0.024382042000070214
0.12152767181396484,0.117861308157444,0.2076302468776703,0.1386687308549881,wedge,0.5414882898330688,0.022296663373708725,tvl1,high,0.0,0.6977241853016515,0.6734943985939026,0.3834436510929516,11,1.2993563330092002
0.24803577363491058,0.24763239920139313,0.2575088143348694,0.288644939661026,wedge,0.5414882898330688,0.022296663373708725,demons,high,0.0009577868067387863,0.6977241853016515,0.917506217956543,0.47555749435367245,11,0.25102695800887886
0.034926943480968475,0.013373388908803463,0.541102945804596,0.1151120662689209,wedge,0.5414882898330688,0.022296663373708725,raft,high,0.0,0.6977241853016515,0.018293913453817368,0.9992883612892318,11,0.12607970800308976
0.010930212214589119,0.005239351186901331,0.3120012581348419,0.05777755752205849,wedge,0.7097547054290771,0.013521435670554638,farneback,clean,0.0,0.9331382127039693,0.5588908791542053,0.4395902637182571,12,0.025687332992674783
0.015125964768230915,0.007604658138006926,0.41303545236587524,0.07401483505964279,wedge,0.7097547054290771,0.013521435670554638,lucas_kanade,clean,0.0,0.9331382127039693,0.3206762671470642,0.5819411258656998,12,0.07102312499773689
0.00863628275692463,0.0027642452623695135,0.3192923665046692,0.052566491067409515,wedge,0.7097547054290771,0.013521435670554638,dis,clean,0.0,0.9331382127039693,0.48766088485717773,0.449862979508735,12,0.022378042005584575
0.01264131162315607,0.006222032476216555,0.3522488474845886,0.05840223655104637,wedge,0.7097547054290771,0.013521435670554638,tvl1,clean,0.0,0.9331382127039693,0.47940218448638916,0.4962966004876841,12,1.1715297919872683
0.01099066250026226,0.0060111661441624165,0.27442747354507446,0.05012757331132889,wedge,0.7097547054290771,0.013521435670554638,demons,clean,0.0,0.9331382127039693,0.6474190950393677,0.3866511506664423,12,0.22727166599361226
0.022751517593860626,0.009957854636013508,0.6995915770530701,0.10099723190069199,wedge,0.7097547054290771,0.013521435670554638,raft,clean,0.0,0.9331382127039693,0.020052801817655563,0.98568078760413,12,0.11890366599254776
0.021627528592944145,0.01612982526421547,0.31247973442077637,0.05917830765247345,wedge,0.7097547054290771,0.013521435670554638,farneback,low,0.0,0.9331382127039693,0.5581852197647095,0.44026440688669893,12,0.0266657909960486
0.021408909931778908,0.01399017684161663,0.41389185190200806,0.07445146888494492,wedge,0.7097547054290771,0.013521435670554638,lucas_kanade,low,0.0,0.9331382127039693,0.3187653720378876,0.5831477392626692,12,0.07423341699177399
0.016638493165373802,0.010836946777999401,0.3235653340816498,0.05428776890039444,wedge,0.7097547054290771,0.013521435670554638,dis,low,0.0,0.9331382127039693,0.47931456565856934,0.45588332364213163,12,0.02566704100172501
0.04183182865381241,0.03620881959795952,0.3393130600452423,0.06896690279245377,wedge,0.7097547054290771,0.013521435670554638,tvl1,low,0.0,0.9331382127039693,0.49050435423851013,0.4780708848419864,12,1.2200291250046575
0.05186318978667259,0.047587379813194275,0.27807191014289856,0.07711511105298996,wedge,0.7097547054290771,0.013521435670554638,demons,low,1.2619995120268554e-05,0.9331382127039693,0.6429403424263,0.3917859339513532,12,0.25163570800214075
0.02269585430622101,0.009899917989969254,0.6996560096740723,0.1010352149605751,wedge,0.7097547054290771,0.013521435670554638,raft,low,0.0,0.9331382127039693,0.020664658397436142,0.9857715691382423,12,0.12392183300107718
0.04126335680484772,0.03610396385192871,0.31421759724617004,0.06886199861764908,wedge,0.7097547054290771,0.013521435670554638,farneback,medium,0.0,0.9331382127039693,0.5523263216018677,0.44271294694159447,12,0.026666207995731384
0.033435046672821045,0.02625969424843788,0.41304200887680054,0.07753148674964905,wedge,0.7097547054290771,0.013521435670554638,lucas_kanade,medium,0.0,0.9331382127039693,0.3229326903820038,0.5819503635796243,12,0.0752380420017289
0.02786535583436489,0.021908728405833244,0.3429965674877167,0.06179120019078255,wedge,0.7097547054290771,0.013521435670554638,dis,medium,0.0,0.9331382127039693,0.4440721869468689,0.48326071650396535,12,0.02375150000443682
0.06517226248979568,0.05983595550060272,0.34748563170433044,0.08805562555789948,wedge,0.7097547054290771,0.013521435670554638,tvl1,medium,0.0,0.9331382127039693,0.4724251627922058,0.4895855272903904,12,1.2549688750004862
0.0938558429479599,0.09012008458375931,0.29149341583251953,0.11852844804525375,wedge,0.7097547054290771,0.013521435670554638,demons,medium,0.00010095996096214843,0.9331382127039693,0.6222575306892395,0.4106959962404184,12,0.2495796250004787
0.022434385493397713,0.009673872031271458,0.6975206136703491,0.10077313333749771,wedge,0.7097547054290771,0.013521435670554638,raft,medium,0.0,0.9331382127039693,0.022915109992027283,0.9827629296922632,12,0.12688383299973793
0.1378072053194046,0.1338016539812088,0.34971845149993896,0.16206516325473785,wedge,0.7097547054290771,0.013521435670554638,farneback,high,3.3653320320716144e-05,0.9331382127039693,0.5791108012199402,0.49273143076736514,12,0.02621920799720101
0.09125696867704391,0.08487281948328018,0.4290063679218292,0.1180829405784607,wedge,0.7097547054290771,0.013521435670554638,lucas_kanade,high,0.0,0.9331382127039693,0.3295898139476776,0.6044431472454649,12,0.08627962500031572
0.08681084215641022,0.08090304583311081,0.3993585407733917,0.11061666160821915,wedge,0.7097547054290771,0.013521435670554638,dis,high,0.0,0.9331382127039693,0.3835960924625397,0.5626712126296681,12,0.025750749991857447
0.12034747749567032,0.11473361402750015,0.41734579205513,0.1432846486568451,wedge,0.7097547054290771,0.013521435670554638,tvl1,high,0.0,0.9331382127039693,0.39132705330848694,0.5880141249684658,12,1.349553416002891
0.21635769307613373,0.21364310383796692,0.3599710166454315,0.24995023012161255,wedge,0.7097547054290771,0.013521435670554638,demons,high,0.00028605322272608723,0.9331382127039693,0.6231940984725952,0.5071766539790865,12,0.28491220899741165
0.028243541717529297,0.015536932274699211,0.7004779577255249,0.10195659101009369,wedge,0.7097547054290771,0.013521435670554638,raft,high,0.0,0.9331382127039693,0.027487391605973244,0.9869296425474995,12,0.13390270801028237
0.014306030236184597,0.007122908718883991,0.2556518018245697,0.06346727907657623,wedge,0.714216411113739,0.021022053435444832,farneback,clean,0.0,0.9343873637886305,0.6732385754585266,0.3579472521863645,13,0.029627292009536177
0.021016348153352737,0.010798835195600986,0.3643146753311157,0.08610847592353821,wedge,0.714216411113739,0.021022053435444832,lucas_kanade,clean,0.0,0.9343873637886305,0.4248776435852051,0.5100900366641093,13,0.08106958399002906
0.010815317742526531,0.0038121812976896763,0.24611373245716095,0.053053952753543854,wedge,0.714216411113739,0.021022053435444832,dis,clean,0.0,0.9343873637886305,0.6322555541992188,0.34459265935009065,13,0.028453709004679695
0.015074142254889011,0.007023272104561329,0.28557536005973816,0.06085709109902382,wedge,0.714216411113739,0.021022053435444832,tvl1,clean,0.0,0.9343873637886305,0.6226162314414978,0.39984429875311317,13,1.2897930839972105
0.014197447337210178,0.00843252893537283,0.20789296925067902,0.05208364129066467,wedge,0.714216411113739,0.021022053435444832,demons,clean,0.0,0.9343873637886305,0.7924957871437073,0.29107839866980045,13,0.2548300000053132
0.03084588423371315,0.010958191938698292,0.6990524530410767,0.12572593986988068,wedge,0.714216411113739,0.021022053435444832,raft,clean,0.0,0.9343873637886305,0.012964076362550259,0.9787683987140314,13,0.13893441698746756
0.024891244247555733,0.01805843785405159,0.2544667720794678,0.06443293392658234,wedge,0.714216411113739,0.021022053435444832,farneback,low,0.0,0.9343873637886305,0.674639880657196,0.3562880495600148,13,0.027346750008291565
0.027395686134696007,0.017389683052897453,0.3635873794555664,0.08628056198358536,wedge,0.714216411113739,0.021022053435444832,lucas_kanade,low,0.0,0.9343873637886305,0.42515429854393005,0.5090717236370883,13,0.079266083004768
0.01894928328692913,0.01208593137562275,0.24955102801322937,0.05485387519001961,wedge,0.714216411113739,0.021022053435444832,dis,low,0.0,0.9343873637886305,0.6251932978630066,0.34940534007624247,13,0.027758291995269246
0.04323369264602661,0.03632713109254837,0.27528730034828186,0.07089285552501678,wedge,0.714216411113739,0.021022053435444832,tvl1,low,0.0,0.9343873637886305,0.6273888945579529,0.3854396175509363,13,1.2842055420042016
0.06400054693222046,0.05959681421518326,0.21196140348911285,0.09348291158676147,wedge,0.714216411113739,0.021022053435444832,demons,low,0.0,0.9343873637886305,0.793412446975708,0.2967747592898114,13,0.27905974999885075
0.030846407637000084,0.010949362069368362,0.6993674039840698,0.12582643330097198,wedge,0.714216411113739,0.021022053435444832,raft,low,0.0,0.9343873637886305,0.012156588025391102,0.9792093728194878,13,0.12400341600005049
0.04468671977519989,0.03828353434801102,0.25982725620269775,0.07410531491041183,wedge,0.714216411113739,0.021022053435444832,farneback,medium,0.0,0.9343873637886305,0.6715251803398132,0.36379345554035475,13,0.026302624988602474
0.03935965895652771,0.029657680541276932,0.36533644795417786,0.08919889479875565,wedge,0.714216411113739,0.021022053435444832,lucas_kanade,medium,0.0,0.9343873637886305,0.4255981743335724,0.5115206571415482,13,0.07607400001143105
0.03129437938332558,0.02403688244521618,0.2751389741897583,0.06468242406845093,wedge,0.714216411113739,0.021022053435444832,dis,medium,0.0,0.9343873637886305,0.5874420404434204,0.3852319407792807,13,0.025718290999066085
0.06379282474517822,0.05703787878155708,0.2907524108886719,0.08828739821910858,wedge,0.714216411113739,0.021022053435444832,tvl1,medium,0.0,0.9343873637886305,0.6077709197998047,0.40709287320250265,13,1.2620762500009732
0.10650040954351425,0.10268668085336685,0.23463846743106842,0.13698740303516388,wedge,0.714216411113739,0.021022053435444832,demons,medium,0.0001336891521536808,0.9343873637886305,0.7790411114692688,0.32852572942867064,13,0.24670008399698418
0.03082415647804737,0.010909375734627247,0.6999410390853882,0.12583981454372406,wedge,0.714216411113739,0.021022053435444832,raft,medium,0.0,0.9343873637886305,0.011137112975120544,0.9800125398881692,13,0.12676666700281203
0.14277048408985138,0.13857971131801605,0.2835763096809387,0.1676587611436844,wedge,0.714216411113739,0.021022053435444832,farneback,high,0.0,0.9343873637886305,0.7112891674041748,0.39704535665700236,13,0.026140874993870966
0.09793166071176529,0.08985566347837448,0.36927735805511475,0.1277962028980255,wedge,0.714216411113739,0.021022053435444832,lucas_kanade,high,0.0,0.9343873637886305,0.4526310861110687,0.5170384666452411,13,0.09346183399611618
0.09399347752332687,0.08703780919313431,0.32769718766212463,0.1179918721318245,wedge,0.714216411113739,0.021022053435444832,dis,high,0.0,0.9343873637886305,0.5273710489273071,0.45882057953711575,13,0.02555062499595806
0.12009593844413757,0.1132601723074913,0.3497709333896637,0.14349019527435303,wedge,0.714216411113739,0.021022053435444832,tvl1,high,0.0,0.9343873637886305,0.5357115864753723,0.48972682221658254,13,1.3207772500027204
0.23673731088638306,0.23432399332523346,0.31782278418540955,0.2781825363636017,wedge,0.714216411113739,0.021022053435444832,demons,high,0.0015528509211696771,0.9343873637886305,0.7721062302589417,0.44499507325769955,13,0.24351558298803866
0.03300086781382561,0.01311536692082882,0.7011339068412781,0.12609583139419556,wedge,0.714216411113739,0.021022053435444832,raft,high,0.0,0.9343873637886305,0.02257966250181198,0.9816827167943953,13,0.12404549999337178
0.003918082918971777,0.0024589740205556154,0.13242647051811218,0.0218433178961277,wedge,0.2638135552406311,0.00307437009178102,farneback,clean,0.0,0.3458377850122261,0.4948602616786957,0.501969924924148,14,0.026917208000668325
0.0044157858937978745,0.0025837505236268044,0.16576895117759705,0.02333538420498371,wedge,0.2638135552406311,0.00307437009178102,lucas_kanade,clean,0.0,0.3458377850122261,0.31638383865356445,0.6283564581296626,14,0.07505195899284445
0.0030347739811986685,0.001258155214600265,0.15950725972652435,0.020208708941936493,wedge,0.2638135552406311,0.00307437009178102,dis,clean,0.0,0.3458377850122261,0.33983439207077026,0.60462116732794,14,0.02418775000842288
0.0064985789358615875,0.00477245170623064,0.1585240513086319,0.022045595571398735,wedge,0.2638135552406311,0.00307437009178102,tvl1,clean,0.0,0.3458377850122261,0.413368821144104,0.6008942609641041,14,1.2275629159994423
0.005159110762178898,0.004051695577800274,0.10269271582365036,0.018270498141646385,wedge,0.2638135552406311,0.00307437009178102,demons,clean,0.0,0.3458377850122261,0.6993129253387451,0.3892624688294796,14,0.2284311660041567
0.012384025380015373,0.009526859037578106,0.2640237510204315,0.031246542930603027,wedge,0.2638135552406311,0.00307437009178102,raft,clean,0.0,0.3458377850122261,0.02293475717306137,1.0007967588307154,14,0.13537766599620227
0.015710731968283653,0.01437549851834774,0.13330905139446259,0.02617417462170124,wedge,0.2638135552406311,0.00307437009178102,farneback,low,0.0,0.3458377850122261,0.49602848291397095,0.5053153969774904,14,0.02850212500197813
0.010963032953441143,0.009201865643262863,0.16607478260993958,0.02467946521937847,wedge,0.2638135552406311,0.00307437009178102,lucas_kanade,low,0.0,0.3458377850122261,0.31775563955307007,0.6295157292371065,14,0.07863225000619423
0.011430724523961544,0.00972159206867218,0.16195957362651825,0.0229624155908823,wedge,0.2638135552406311,0.00307437009178102,dis,low,0.0,0.3458377850122261,0.32776719331741333,0.6139167999869861,14,0.024570499997935258
0.03866388276219368,0.03743554279208183,0.14684787392616272,0.04706951975822449,wedge,0.2638135552406311,0.00307437009178102,tvl1,low,0.0,0.3458377850122261,0.45091328024864197,0.5566350591508424,14,1.2184444580052514
0.0444590263068676,0.04374789819121361,0.10709051042795181,0.05588691309094429,wedge,0.2638135552406311,0.00307437009178102,demons,low,0.0,0.3458377850122261,0.718065083026886,0.40593255464175,14,0.2587638330005575
0.01194695197045803,0.009076769463717937,0.26473304629325867,0.03115774877369404,wedge,0.2638135552406311,0.00307437009178102,raft,low,0.0,0.3458377850122261,0.022632604464888573,1.0034853821358378,14,0.12962408299790695
0.03665098175406456,0.03553051874041557,0.1353333741426468,0.04487951844930649,wedge,0.2638135552406311,0.00307437009178102,farneback,medium,0.0,0.3458377850122261,0.5048711895942688,0.5129887052968365,14,0.027120458005811088
0.02345370315015316,0.021824028342962265,0.1669844090938568,0.03264467790722847,wedge,0.2638135552406311,0.00307437009178102,lucas_kanade,medium,0.0,0.3458377850122261,0.3149549961090088,0.6329637191748774,14,0.08102312500705011
0.022333309054374695,0.020692545920610428,0.16684040427207947,0.03107733279466629,wedge,0.2638135552406311,0.00307437009178102,dis,medium,0.0,0.3458377850122261,0.31420496106147766,0.632417860863518,14,0.025741958001162857
0.06393331289291382,0.06297522038221359,0.14831621944904327,0.07405572384595871,wedge,0.2638135552406311,0.00307437009178102,tvl1,medium,0.0,0.3458377850122261,0.49456003308296204,0.5622009047782258,14,1.3134798749961192
0.08885648101568222,0.08840638399124146,0.12849868834018707,0.10530252754688263,wedge,0.2638135552406311,0.00307437009178102,demons,medium,0.0,0.3458377850122261,0.6929907202720642,0.4870814474373014,14,0.2747037920053117
0.010809892788529396,0.007932821288704872,0.2642027735710144,0.030623439699411392,wedge,0.2638135552406311,0.00307437009178102,raft,medium,0.0,0.3458377850122261,0.01873103156685829,1.0014753537968444,14,0.1393790409929352
0.1403481364250183,0.1395554542541504,0.21016272902488708,0.16168078780174255,wedge,0.2638135552406311,0.00307437009178102,farneback,high,0.0,0.3458377850122261,0.642769455909729,0.7966335499068358,14,0.02693100000033155
0.08563041687011719,0.0843646228313446,0.19711267948150635,0.09812680631875992,wedge,0.2638135552406311,0.00307437009178102,lucas_kanade,high,0.0,0.3458377850122261,0.38661396503448486,0.7471666090156543,14,0.08651754099992104
0.08409358561038971,0.08285792171955109,0.1929239183664322,0.0961223691701889,wedge,0.2638135552406311,0.00307437009178102,dis,high,0.0,0.3458377850122261,0.3736400008201599,0.7312888763068347,14,0.025077625003177673
0.11928096413612366,0.11830905824899673,0.20488032698631287,0.13468758761882782,wedge,0.2638135552406311,0.00307437009178102,tvl1,high,0.0,0.3458377850122261,0.5018251538276672,0.7766103102603513,14,1.4096524999913527
0.215499609708786,0.21504251658916473,0.2557588815689087,0.24823077023029327,wedge,0.2638135552406311,0.00307437009178102,demons,high,0.00014098861214838449,0.3458377850122261,0.8683685660362244,0.9694683100556545,14,0.25745916699816007
0.016361065208911896,0.013543834909796715,0.2644835114479065,0.03281296789646149,wedge,0.2638135552406311,0.00307437009178102,raft,high,0.0,0.3458377850122261,0.044094596058130264,1.0025395063823173,14,0.125622999999905
0.008808193728327751,0.004550666082650423,0.17117314040660858,0.0396159403026104,wedge,0.4711377024650574,0.012246208265423775,farneback,clean,0.0,0.6128993602874082,0.6502847075462341,0.3633187059982827,15,0.03652679100923706
0.012679850682616234,0.00659647211432457,0.24467547237873077,0.05390709266066551,wedge,0.4711377024650574,0.012246208265423775,lucas_kanade,clean,0.0,0.6128993602874082,0.42241182923316956,0.5193290010511895,15,0.0717592919972958
0.0067917597480118275,0.002471576677635312,0.17154616117477417,0.03428483381867409,wedge,0.4711377024650574,0.012246208265423775,dis,clean,0.0,0.6128993602874082,0.5765254497528076,0.3641104506755053,15,0.025089708011364564
0.010962515138089657,0.0060022673569619656,0.20012645423412323,0.04086953029036522,wedge,0.4711377024650574,0.012246208265423775,tvl1,clean,0.0,0.6128993602874082,0.5641764998435974,0.42477274305799356,15,1.1979185419913847
0.010028325952589512,0.006394971162080765,0.14858980476856232,0.03478173911571503,wedge,0.4711377024650574,0.012246208265423775,demons,clean,0.0,0.6128993602874082,0.7745276093482971,0.31538508591250497,15,0.23020983299647924
0.023443592712283134,0.011924032121896744,0.4627532958984375,0.07856225222349167,wedge,0.4711377024650574,0.012246208265423775,raft,clean,0.0,0.6128993602874082,0.017131568863987923,0.982203915070368,15,0.12890525000693742
0.019452998414635658,0.015437531284987926,0.1725868135690689,0.04192744195461273,wedge,0.4711377024650574,0.012246208265423775,farneback,low,0.0,0.6128993602874082,0.6489546298980713,0.3663192579708033,15,0.026722125010564923
0.01894107274711132,0.013014653697609901,0.2449507862329483,0.054518166929483414,wedge,0.4711377024650574,0.012246208265423775,lucas_kanade,low,0.0,0.6128993602874082,0.4225807189941406,0.5199133606827304,15,0.07487174999550916
0.014947090297937393,0.010733588598668575,0.17563308775424957,0.03681942820549011,wedge,0.4711377024650574,0.012246208265423775,dis,low,0.0,0.6128993602874082,0.5684739351272583,0.37278504105129573,15,0.024278500000946224
0.03935128077864647,0.03541918098926544,0.18930557370185852,0.054819412529468536,wedge,0.4711377024650574,0.012246208265423775,tvl1,low,0.0,0.6128993602874082,0.5924181938171387,0.40180518925016123,15,1.2418915830057813
0.05244666337966919,0.04985543340444565,0.15126585960388184,0.07246479392051697,wedge,0.4711377024650574,0.012246208265423775,demons,low,0.0,0.6128993602874082,0.7764251828193665,0.3210650703869336,15,0.26853637500607874
0.02345295436680317,0.01192430779337883,0.4631090760231018,0.07862120121717453,wedge,0.4711377024650574,0.012246208265423775,raft,low,0.0,0.6128993602874082,0.017190054059028625,0.9829590661075336,15,0.1240176249993965
0.03845987468957901,0.03494264930486679,0.17259250581264496,0.053806670010089874,wedge,0.4711377024650574,0.012246208265423775,farneback,medium,0.0,0.6128993602874082,0.6552159190177917,0.3663313398813493,15,0.02683437499217689
0.030428441241383553,0.02479621395468712,0.24521894752979279,0.05806584283709526,wedge,0.4711377024650574,0.012246208265423775,lucas_kanade,medium,0.0,0.6128993602874082,0.42483747005462646,0.5204825388559936,15,0.07818416701047681
0.026027612388134003,0.02172539010643959,0.19009695947170258,0.04475359246134758,wedge,0.4711377024650574,0.012246208265423775,dis,medium,0.0,0.6128993602874082,0.5411545634269714,0.40348492272447967,15,0.024118832996464334
0.06120844930410385,0.05778169631958008,0.19189104437828064,0.07512235641479492,wedge,0.4711377024650574,0.012246208265423775,tvl1,medium,0.0,0.6128993602874082,0.590132474899292,0.4072929068811098,15,1.2754223329975503
0.09485767781734467,0.09302753210067749,0.16465221345424652,0.1170867532491684,wedge,0.4711377024650574,0.012246208265423775,demons,medium,8.729736100077695e-06,0.6128993602874082,0.7778875827789307,0.34947789699861304,15,0.2596247910114471
0.022390838712453842,0.010821577161550522,0.4635958969593048,0.07848265022039413,wedge,0.4711377024650574,0.012246208265423775,raft,medium,0.0,0.6128993602874082,0.0179819967597723,0.9839923541115627,15,0.12767404099577107
0.13565202057361603,0.13360413908958435,0.21374966204166412,0.15635840594768524,wedge,0.4711377024650574,0.012246208265423775,farneback,high,0.0,0.6128993602874082,0.686985969543457,0.45368829733493293,15,0.0283192499919096
0.08885778486728668,0.08437816798686981,0.25969186425209045,0.10647059231996536,wedge,0.4711377024650574,0.012246208265423775,lucas_kanade,high,0.0,0.6128993602874082,0.4394446313381195,0.5512016187482913,15,0.08639100000436883
0.08670464158058167,0.08274778723716736,0.2376035451889038,0.10219990462064743,wedge,0.4711377024650574,0.012246208265423775,dis,high,0.0,0.6128993602874082,0.4922116994857788,0.504318682087486,15,0.023307707990170456
0.11771346628665924,0.11440925300121307,0.24372273683547974,0.134550541639328,wedge,0.4711377024650574,0.012246208265423775,tvl1,high,0.0,0.6128993602874082,0.5188078284263611,0.5173067991805554,15,1.36547375000373
0.21907810866832733,0.21813979744911194,0.2548617422580719,0.25364285707473755,wedge,0.4711377024650574,0.012246208265423775,demons,high,0.0005019598257544675,0.6128993602874082,0.7857858538627625,0.5409495799733287,15,0.2580107919930015
0.025190172716975212,0.013800681568682194,0.45953959226608276,0.07847921550273895,wedge,0.4711377024650574,0.012246208265423775,raft,high,0.0,0.6128993602874082,0.02653762698173523,0.9753827593540239,15,0.13068045799445827
0.0091696223244071,0.0045544751919806,0.17046087980270386,0.04225209727883339,wedge,0.5347636342048645,0.015079719945788383,farneback,clean,0.0,0.693483415828167,0.7198382616043091,0.31875929644348516,16,0.03676591599651147
0.013670485466718674,0.006972458679229021,0.247754767537117,0.059004735201597214,wedge,0.5347636342048645,0.015079719945788383,lucas_kanade,clean,0.0,0.693483415828167,0.480220764875412,0.46329771078301063,16,0.07271824999770615
0.006950894836336374,0.002490490674972534,0.16283415257930756,0.0345785990357399,wedge,0.5347636342048645,0.015079719945788383,dis,clean,0.0,0.693483415828167,0.6665960550308228,0.30449743057308726,16,0.025017292005941272
0.010873565450310707,0.005550545174628496,0.1969037652015686,0.042103275656700134,wedge,0.5347636342048645,0.015079719945788383,tvl1,clean,0.0,0.693483415828167,0.6476121544837952,0.3682070967565757,16,1.1952667080040555
0.010104140266776085,0.006503318902105093,0.13594655692577362,0.034586187452077866,wedge,0.5347636342048645,0.015079719945788383,demons,clean,0.0,0.693483415828167,0.8702811002731323,0.2542180287332204,16,0.24941658299940173
0.026254521682858467,0.011946764774620533,0.5262853503227234,0.09291640669107437,wedge,0.5347636342048645,0.015079719945788383,raft,clean,0.0,0.693483415828167,0.015578272752463818,0.9841457359105067,16,0.13468858400301542
0.021217910572886467,0.016921693459153175,0.17136310040950775,0.044874198734760284,wedge,0.5347636342048645,0.015079719945788383,farneback,low,0.0,0.693483415828167,0.7203769683837891,0.3204464354879069,16,0.026865916996030137
0.020810412243008614,0.014297503046691418,0.24842506647109985,0.059643398970365524,wedge,0.5347636342048645,0.015079719945788383,lucas_kanade,low,0.0,0.693483415828167,0.47958117723464966,0.4645511597670267,16,0.07605333300307393
0.01600409299135208,0.011593115516006947,0.17015999555587769,0.0380382277071476,wedge,0.5347636342048645,0.015079719945788383,dis,low,0.0,0.693483415828167,0.6514979004859924,0.3181966474008412,16,0.025243832991691306
0.042059313505887985,0.037901684641838074,0.18736104667186737,0.05814477801322937,wedge,0.5347636342048645,0.015079719945788383,tvl1,low,0.0,0.693483415828167,0.661235511302948,0.35036235579192465,16,1.2316507909999928
0.057189811021089554,0.05488206073641777,0.13784171640872955,0.07631439715623856,wedge,0.5347636342048645,0.015079719945788383,demons,low,0.0,0.693483415828167,0.8629364967346191,0.2577619486292953,16,0.25901716700172983
0.025975320488214493,0.011654461733996868,0.5264641642570496,0.09292283654212952,wedge,0.5347636342048645,0.015079719945788383,raft,low,0.0,0.693483415828167,0.015539671294391155,0.9844801152940115,16,0.1381355000048643
0.04234933480620384,0.03855463117361069,0.17496748268604279,0.05910402536392212,wedge,0.5347636342048645,0.015079719945788383,farneback,medium,0.0,0.693483415828167,0.7246301770210266,0.327186576451109,16,0.034628374996827915
0.03360272943973541,0.027423428371548653,0.24955832958221436,0.06420037895441055,wedge,0.5347636342048645,0.015079719945788383,lucas_kanade,medium,0.0,0.693483415828167,0.4803347885608673,0.46667034483988523,16,0.08346691699989606
0.028149735182523727,0.023466356098651886,0.19182556867599487,0.0480148009955883,wedge,0.5347636342048645,0.015079719945788383,dis,medium,0.0,0.693483415828167,0.6080795526504517,0.35871094518463037,16,0.026460415989276953
0.062190406024456024,0.05827929079532623,0.1988772302865982,0.07731734961271286,wedge,0.5347636342048645,0.015079719945788383,tvl1,medium,0.0,0.693483415828167,0.6417672038078308,0.37189744695767707,16,1.2960904170031426
0.10172191262245178,0.09996667504310608,0.16306427121162415,0.12469954043626785,wedge,0.5347636342048645,0.015079719945788383,demons,medium,0.0,0.693483415828167,0.8490201234817505,0.3049277489747092,16,0.25768020800023805
0.024957412853837013,0.010586656630039215,0.5271899700164795,0.09281228482723236,wedge,0.5347636342048645,0.015079719945788383,raft,medium,0.0,0.693483415828167,0.015167566947638988,0.9858373612116571,16,0.12056399999710266
0.14719057083129883,0.1453346461057663,0.21205173432826996,0.17047977447509766,wedge,0.5347636342048645,0.015079719945788383,farneback,high,8.648461654883137e-06,0.693483415828167,0.7430036067962646,0.3965335725260523,16,0.026861874997848645
0.09778424352407455,0.09350059926509857,0.24748991429805756,0.11750118434429169,wedge,0.5347636342048645,0.015079719945788383,lucas_kanade,high,0.0,0.693483415828167,0.5127802491188049,0.4628024391861429,16,0.0880393749976065
0.09841740131378174,0.09465277940034866,0.22998414933681488,0.1160726249217987,wedge,0.5347636342048645,0.015079719945788383,dis,high,0.0,0.693483415828167,0.5608429908752441,0.43006692046061873,16,0.024688709003385156
0.11924996972084045,0.11571410298347473,0.24282227456569672,0.1371307671070099,wedge,0.5347636342048645,0.015079719945788383,tvl1,high,0.0,0.693483415828167,0.5693044662475586,0.4540740226787244,16,1.3581948749924777
0.23768651485443115,0.23721566796302795,0.25414159893989563,0.2769905626773834,wedge,0.5347636342048645,0.015079719945788383,demons,high,0.0009297096278999373,0.693483415828167,0.857654333114624,0.4752409900081867,16,0.25615045901213307
0.027021262794733047,0.012761762365698814,0.5253657102584839,0.09295334666967392,wedge,0.5347636342048645,0.015079719945788383,raft,high,0.0,0.693483415828167,0.01845213957130909,0.9824260227411419,16,0.12782891700044274
0.003979427274316549,0.002544424729421735,0.12585945427417755,0.021372197195887566,wedge,0.2299451231956482,0.0027886158786714077,farneback,clean,0.0,0.3003232585031099,0.4424154460430145,0.5473456124011395,17,0.0275298750057118
0.00416529132053256,0.002471326617524028,0.14803990721702576,0.02154703624546528,wedge,0.2299451231956482,0.0027886158786714077,lucas_kanade,clean,0.0,0.3003232585031099,0.3068118989467621,0.6438053791254638,17,0.0740829999995185
0.0029162068385630846,0.0012884814059361815,0.1411648839712143,0.018590543419122696,wedge,0.2299451231956482,0.0027886158786714077,dis,clean,0.0,0.3003232585031099,0.344392865896225,0.613906840072901,17,0.023353166005108505
0.004843550734221935,0.0029707057401537895,0.1639111191034317,0.021207232028245926,wedge,0.2299451231956482,0.0027886158786714077,tvl1,clean,0.0,0.3003232585031099,0.2811492085456848,0.712827116424506,17,1.2172395419911481
0.009533158503472805,0.008236910216510296,0.11962827295064926,0.029808469116687775,wedge,0.2299451231956482,0.0027886158786714077,demons,clean,0.0,0.3003232585031099,0.754772961139679,0.520247054115011,17,0.15953208299470134
0.014030584134161472,0.011517280712723732,0.22749470174312592,0.02840488590300083,wedge,0.2299451231956482,0.0027886158786714077,raft,clean,0.0,0.3003232585031099,0.03653652220964432,0.989343451087513,17,0.12552779199904762
0.015217946842312813,0.013911995105445385,0.1261371672153473,0.02516108565032482,wedge,0.2299451231956482,0.0027886158786714077,farneback,low,0.0,0.3003232585031099,0.4439426362514496,0.5485533481309096,17,0.027612833000603132
0.010990901850163937,0.0093813082203269,0.14769959449768066,0.023098597303032875,wedge,0.2299451231956482,0.0027886158786714077,lucas_kanade,low,0.0,0.3003232585031099,0.3099711835384369,0.6423254054925568,17,0.07390175000182353
0.011175747029483318,0.009602610021829605,0.14478816092014313,0.021520936861634254,wedge,0.2299451231956482,0.0027886158786714077,dis,low,0.0,0.3003232585031099,0.32796844840049744,0.6296639776828427,17,0.02688854100415483
0.03401102125644684,0.0326838381588459,0.1467335820198059,0.042011041194200516,wedge,0.2299451231956482,0.0027886158786714077,tvl1,low,0.0,0.3003232585031099,0.37229055166244507,0.6381243488906613,17,1.2188043750065845
0.0589773990213871,0.0583353154361248,0.11351174116134644,0.08382085710763931,wedge,0.2299451231956482,0.0027886158786714077,demons,low,0.0,0.3003232585031099,0.6422562599182129,0.49364709102686766,17,0.26359016698552296
0.013931519351899624,0.011418567970395088,0.22736570239067078,0.028393197804689407,wedge,0.2299451231956482,0.0027886158786714077,raft,low,0.0,0.3003232585031099,0.035480719059705734,0.9887824504858809,17,0.126669834004133
0.036013782024383545,0.034893948584795,0.1311248242855072,0.04389091581106186,wedge,0.2299451231956482,0.0027886158786714077,farneback,medium,0.0,0.3003232585031099,0.44411730766296387,0.5702439889274799,17,0.02786799999012146
0.02364308387041092,0.022145191207528114,0.15086466073989868,0.0318235419690609,wedge,0.2299451231956482,0.0027886158786714077,lucas_kanade,medium,0.0,0.3003232585031099,0.3089224696159363,0.6560898471916532,17,0.0771248750097584
0.022123781964182854,0.020557716488838196,0.15513545274734497,0.03018401935696602,wedge,0.2299451231956482,0.0027886158786714077,dis,medium,0.0,0.3003232585031099,0.29084035754203796,0.6746629395368754,17,0.02430849999655038
0.05422909930348396,0.053150057792663574,0.14587651193141937,0.06355930119752884,wedge,0.2299451231956482,0.0027886158786714077,tvl1,medium,0.0,0.3003232585031099,0.4129672348499298,0.6343970678921541,17,1.2596333749970654
0.10334651917219162,0.10281699895858765,0.14832080900669098,0.13218103349208832,wedge,0.2299451231956482,0.0027886158786714077,demons,medium,2.0750504237252964e-05,0.3003232585031099,0.6752688884735107,0.6450269827227109,17,0.25219104200368747
0.011271837167441845,0.008712101727724075,0.2286795824766159,0.027445537969470024,wedge,0.2299451231956482,0.0027886158786714077,raft,medium,0.0,0.3003232585031099,0.02830774150788784,0.9944963359020426,17,0.12455470798886381
0.1395174115896225,0.13904766738414764,0.17941536009311676,0.16047300398349762,wedge,0.2299451231956482,0.0027886158786714077,farneback,high,0.0,0.3003232585031099,0.6298361420631409,0.7802529473106576,17,0.02778545800538268
0.0871545821428299,0.08622284978628159,0.1662905514240265,0.09965821355581284,wedge,0.2299451231956482,0.0027886158786714077,lucas_kanade,high,0.0,0.3003232585031099,0.42825058102607727,0.7231749432778299,17,0.0844396660104394
0.08892806619405746,0.08800296485424042,0.16750091314315796,0.10187752544879913,wedge,0.2299451231956482,0.0027886158786714077,dis,high,0.0,0.3003232585031099,0.41918864846229553,0.7284386414259382,17,0.024554625008022413
0.11113888770341873,0.11036147177219391,0.17716865241527557,0.12568067014217377,wedge,0.2299451231956482,0.0027886158786714077,tvl1,high,0.0,0.3003232585031099,0.49542826414108276,0.7704823218387289,17,1.3507725840026978
0.23494753241539001,0.23475465178489685,0.2513303756713867,0.2765220105648041,wedge,0.2299451231956482,0.0027886158786714077,demons,high,0.0017388922550817985,0.3003232585031099,0.9520648717880249,1.0930015482761204,17,0.24728537500777747
0.015530919656157494,0.013035270385444164,0.22749552130699158,0.029288124293088913,wedge,0.2299451231956482,0.0027886158786714077,raft,high,0.0,0.3003232585031099,0.03645709156990051,0.9893470152590609,17,0.12749866700323764
0.00879424624145031,0.005002215504646301,0.2931267321109772,0.048741985112428665,wedge,0.5770038366317749,0.007938523776829243,farneback,clean,0.0,0.7657543725289951,0.46576571464538574,0.5080152219127116,18,0.032505750001291744
0.010880493558943272,0.006107707042247057,0.3687516450881958,0.05619286745786667,wedge,0.5770038366317749,0.007938523776829243,lucas_kanade,clean,0.0,0.7657543725289951,0.29292362928390503,0.6390800574927912,18,0.07437020899669733
0.006863229442387819,0.0025669997557997704,0.32900139689445496,0.04565666243433952,wedge,0.5770038366317749,0.007938523776829243,dis,clean,0.0,0.7657543725289951,0.36073774099349976,0.570189270863398,18,0.02463808300672099
0.010071443393826485,0.005815715529024601,0.32917270064353943,0.046716950833797455,wedge,0.5770038366317749,0.007938523776829243,tvl1,clean,0.0,0.7657543725289951,0.3963222801685333,0.5704861558028197,18,1.2096349169878522
0.009045683778822422,0.005782541818916798,0.25372135639190674,0.041483595967292786,wedge,0.5770038366317749,0.007938523776829243,demons,clean,0.0,0.7657543725289951,0.5943699479103088,0.43972213057193843,18,0.2289106670068577
0.018258769065141678,0.010879862122237682,0.5715410709381104,0.07021581381559372,wedge,0.5770038366317749,0.007938523776829243,raft,clean,0.0,0.7657543725289951,0.018175097182393074,0.9905325314203227,18,0.12421820800227579
0.01980806328356266,0.016177020967006683,0.2920694947242737,0.05041863024234772,wedge,0.5770038366317749,0.007938523776829243,farneback,low,0.0,0.7657543725289951,0.4683588147163391,0.5061829335992144,18,0.026699166992329992
0.01733272336423397,0.012649478390812874,0.3684897720813751,0.0567198283970356,wedge,0.5770038366317749,0.007938523776829243,lucas_kanade,low,0.0,0.7657543725289951,0.2932632863521576,0.6386262078124332,18,0.07635200000368059
0.014995354227721691,0.010773870162665844,0.3315289318561554,0.04733692854642868,wedge,0.5770038366317749,0.007938523776829243,dis,low,0.0,0.7657543725289951,0.3568093776702881,0.5745697182733404,18,0.024181583008612506
0.039956219494342804,0.03629915416240692,0.31416890025138855,0.06019030511379242,wedge,0.5770038366317749,0.007938523776829243,tvl1,low,0.0,0.7657543725289951,0.42138534784317017,0.544483208439879,18,1.2235585840098793
0.05043356493115425,0.04767629876732826,0.2571779787540436,0.07175669074058533,wedge,0.5770038366317749,0.007938523776829243,demons,low,0.0,0.7657543725289951,0.5959802269935608,0.4457127707422268,18,0.2534147080004914
0.01760241948068142,0.010219250805675983,0.5712041854858398,0.07006117701530457,wedge,0.5770038366317749,0.007938523776829243,raft,low,0.0,0.7657543725289951,0.01714383251965046,0.9899486783661784,18,0.12528279100661166
0.039010532200336456,0.035553157329559326,0.2982500493526459,0.061191581189632416,wedge,0.5770038366317749,0.007938523776829243,farneback,medium,0.0,0.7657543725289951,0.46005305647850037,0.5168943955271815,18,0.02679170800547581
0.0288370531052351,0.02423795498907566,0.3736846446990967,0.06039884686470032,wedge,0.5770038366317749,0.007938523776829243,lucas_kanade,medium,0.0,0.7657543725289951,0.28670910000801086,0.6476293933857672,18,0.07670904099359177
0.02577916346490383,0.021500779315829277,0.34657928347587585,0.053464341908693314,wedge,0.5770038366317749,0.007938523776829243,dis,medium,0.0,0.7657543725289951,0.3309643566608429,0.6006533431372164,18,0.02702408299956005
0.0629119724035263,0.05946554243564606,0.32133036851882935,0.08063533157110214,wedge,0.5770038366317749,0.007938523776829243,tvl1,medium,0.0,0.7657543725289951,0.4040640890598297,0.5568946827018968,18,1.2841094999894267
0.0919039249420166,0.08942700177431107,0.277627170085907,0.11372438818216324,wedge,0.5770038366317749,0.007938523776829243,demons,medium,0.0,0.7657543725289951,0.5666822791099548,0.48115307465984775,18,0.24754420800309163
0.017560670152306557,0.010179399512708187,0.5710200071334839,0.07004974782466888,wedge,0.5770038366317749,0.007938523776829243,raft,medium,0.0,0.7657543725289951,0.017393052577972412,0.9896294805711843,18,0.12476083298679441
0.13786351680755615,0.13540682196617126,0.322070837020874,0.1603512167930603,wedge,0.5770038366317749,0.007938523776829243,farneback,high,0.0,0.7657543725289951,0.47112566232681274,0.5581779817980814,18,0.028518624996650033
0.08878029137849808,0.08496125787496567,0.3751382827758789,0.10818284749984741,wedge,0.5770038366317749,0.007938523776829243,lucas_kanade,high,0.0,0.7657543725289951,0.308940589427948,0.6501486800603026,18,0.0835873750038445
0.08748364448547363,0.08375446498394012,0.3671039938926697,0.10568035393953323,wedge,0.5770038366317749,0.007938523776829243,dis,high,0.0,0.7657543725289951,0.3183812201023102,0.6362245284808107,18,0.02559120899240952
0.11981526762247086,0.11673177778720856,0.3510207533836365,0.138553649187088,wedge,0.5770038366317749,0.007938523776829243,tvl1,high,0.0,0.7657543725289951,0.3776416480541229,0.608350813458536,18,1.3600283340056194
0.21606260538101196,0.21451528370380402,0.33208417892456055,0.24877172708511353,wedge,0.5770038366317749,0.007938523776829243,demons,high,1.2315422603726647e-05,0.7657543725289951,0.5760983824729919,0.5755320118200287,18,0.24671049999597017
0.019496731460094452,0.012134751304984093,0.5715097188949585,0.07037282735109329,wedge,0.5770038366317749,0.007938523776829243,raft,high,0.0,0.7657543725289951,0.015895400196313858,0.9904781954849937,18,0.12508670901297592
0.013094675727188587,0.006803881376981735,0.2469024807214737,0.05828996002674103,wedge,0.6271880865097046,0.016757015138864517,farneback,clean,0.0,0.8192527394335215,0.628131628036499,0.39366576953890103,19,0.029020499991020188
0.01778963766992092,0.00956787634640932,0.32336515188217163,0.07317861169576645,wedge,0.6271880865097046,0.016757015138864517,lucas_kanade,clean,0.0,0.8192527394335215,0.4432452619075775,0.5155792318723645,19,0.07195599999977276
0.00996953435242176,0.0037068617530167103,0.2427322119474411,0.0491873100399971,wedge,0.6271880865097046,0.016757015138864517,dis,clean,0.0,0.8192527394335215,0.5745733976364136,0.38701661777130275,19,0.022990042009041645
0.014389513991773129,0.006702317390590906,0.30009695887565613,0.0594288595020771,wedge,0.6271880865097046,0.016757015138864517,tvl1,clean,0.0,0.8192527394335215,0.5195960998535156,0.4784800051698888,19,1.203107709006872
0.013703343458473682,0.00842596311122179,0.20984601974487305,0.04824915528297424,wedge,0.6271880865097046,0.016757015138864517,demons,clean,0.0,0.8192527394335215,0.7476306557655334,0.33458227963586495,19,0.2313376250094734
0.029598357155919075,0.013761176727712154,0.6182134747505188,0.10618851333856583,wedge,0.6271880865097046,0.016757015138864517,raft,clean,0.0,0.8192527394335215,0.01658904179930687,0.9856907171034938,19,0.1250367080065189
0.026068832725286484,0.020092517137527466,0.24818862974643707,0.06049754098057747,wedge,0.6271880865097046,0.016757015138864517,farneback,low,0.0,0.8192527394335215,0.6277056336402893,0.39571642874724283,19,0.027391457988414913
0.025390975177288055,0.01734461449086666,0.3244474232196808,0.07383988052606583,wedge,0.6271880865097046,0.016757015138864517,lucas_kanade,low,0.0,0.8192527394335215,0.44250422716140747,0.5173048248177472,19,0.07399770800839178
0.01969168707728386,0.013479894027113914,0.2505633234977722,0.052585940808057785,wedge,0.6271880865097046,0.016757015138864517,dis,low,0.0,0.8192527394335215,0.560305655002594,0.3995026833053456,19,0.023369624992483296
0.04721011221408844,0.040931586176157,0.28056174516677856,0.07217040657997131,wedge,0.6271880865097046,0.016757015138864517,tvl1,low,0.0,0.8192527394335215,0.5502150058746338,0.4473327080048696,19,1.2305525409901747
0.06310278177261353,0.05896493047475815,0.21689274907112122,0.08704435080289841,wedge,0.6271880865097046,0.016757015138864517,demons,low,9.451974517476701e-06,0.8192527394335215,0.750828206539154,0.3458177120010796,19,0.2660487499961164
0.029926704242825508,0.014111359603703022,0.6177303791046143,0.10615301877260208,wedge,0.6271880865097046,0.016757015138864517,raft,low,0.0,0.8192527394335215,0.017263293266296387,0.9849204606903132,19,0.12662937499408145
0.04839028790593147,0.04290536046028137,0.2522467076778412,0.07307731360197067,wedge,0.6271880865097046,0.016757015138864517,farneback,medium,0.0,0.8192527394335215,0.6210432648658752,0.40218670141136065,19,0.028596709002158605
0.03858906775712967,0.03080148436129093,0.32802751660346985,0.07789688557386398,wedge,0.6271880865097046,0.016757015138864517,lucas_kanade,medium,0.0,0.8192527394335215,0.4396885335445404,0.5230129902960047,19,0.07473808398935944
0.03276821970939636,0.02622709795832634,0.27587994933128357,0.06232111528515816,wedge,0.6271880865097046,0.016757015138864517,dis,medium,0.0,0.8192527394335215,0.5155869126319885,0.4398679682622046,19,0.02675116700993385
0.06662823259830475,0.0605391263961792,0.29293981194496155,0.08852118253707886,wedge,0.6271880865097046,0.016757015138864517,tvl1,medium,0.0,0.8192527394335215,0.5262845754623413,0.46706852098414153,19,1.2769517910055583
0.11065557599067688,0.107038214802742,0.2451009750366211,0.13792192935943604,wedge,0.6271880865097046,0.016757015138864517,demons,medium,4.7259872587383505e-06,0.8192527394335215,0.7207189798355103,0.39079341637467246,19,0.2514464580017375
0.027096347883343697,0.011167858727276325,0.6191051602363586,0.10600452125072479,wedge,0.6271880865097046,0.016757015138864517,raft,medium,0.0,0.8192527394335215,0.012763629667460918,0.9871124365286857,19,0.12587637499382254
0.15961803495883942,0.1561649739742279,0.2879570722579956,0.18649253249168396,wedge,0.6271880865097046,0.016757015138864517,farneback,high,2.83559235524301e-05,0.8192527394335215,0.6283032298088074,0.45912395093547426,19,0.03320879199600313
0.10564803332090378,0.09928101301193237,0.3422892987728119,0.1303032487630844,wedge,0.6271880865097046,0.016757015138864517,lucas_kanade,high,0.0,0.8192527394335215,0.44670167565345764,0.5457522330783552,19,0.08887483300350141
0.10978839546442032,0.10383094847202301,0.3312065601348877,0.13181361556053162,wedge,0.6271880865097046,0.016757015138864517,dis,high,0.0,0.8192527394335215,0.4429399371147156,0.528081714654449,19,0.026662417003535666
0.12254218012094498,0.11656468361616135,0.3447055518627167,0.14457480609416962,wedge,0.6271880865097046,0.016757015138864517,tvl1,high,0.0,0.8192527394335215,0.4478796124458313,0.5496047505956301,19,1.3608700830081943
0.25364425778388977,0.25135815143585205,0.3386118710041046,0.29489749670028687,wedge,0.6271880865097046,0.016757015138864517,demons,high,0.0014367001266564585,0.8192527394335215,0.7124996185302734,0.5398888759008104,19,0.25404862500727177
0.028262969106435776,0.012335408478975296,0.6202372908592224,0.10630889981985092,wedge,0.6271880865097046,0.016757015138864517,raft,high,0.0,0.8192527394335215,0.01271642092615366,0.9889175260181308,19,0.12469575001159683
0.005458800122141838,0.0044271089136600494,0.03997521847486496,0.013027609325945377,cone,0.15608543157577515,0.03138851746916771,farneback,clean,0.0,0.324047282636342,0.8327214121818542,0.25611114420667824,0,0.025286124990088865
0.0061719235964119434,0.004837565124034882,0.0508144274353981,0.014758717268705368,cone,0.15608543157577515,0.03138851746916771,lucas_kanade,clean,0.0,0.324047282636342,0.6797575354576111,0.3255552226905245,0,0.07128537500102539
0.004146536346524954,0.0030840570107102394,0.039693012833595276,0.010425838641822338,cone,0.15608543157577515,0.03138851746916771,dis,clean,0.0,0.324047282636342,0.7018343806266785,0.25430312382693715,0,0.020503874999121763
0.01190376840531826,0.010647177696228027,0.05394437909126282,0.0212714783847332,cone,0.15608543157577515,0.03138851746916771,tvl1,clean,0.0,0.324047282636342,0.749955415725708,0.3456080336688842,0,1.1863762909924844
0.014961988665163517,0.013619189150631428,0.059886906296014786,0.028409352526068687,cone,0.15608543157577515,0.03138851746916771,demons,clean,0.0,0.324047282636342,0.8725886344909668,0.38368030694101873,0,0.23698679100198206
0.0290498249232769,0.02609354257583618,0.1279556304216385,0.04409690573811531,cone,0.15608543157577515,0.03138851746916771,raft,clean,0.0,0.324047282636342,0.16939570009708405,0.8197794575051008,0,0.12845158399431966
0.013706940226256847,0.01286307442933321,0.04193946346640587,0.01791844516992569,cone,0.15608543157577515,0.03138851746916771,farneback,low,0.0,0.324047282636342,0.8295205235481262,0.26869556654328386,0,0.026840042002731934
0.010755709372460842,0.009547279216349125,0.05118514969944954,0.016456857323646545,cone,0.15608543157577515,0.03138851746916771,lucas_kanade,low,0.0,0.324047282636342,0.6799617409706116,0.3279303467511673,0,0.07259395800065249
0.01000872254371643,0.009073588065803051,0.04129472374916077,0.013587907887995243,cone,0.15608543157577515,0.03138851746916771,dis,low,0.0,0.324047282636342,0.6964828968048096,0.2645648817590854,0,0.023745083002722822
0.03359300270676613,0.032923370599746704,0.05599632114171982,0.03928776830434799,cone,0.15608543157577515,0.03138851746916771,tvl1,low,0.0,0.324047282636342,0.7750265598297119,0.35875430894737387,0,1.2150335839978652
0.051139719784259796,0.05059593915939331,0.0693323016166687,0.06997033208608627,cone,0.15608543157577515,0.03138851746916771,demons,low,0.0,0.324047282636342,0.8657658100128174,0.44419457291252573,0,0.2549016249977285
0.029008258134126663,0.02603049948811531,0.12863270938396454,0.04434638097882271,cone,0.15608543157577515,0.03138851746916771,raft,low,0.0,0.324047282636342,0.16448359191417694,0.8241173316775366,0,0.12760570799582638
0.03170676529407501,0.031120754778385162,0.05131237953901291,0.036699000746011734,cone,0.15608543157577515,0.03138851746916771,farneback,medium,0.0,0.324047282636342,0.8670262098312378,0.3287454762496663,0,0.026632332999724895
0.021207725629210472,0.020219968631863594,0.054254282265901566,0.025495093315839767,cone,0.15608543157577515,0.03138851746916771,lucas_kanade,medium,0.0,0.324047282636342,0.6828926205635071,0.3475935051604263,0,0.07316233401070349
0.01963384635746479,0.018712013959884644,0.05047484114766121,0.023421917110681534,cone,0.15608543157577515,0.03138851746916771,dis,medium,0.0,0.324047282636342,0.6694021224975586,0.32337957897856134,0,0.024600499993539415
0.05496104806661606,0.054577428847551346,0.06779532879590988,0.06334252655506134,cone,0.15608543157577515,0.03138851746916771,tvl1,medium,0.0,0.324047282636342,0.7874731421470642,0.4343475756287808,0,1.2649429169978248
0.09009619057178497,0.08988811820745468,0.09705711901187897,0.11322478204965591,cone,0.15608543157577515,0.03138851746916771,demons,medium,0.0,0.324047282636342,0.897244930267334,0.6218204865888488,0,0.24946062499657273
0.0292691458016634,0.026133080944418907,0.13418985903263092,0.04600087180733681,cone,0.15608543157577515,0.03138851746916771,raft,medium,0.0,0.324047282636342,0.1550828367471695,0.8597205881285946,0,0.12003787499270402
0.13063648343086243,0.13062545657157898,0.13100486993789673,0.1495673507452011,cone,0.15608543157577515,0.03138851746916771,farneback,high,0.0,0.324047282636342,0.9353575110435486,0.8393151661582042,0,0.027215499998419546
0.07940879464149475,0.07897330820560455,0.09397867321968079,0.09051072597503662,cone,0.15608543157577515,0.03138851746916771,lucas_kanade,high,0.0,0.324047282636342,0.6960601806640625,0.6020976606907529,0,0.09763987499172799
0.07599179446697235,0.0757087916135788,0.08545997738838196,0.08623768389225006,cone,0.15608543157577515,0.03138851746916771,dis,high,0.0,0.324047282636342,0.7066314220428467,0.54752052466148,0,0.023879457992734388
0.1117696613073349,0.11148382723331451,0.12133293598890305,0.12620370090007782,cone,0.15608543157577515,0.03138851746916771,tvl1,high,0.0,0.324047282636342,0.6762828826904297,0.7773495243212322,0,1.331925834005233
0.21097558736801147,0.2112758457660675,0.20093020796775818,0.24501556158065796,cone,0.15608543157577515,0.03138851746916771,demons,high,0.0008518663373497849,0.324047282636342,1.004349946975708,1.2873091738239013,0,0.24870704200293403
0.03449201211333275,0.0315176323056221,0.13400334119796753,0.048581887036561966,cone,0.15608543157577515,0.03138851746916771,raft,high,0.0,0.324047282636342,0.11981290578842163,0.8585256153961597,0,0.12759775000449736
0.00389259890653193,0.002016768092289567,0.06314992904663086,0.01629543863236904,cone,0.3618791699409485,0.022420596331357956,farneback,clean,0.0,0.6875413587972804,0.9095989465713501,0.17450556509493398,1,0.02728354200371541
0.005198463331907988,0.0025962283834815025,0.0874028429389,0.021900678053498268,cone,0.3618791699409485,0.022420596331357956,lucas_kanade,clean,0.0,0.6875413587972804,0.8167253136634827,0.2415249348371237,1,0.07014620899280999
0.0030482534784823656,0.0012350744800642133,0.06032641977071762,0.014158440753817558,cone,0.3618791699409485,0.022420596331357956,dis,clean,0.0,0.6875413587972804,0.8214403390884399,0.166703211407724,1,0.02268358299625106
0.008169475011527538,0.006200259551405907,0.07037680596113205,0.021189887076616287,cone,0.3618791699409485,0.022420596331357956,tvl1,clean,0.0,0.6875413587972804,0.8894292712211609,0.1944759792961174,1,1.1886669590021484
0.0070268744602799416,0.004789833910763264,0.07769481837749481,0.02299261838197708,cone,0.3618791699409485,0.022420596331357956,demons,clean,0.0,0.6875413587972804,0.9421126842498779,0.2146982330875056,1,0.23379508400103077
0.02777751162648201,0.01953115314245224,0.2882792055606842,0.0743982121348381,cone,0.3618791699409485,0.022420596331357956,raft,clean,0.0,0.6875413587972804,0.22386391460895538,0.7966172952362128,1,0.123328333007521
0.014877211302518845,0.013340521603822708,0.06342107057571411,0.021146930754184723,cone,0.3618791699409485,0.022420596331357956,farneback,low,0.0,0.6875413587972804,0.9117705225944519,0.17525482493524888,1,0.027308290998917073
0.011468726210296154,0.009069505147635937,0.0872599184513092,0.02322770282626152,cone,0.3618791699409485,0.022420596331357956,lucas_kanade,low,0.0,0.6875413587972804,0.8179647326469421,0.2411299839820797,1,0.07292779099952895
0.010951454751193523,0.009322390891611576,0.062413472682237625,0.017437772825360298,cone,0.3618791699409485,0.022420596331357956,dis,low,0.0,0.6875413587972804,0.8194131255149841,0.17247047596694295,1,0.027306666990625672
0.03823801130056381,0.037069812417030334,0.0751413106918335,0.0455460250377655,cone,0.3618791699409485,0.022420596331357956,tvl1,low,0.0,0.6875413587972804,0.8932214379310608,0.20764198918687438,1,1.2083293329924345
0.04432110860943794,0.04318402707576752,0.08024141192436218,0.055560655891895294,cone,0.3618791699409485,0.022420596331357956,demons,low,0.0,0.6875413587972804,0.9400300979614258,0.22173537077985447,1,0.25707208400126547
0.027152588590979576,0.018895858898758888,0.2879819869995117,0.07401701807975769,cone,0.3618791699409485,0.022420596331357956,raft,low,0.0,0.6875413587972804,0.22078274190425873,0.7957959753431088,1,0.12709287500183564
0.035785555839538574,0.034614257514476776,0.0727868378162384,0.042192231863737106,cone,0.3618791699409485,0.022420596331357956,farneback,medium,0.0,0.6875413587972804,0.9084966778755188,0.20113574878630283,1,0.027253000007476658
0.023788724094629288,0.0216961782425642,0.08989214152097702,0.031578123569488525,cone,0.3618791699409485,0.022420596331357956,lucas_kanade,medium,0.0,0.6875413587972804,0.817129373550415,0.24840374629920156,1,0.0760237079957733
0.02180948480963707,0.020229648798704147,0.07171630859375,0.027513796463608742,cone,0.3618791699409485,0.022420596331357956,dis,medium,0.0,0.6875413587972804,0.8099547624588013,0.1981774983220302,1,0.026488125004107133
0.06387877464294434,0.06321685761213303,0.08478864282369614,0.0734671801328659,cone,0.3618791699409485,0.022420596331357956,tvl1,medium,0.0,0.6875413587972804,0.8757265210151672,0.23430097631077235,1,1.2825686249998398
0.0859864130616188,0.0856422409415245,0.09685885161161423,0.10197587311267853,cone,0.3618791699409485,0.022420596331357956,demons,medium,0.0,0.6875413587972804,0.9429317712783813,0.26765522764800104,1,0.2449399170000106
0.029374653473496437,0.021017543971538544,0.29337507486343384,0.07738186419010162,cone,0.3618791699409485,0.022420596331357956,raft,medium,0.0,0.6875413587972804,0.1957198530435562,0.8106989825120546,1,0.12526133299979847
0.13784776628017426,0.13751940429210663,0.14822052419185638,0.15847323834896088,cone,0.3618791699409485,0.022420596331357956,farneback,high,0.0,0.6875413587972804,0.825013279914856,0.40958567528504897,1,0.026578417004202493
0.08406971395015717,0.08290345966815948,0.12091156095266342,0.09586270153522491,cone,0.3618791699409485,0.022420596331357956,lucas_kanade,high,0.0,0.6875413587972804,0.782870352268219,0.3341213614820488,1,0.08808841700374614
0.08202619850635529,0.08080123364925385,0.1207227110862732,0.09334065020084381,cone,0.3618791699409485,0.022420596331357956,dis,high,0.0,0.6875413587972804,0.7435625195503235,0.3335995025797499,1,0.026486999995540828
0.11773207783699036,0.11706089973449707,0.1389349102973938,0.1326514035463333,cone,0.3618791699409485,0.022420596331357956,tvl1,high,0.0,0.6875413587972804,0.7672594785690308,0.38392624344768234,1,1.3918660420022206
0.21086002886295319,0.21068815886974335,0.21628987789154053,0.2422374188899994,cone,0.3618791699409485,0.022420596331357956,demons,high,9.023479092598942e-05,0.6875413587972804,0.8810716867446899,0.597685348750067,1,0.24884545800159685
0.037187445908784866,0.028547169640660286,0.3101329803466797,0.0837821364402771,cone,0.3618791699409485,0.022420596331357956,raft,high,0.0,0.6875413587972804,0.13931900262832642,0.8570069960016965,1,0.12710683399927802
0.006884549278765917,0.004141385201364756,0.2260185182094574,0.04006943851709366,cone,0.635042667388916,0.025198718532919884,farneback,clean,0.0,1.2842234736933602,0.7117344737052917,0.3559107597270122,2,0.027113332995213568
0.009728449396789074,0.006371568888425827,0.27788835763931274,0.05438287556171417,cone,0.635042667388916,0.025198718532919884,lucas_kanade,clean,0.0,1.2842234736933602,0.5508071184158325,0.4375900579749974,2,0.07160529200336896
0.00495695136487484,0.0027348690200597048,0.18246497213840485,0.032829299569129944,cone,0.635042667388916,0.025198718532919884,dis,clean,0.0,1.2842234736933602,0.7068237066268921,0.28732710652126736,2,0.021958750003250316
0.007803689688444138,0.005576481111347675,0.18572121858596802,0.03494679927825928,cone,0.635042667388916,0.025198718532919884,tvl1,clean,0.0,1.2842234736933602,0.7073107957839966,0.2924547091451222,2,1.1968760000017937
0.007762734312564135,0.005595122464001179,0.18091952800750732,0.033970288932323456,cone,0.635042667388916,0.025198718532919884,demons,clean,0.0,1.2842234736933602,0.8031418919563293,0.2848934997570922,2,0.22417266700358596
0.0268345195800066,0.02039356529712677,0.5413613319396973,0.10541809350252151,cone,0.635042667388916,0.025198718532919884,raft,clean,0.0022297011083336825,1.2842234736933602,0.12840549647808075,0.8524802501312153,2,0.12690720900718588
0.019706984981894493,0.017121093347668648,0.2262774109840393,0.04298863187432289,cone,0.635042667388916,0.025198718532919884,farneback,low,0.0,1.2842234736933602,0.7141177654266357,0.35631843749084874,2,0.027235875008045696
0.017123213037848473,0.013863942585885525,0.27748557925224304,0.055081531405448914,cone,0.635042667388916,0.025198718532919884,lucas_kanade,low,0.0,1.2842234736933602,0.5499683618545532,0.4369558039197135,2,0.07471529100439511
0.01392494048923254,0.011787253431975842,0.1846911609172821,0.03509162738919258,cone,0.635042667388916,0.025198718532919884,dis,low,0.0,1.2842234736933602,0.7077500820159912,0.29083268007277474,2,0.024138916996889748
0.04229506477713585,0.04047304391860962,0.18784475326538086,0.05626356229186058,cone,0.635042667388916,0.025198718532919884,tvl1,low,0.0,1.2842234736933602,0.7134167551994324,0.2957986335591212,2,1.2220973750081612
0.055414728820323944,0.053824905306100845,0.1824159473180771,0.07293523102998734,cone,0.635042667388916,0.025198718532919884,demons,low,0.0,1.2842234736933602,0.8097233772277832,0.28724990726703564,2,0.25227324999286793
0.027320168912410736,0.02100813016295433,0.5315488576889038,0.10431552678346634,cone,0.635042667388916,0.025198718532919884,raft,low,0.0022157363832292962,1.2842234736933602,0.13276001811027527,0.837028573016134,2,0.12561425000603776
0.04238288477063179,0.04000130668282509,0.23263205587863922,0.05943760275840759,cone,0.635042667388916,0.025198718532919884,farneback,medium,0.0,1.2842234736933602,0.7021082639694214,0.3663250799117873,2,0.02738979199784808
0.03063449263572693,0.027488868683576584,0.2819182574748993,0.0603020153939724,cone,0.635042667388916,0.025198718532919884,lucas_kanade,medium,0.0,1.2842234736933602,0.5461763739585876,0.44393593053212205,2,0.07518437498947605
0.026316599920392036,0.02407859079539776,0.20509690046310425,0.04487444460391998,cone,0.635042667388916,0.025198718532919884,dis,medium,0.0,1.2842234736933602,0.6661117076873779,0.32296554388446747,2,0.024460374988848343
0.0643015205860138,0.06245386227965355,0.211899533867836,0.078828826546669,cone,0.635042667388916,0.025198718532919884,tvl1,medium,0.0,1.2842234736933602,0.6647951602935791,0.3336776326212793,2,1.2786966249987017
0.10240290313959122,0.10111752152442932,0.20508407056331635,0.12475286424160004,cone,0.635042667388916,0.025198718532919884,demons,medium,4.6549083681287735e-06,1.2842234736933602,0.7970967292785645,0.32294534067538133,2,0.24813550000544637
0.025221798568964005,0.018825987353920937,0.5361424684524536,0.10409174859523773,cone,0.635042667388916,0.025198718532919884,raft,medium,0.0022110814748611675,1.2842234736933602,0.1482948213815689,0.844262119672829,2,0.12465845899714623
0.15082170069217682,0.149256631731987,0.2758450210094452,0.1756056696176529,cone,0.635042667388916,0.025198718532919884,farneback,high,0.0,1.2842234736933602,0.7387464642524719,0.4343724212164012,2,0.02694745898770634
0.09612373262643814,0.09358056634664536,0.2992803454399109,0.11646367609500885,cone,0.635042667388916,0.025198718532919884,lucas_kanade,high,9.309816736257547e-06,1.2842234736933602,0.5487836599349976,0.4712759642914263,2,0.09058433400059585
0.0963713526725769,0.09441515058279037,0.2526395618915558,0.11448374390602112,cone,0.635042667388916,0.025198718532919884,dis,high,0.0,1.2842234736933602,0.6252850890159607,0.3978308464379654,2,0.026333542002248578
0.1205604150891304,0.11863831430673599,0.2741054594516754,0.13942790031433105,cone,0.635042667388916,0.025198718532919884,tvl1,high,0.0,1.2842234736933602,0.557697594165802,0.4316331382562148,2,1.347102082989295
0.2410852164030075,0.24057337641716003,0.2819732427597046,0.2811645269393921,cone,0.635042667388916,0.025198718532919884,demons,high,0.0007680598807412476,1.2842234736933602,0.7945868968963623,0.44402251571391993,2,0.24262370901124086
0.029671544209122658,0.023352423682808876,0.5344659686088562,0.10617586225271225,cone,0.635042667388916,0.025198718532919884,raft,high,0.0022343560167018112,1.2842234736933602,0.12260019779205322,0.8416221398262927,2,0.1277821249968838
0.008363250643014908,0.004555199295282364,0.12506802380084991,0.03151341900229454,cone,0.4983648359775543,0.04964282736182213,farneback,clean,0.0,0.9969836178610689,0.8068979978561401,0.25095675852716626,3,0.02677341699018143
0.011320682242512703,0.006139095406979322,0.1701199859380722,0.04388585686683655,cone,0.4983648359775543,0.04964282736182213,lucas_kanade,clean,0.0,0.9969836178610689,0.696087121963501,0.3413563190195349,3,0.07378541700018104
0.006159580312669277,0.0028695142827928066,0.10698971897363663,0.02620607800781727,cone,0.4983648359775543,0.04964282736182213,dis,clean,0.0,0.9969836178610689,0.7707687020301819,0.21468151693281848,3,0.02270808299363125
0.011248878203332424,0.007847176864743233,0.11550027132034302,0.03279576078057289,cone,0.4983648359775543,0.04964282736182213,tvl1,clean,0.0,0.9969836178610689,0.7826730608940125,0.2317584688610434,3,1.1948116249986924
0.013125673867762089,0.00961302313953638,0.12077736109495163,0.037573013454675674,cone,0.4983648359775543,0.04964282736182213,demons,clean,0.0,0.9969836178610689,0.8962752223014832,0.24234727728741937,3,0.2346852500049863
0.04272989183664322,0.03154514357447624,0.385507196187973,0.110901840031147,cone,0.4983648359775543,0.04964282736182213,raft,clean,0.0,0.9969836178610689,0.25432389974594116,0.7735441354560894,3,0.12686845900316257
0.02063063532114029,0.017197495326399803,0.1258455067873001,0.03525344654917717,cone,0.4983648359775543,0.04964282736182213,farneback,low,0.0,0.9969836178610689,0.80689936876297,0.25251682643389395,3,0.026652625005226582
0.01831422746181488,0.013352571986615658,0.17037339508533478,0.044843483716249466,cone,0.4983648359775543,0.04964282736182213,lucas_kanade,low,0.0,0.9969836178610689,0.6952692866325378,0.3418648002143718,3,0.07478304099640809
0.01493117120116949,0.011805564165115356,0.11072120070457458,0.02938801422715187,cone,0.4983648359775543,0.04964282736182213,dis,low,0.0,0.9969836178610689,0.7660582065582275,0.22216896681201906,3,0.026168708005570807
0.043913327157497406,0.04142101854085922,0.12029474228620529,0.05458163842558861,cone,0.4983648359775543,0.04964282736182213,tvl1,low,0.0,0.9969836178610689,0.7842711210250854,0.24137887266914473,3,1.23145041699172
0.058221928775310516,0.05605807155370712,0.12453731894493103,0.07495732605457306,cone,0.4983648359775543,0.04964282736182213,demons,low,0.0,0.9969836178610689,0.9069178700447083,0.24989186626830956,3,0.24967670800106134
0.043765854090452194,0.03254745900630951,0.38757437467575073,0.11233110725879669,cone,0.4983648359775543,0.04964282736182213,raft,low,0.0,0.9969836178610689,0.24944666028022766,0.7776920574974245,3,0.1274884159938665
0.04320860654115677,0.04038131609559059,0.1298561543226242,0.05420423671603203,cone,0.4983648359775543,0.04964282736182213,farneback,medium,0.0,0.9969836178610689,0.807701826095581,0.26056443984035976,3,0.0268383330112556
0.03140535578131676,0.026842279359698296,0.17124924063682556,0.05076364427804947,cone,0.4983648359775543,0.04964282736182213,lucas_kanade,medium,0.0,0.9969836178610689,0.7010847330093384,0.34362223871777825,3,0.0741946670023026
0.02732745371758938,0.024211157113313675,0.12283214181661606,0.039646513760089874,cone,0.4983648359775543,0.04964282736182213,dis,medium,0.0,0.9969836178610689,0.7376676201820374,0.24647032244094416,3,0.025327082999865524
0.0645342692732811,0.062328413128852844,0.1321367472410202,0.07588616758584976,cone,0.4983648359775543,0.04964282736182213,tvl1,medium,0.0,0.9969836178610689,0.7609972357749939,0.2651405911932588,3,1.274435541999992
0.1039869487285614,0.10250456631183624,0.14941734075546265,0.12563097476959229,cone,0.4983648359775543,0.04964282736182213,demons,medium,0.0,0.9969836178610689,0.8669087290763855,0.29981517548760644,3,0.25217133399564773
0.042116835713386536,0.03099285438656807,0.38303181529045105,0.1107214167714119,cone,0.4983648359775543,0.04964282736182213,raft,medium,0.0,0.9969836178610689,0.23759809136390686,0.7685771299235532,3,0.12625433399807662
0.1536877602338791,0.1527826189994812,0.18142761290073395,0.1783064603805542,cone,0.4983648359775543,0.04964282736182213,farneback,high,9.393199323689649e-06,0.9969836178610689,0.8188665509223938,0.36404577490877627,3,0.02667758300958667
0.09827808290719986,0.0950390174984932,0.19754543900489807,0.1153724268078804,cone,0.4983648359775543,0.04964282736182213,lucas_kanade,high,0.0,0.9969836178610689,0.7112116813659668,0.396387194167518,3,0.0890469579899218
0.10123889893293381,0.09883688390254974,0.17485329508781433,0.116679847240448,cone,0.4983648359775543,0.04964282736182213,dis,high,0.0,0.9969836178610689,0.7023839354515076,0.3508539978444416,3,0.026266707995091565
0.12115716934204102,0.11895192414522171,0.1887410432100296,0.1377018839120865,cone,0.4983648359775543,0.04964282736182213,tvl1,high,0.0,0.9969836178610689,0.694396436214447,0.3787206271080696,3,1.3439749170065625
0.2414243370294571,0.24128708243370056,0.2456306517124176,0.27907031774520874,cone,0.4983648359775543,0.04964282736182213,demons,high,0.00029588577869622395,0.9969836178610689,0.8685525059700012,0.4928731603436814,3,0.24482812501082662
0.053667694330215454,0.04180849343538284,0.41711491346359253,0.12773875892162323,cone,0.4983648359775543,0.04964282736182213,raft,high,0.0,0.9969836178610689,0.2260787934064865,0.8369669835260585,3,0.12751716699858662
0.01895095221698284,0.010244794189929962,0.34274789690971375,0.09140735119581223,cone,1.6705409288406372,0.11760097742080688,farneback,clean,0.0006262091436717239,4.012852300176042,0.9233042597770691,0.20517180452895717,4,0.026249166010529734
0.027145499363541603,0.01606316864490509,0.43931642174720764,0.12814536690711975,cone,1.6705409288406372,0.11760097742080688,lucas_kanade,clean,0.003451786987068527,4.012852300176042,0.8223536014556885,0.26297854435215495,4,0.07042175000242423
0.012615351937711239,0.007232695817947388,0.2128055989742279,0.06908787786960602,cone,1.6705409288406372,0.11760097742080688,dis,clean,0.00017309846247836268,4.012852300176042,0.926285982131958,0.1273872404442769,4,0.022860584009322338
0.016282539814710617,0.01082241628319025,0.21935391426086426,0.07499846071004868,cone,1.6705409288406372,0.11760097742080688,tvl1,clean,0.0006262091436717239,4.012852300176042,0.9105214476585388,0.13130711763709785,4,1.1863719999964815
0.01631918177008629,0.010388451628386974,0.2368931919336319,0.07256472110748291,cone,1.6705409288406372,0.11760097742080688,demons,clean,0.00032074126870990734,4.012852300176042,0.9607778787612915,0.1418062783400565,4,0.23363304199301638
0.08630704134702682,0.050199612975120544,1.4292041063308716,0.372456818819046,cone,1.6705409288406372,0.11760097742080688,raft,clean,0.029156908665105386,4.012852300176042,0.2036554217338562,0.855533726625151,4,0.12555633300507907
0.029576826840639114,0.021154846996068954,0.34280461072921753,0.09233519434928894,cone,1.6705409288406372,0.11760097742080688,farneback,low,0.0006160268811729966,4.012852300176042,0.9237263798713684,0.2052057539033931,4,0.027898625005036592
0.033497896045446396,0.022563660517334938,0.440160870552063,0.1285383552312851,cone,1.6705409288406372,0.11760097742080688,lucas_kanade,low,0.003451786987068527,4.012852300176042,0.8228171467781067,0.26348403858475744,4,0.07487145799677819
0.02056449092924595,0.015379349701106548,0.21340878307819366,0.07026930898427963,cone,1.6705409288406372,0.11760097742080688,dis,low,0.00020873638122390794,4.012852300176042,0.9270251989364624,0.12774831157611943,4,0.024985292009660043
0.04527733102440834,0.040625497698783875,0.21828681230545044,0.08423913270235062,cone,1.6705409288406372,0.11760097742080688,tvl1,low,0.0006313002749210874,4.012852300176042,0.9129892587661743,0.13066834133596622,4,1.2281710829993244
0.05759730562567711,0.05273427441716194,0.23846189677715302,0.0942830815911293,cone,1.6705409288406372,0.11760097742080688,demons,low,0.0003869259749516343,4.012852300176042,0.9626855254173279,0.14274531839375323,4,0.250470500002848
0.08478771150112152,0.04856714606285095,1.431892991065979,0.3699754774570465,cone,1.6705409288406372,0.11760097742080688,raft,low,0.028790347215151207,4.012852300176042,0.2120445817708969,0.8571433158837474,4,0.12702920800074935
0.04900725930929184,0.040919117629528046,0.3498191833496094,0.0998416543006897,cone,1.6705409288406372,0.11760097742080688,farneback,medium,0.0006058446186742694,4.012852300176042,0.9218763709068298,0.20940473669949855,4,0.027572541002882645
0.045059435069561005,0.034379057586193085,0.44228097796440125,0.13049505650997162,cone,1.6705409288406372,0.11760097742080688,lucas_kanade,medium,0.003472151512065981,4.012852300176042,0.824924647808075,0.26475315290320134,4,0.07652012500329874
0.03149700537323952,0.026184849441051483,0.22906509041786194,0.07873361557722092,cone,1.6705409288406372,0.11760097742080688,dis,medium,0.000376743712452907,4.012852300176042,0.9134003520011902,0.13712031023198823,4,0.024177958999644034
0.06896781176328659,0.06446536630392075,0.2364213615655899,0.10662186145782471,cone,1.6705409288406372,0.11760097742080688,tvl1,medium,0.0012065981060991752,4.012852300176042,0.8770976662635803,0.141523836671076,4,1.2551027079898631
0.09756112843751907,0.09317771345376968,0.2605878412723541,0.13023443520069122,cone,1.6705409288406372,0.11760097742080688,demons,medium,0.00042765502494654313,4.012852300176042,0.9559226036071777,0.15599009684438156,4,0.25020787499670405
0.07946938276290894,0.04417180269956589,1.3922470808029175,0.3546585142612457,cone,1.6705409288406372,0.11760097742080688,raft,medium,0.02724264331534467,4.012852300176042,0.21686005592346191,0.8334109370005937,4,0.12436754199734423
0.14659810066223145,0.14032694697380066,0.37983301281929016,0.18044163286685944,cone,1.6705409288406372,0.11760097742080688,farneback,high,0.0011964158436004481,4.012852300176042,0.914239764213562,0.22737127014475242,4,0.026964374992530793
0.10282889753580093,0.0934397429227829,0.45202767848968506,0.15803657472133636,cone,1.6705409288406372,0.11760097742080688,lucas_kanade,high,0.003217594949597801,4.012852300176042,0.8330296874046326,0.2705876106869134,4,0.09437650001200382
0.09429066628217697,0.08890841156244278,0.2944658696651459,0.1302003562450409,cone,1.6705409288406372,0.11760097742080688,dis,high,0.0010844109561144485,4.012852300176042,0.8676826357841492,0.17626977261162136,4,0.026943749995552935
0.1306338906288147,0.12476114183664322,0.349051833152771,0.1766151338815689,cone,1.6705409288406372,0.11760097742080688,tvl1,high,0.004470013236941248,4.012852300176042,0.7574036121368408,0.20894539434901155,4,1.3539759589912137
0.22179140150547028,0.21847009658813477,0.34531670808792114,0.25978392362594604,cone,1.6705409288406372,0.11760097742080688,demons,high,0.001120048874859994,4.012852300176042,0.9291828870773315,0.20670951673573928,4,0.24805345899949316
0.0837748721241951,0.04786355420947075,1.4193782806396484,0.383523553609848,cone,1.6705409288406372,0.11760097742080688,raft,high,0.030241319621219835,4.012852300176042,0.28019413352012634,0.8496519038445249,4,0.1227185829920927
0.003817747114226222,0.0021201579365879297,0.06317213177680969,0.015971358865499496,cone,0.3437931537628174,0.024487946182489395,farneback,clean,0.0,0.6653895722728571,0.8876994252204895,0.1837504065610105,5,0.02606799999193754
0.004809075966477394,0.0023966527078300714,0.08915684372186661,0.020818069577217102,cone,0.3437931537628174,0.024487946182489395,lucas_kanade,clean,0.0,0.6653895722728571,0.752154529094696,0.25933280737572756,5,0.07071991699922364
0.0028792291413992643,0.0012150657130405307,0.06106489896774292,0.013473053462803364,cone,0.3437931537628174,0.024487946182489395,dis,clean,0.0,0.6653895722728571,0.8112996816635132,0.17762104422204855,5,0.022692375001497567
0.006634834222495556,0.004770650062710047,0.07181401550769806,0.01975204050540924,cone,0.3437931537628174,0.024487946182489395,tvl1,clean,0.0,0.6653895722728571,0.8331277966499329,0.2088872763220948,5,1.2004064999928232
0.007740878965705633,0.005469132214784622,0.08717004209756851,0.025652265176177025,cone,0.3437931537628174,0.024487946182489395,demons,clean,0.0,0.6653895722728571,0.9054672122001648,0.2535537463253473,5,0.23340050000115298
0.026198184117674828,0.019555609673261642,0.25844863057136536,0.06719259172677994,cone,0.3437931537628174,0.024487946182489395,raft,clean,0.0,0.6653895722728571,0.21457846462726593,0.7517561875291701,5,0.12400070899457205
0.014057794585824013,0.012608340941369534,0.06473636627197266,0.02041085623204708,cone,0.3437931537628174,0.024487946182489395,farneback,low,0.0,0.6653895722728571,0.8852155804634094,0.18830033572057175,5,0.027744166989577934
0.010992187075316906,0.00875555444508791,0.08919363468885422,0.02215469442307949,cone,0.3437931537628174,0.024487946182489395,lucas_kanade,low,0.0,0.6653895722728571,0.7528080940246582,0.2594398222088763,5,0.07533399999374524
0.010364172048866749,0.008878359571099281,0.06231401115655899,0.01651454158127308,cone,0.3437931537628174,0.024487946182489395,dis,low,0.0,0.6653895722728571,0.8080765604972839,0.18125436901384423,5,0.02473154099425301
0.033576518297195435,0.032419219613075256,0.07404011487960815,0.0401073694229126,cone,0.3437931537628174,0.024487946182489395,tvl1,low,0.0,0.6653895722728571,0.8357268571853638,0.21536238889355072,5,1.2120856249966891
0.055962782353162766,0.05485329404473305,0.0947546660900116,0.07900281250476837,cone,0.3437931537628174,0.024487946182489395,demons,low,0.0,0.6653895722728571,0.8975695371627808,0.2756153374577749,5,0.24349500000244007
0.02522364631295204,0.018593572080135345,0.2570370137691498,0.06626977026462555,cone,0.3437931537628174,0.024487946182489395,raft,low,0.0,0.6653895722728571,0.21859101951122284,0.747650181383424,5,0.12619945799815468
0.032545533031225204,0.03156747668981552,0.06674227118492126,0.038363441824913025,cone,0.3437931537628174,0.024487946182489395,farneback,medium,0.0,0.6653895722728571,0.8856266736984253,0.1941349629986137,5,0.026192374993115664
0.022492269054055214,0.020534558221697807,0.0909414291381836,0.03001893311738968,cone,0.3437931537628174,0.024487946182489395,lucas_kanade,medium,0.0,0.6653895722728571,0.7533392906188965,0.2645236769343115,5,0.07563700000173412
0.02065383642911911,0.01924251578748226,0.06999902427196503,0.026208236813545227,cone,0.3437931537628174,0.024487946182489395,dis,medium,0.0,0.6653895722728571,0.7846314907073975,0.20360796457353916,5,0.02304558399191592
0.053662486374378204,0.05284922197461128,0.08209753036499023,0.06216805428266525,cone,0.3437931537628174,0.024487946182489395,tvl1,medium,0.0,0.6653895722728571,0.8290332555770874,0.23879920081721365,5,1.2469812920026015
0.09773523360490799,0.09722419828176498,0.11560304462909698,0.12543533742427826,cone,0.3437931537628174,0.024487946182489395,demons,medium,0.00024494217951435504,0.6653895722728571,0.9090748429298401,0.33625755301937,5,0.24976208400039468
0.027090653777122498,0.02015988528728485,0.2694176435470581,0.07019132375717163,cone,0.3437931537628174,0.024487946182489395,raft,medium,0.0,0.6653895722728571,0.18965008854866028,0.783662038054804,5,0.12637779099168256
0.13060088455677032,0.13023924827575684,0.14324532449245453,0.14982745051383972,cone,0.3437931537628174,0.024487946182489395,farneback,high,0.0,0.6653895722728571,0.9515354633331299,0.4166613643251295,5,0.027267291996395215
0.08165835589170456,0.08066502958536148,0.11638873815536499,0.09324003010988235,cone,0.3437931537628174,0.024487946182489395,lucas_kanade,high,0.0,0.6653895722728571,0.8229365348815918,0.3385429200130654,5,0.08915258399792947
0.07889024168252945,0.07810758799314499,0.1062551736831665,0.08965275436639786,cone,0.3437931537628174,0.024487946182489395,dis,high,0.0,0.6653895722728571,0.8277390003204346,0.3090671600647169,5,0.024639832990942523
0.10993450880050659,0.10955952852964401,0.12304513901472092,0.12427370995283127,cone,0.3437931537628174,0.024487946182489395,tvl1,high,0.0,0.6653895722728571,0.8487851023674011,0.3579045646139005,5,1.3321130410040496
0.22093850374221802,0.22108766436576843,0.21572361886501312,0.2575041353702545,cone,0.3437931537628174,0.024487946182489395,demons,high,0.0007018535528392096,0.6653895722728571,1.0520392656326294,0.6274808456885115,5,0.24252787500154227
0.034034814685583115,0.02666178159415722,0.29182493686676025,0.08038859814405441,cone,0.3437931537628174,0.024487946182489395,raft,high,0.0,0.6653895722728571,0.14362801611423492,0.8488387091852622,5,0.12727724999422207
0.018496572971343994,0.011839917860925198,0.23828698694705963,0.06637676805257797,cone,0.649938702583313,0.08806842565536499,farneback,clean,6.839477463921756e-06,1.4326235204582884,0.7229297757148743,0.3666299391003178,6,0.02662058299756609
0.02537943236529827,0.017382092773914337,0.28943678736686707,0.08682528138160706,cone,0.649938702583313,0.08806842565536499,lucas_kanade,clean,0.0,1.4326235204582884,0.5762752890586853,0.4453293613943006,6,0.06801537499995902
0.01358766108751297,0.008161059580743313,0.1927640289068222,0.054293543100357056,cone,0.649938702583313,0.08806842565536499,dis,clean,0.0,1.4326235204582884,0.7083290815353394,0.2965880138244461,6,0.0243045829993207
0.020929785445332527,0.015084612183272839,0.21392665803432465,0.06223719194531441,cone,0.649938702583313,0.08806842565536499,tvl1,clean,0.0,1.4326235204582884,0.693095862865448,0.32914897540957294,6,1.1704824170010397
0.025487180799245834,0.020233694463968277,0.19894756376743317,0.06302016973495483,cone,0.649938702583313,0.08806842565536499,demons,clean,0.0,1.4326235204582884,0.8159166574478149,0.3061020415874232,6,0.23084412500611506
0.0677097737789154,0.05455828085541725,0.5019477009773254,0.1610531061887741,cone,0.649938702583313,0.08806842565536499,raft,clean,0.004377265576909924,1.4326235204582884,0.18378855288028717,0.7723000630401493,6,0.12420195799495559
0.030499404296278954,0.02422420121729374,0.23769503831863403,0.06847714632749557,cone,0.649938702583313,0.08806842565536499,farneback,low,6.839477463921756e-06,1.4326235204582884,0.7218337059020996,0.36571916301316876,6,0.02805016699130647
0.032373640686273575,0.02462393417954445,0.2882547080516815,0.08727717399597168,cone,0.649938702583313,0.08806842565536499,lucas_kanade,low,0.0,1.4326235204582884,0.5766515135765076,0.44351060631711087,6,0.07128316699527204
0.022475121542811394,0.01719886250793934,0.19668740034103394,0.057258181273937225,cone,0.649938702583313,0.08806842565536499,dis,low,0.0,1.4326235204582884,0.6971104741096497,0.30262453914386084,6,0.024867333006113768
0.051160842180252075,0.04623396322131157,0.21383725106716156,0.07580167800188065,cone,0.649938702583313,0.08806842565536499,tvl1,low,0.0,1.4326235204582884,0.6901770830154419,0.3290114132566996,6,1.2454178750049323
0.06965254992246628,0.06564586609601974,0.20194566249847412,0.09370997548103333,cone,0.649938702583313,0.08806842565536499,demons,low,0.0,1.4326235204582884,0.8143587112426758,0.31071493618675144,6,0.24099487499915995
0.06799042969942093,0.05474751070141792,0.5052472352981567,0.16134977340698242,cone,0.649938702583313,0.08806842565536499,raft,low,0.004431981396621298,1.4326235204582884,0.18379952013492584,0.7773767484378901,6,0.11962058299104683
0.05304642766714096,0.04726479947566986,0.24394498765468597,0.08122467249631882,cone,0.649938702583313,0.08806842565536499,farneback,medium,0.0,1.4326235204582884,0.7235445976257324,0.3753353765287053,6,0.02742129199032206
0.04505429416894913,0.03756048157811165,0.29248613119125366,0.09129500389099121,cone,0.649938702583313,0.08806842565536499,lucas_kanade,medium,0.0,1.4326235204582884,0.578673243522644,0.4500211020342508,6,0.07099966700479854
0.03563037887215614,0.030224306508898735,0.21412888169288635,0.06685131043195724,cone,0.649938702583313,0.08806842565536499,dis,medium,0.0,1.4326235204582884,0.6736437082290649,0.32946011807234704,6,0.024779958999715745
0.06971018761396408,0.06482233107089996,0.23109787702560425,0.09284452348947525,cone,0.649938702583313,0.08806842565536499,tvl1,medium,0.0,1.4326235204582884,0.6558645963668823,0.35556872687694846,6,1.2415537079941714
0.11725854128599167,0.11360301077365875,0.23795710504055023,0.14577451348304749,cone,0.649938702583313,0.08806842565536499,demons,medium,6.839477463921756e-06,1.4326235204582884,0.7927750945091248,0.3661223806102661,6,0.2411647080007242
0.0706835463643074,0.05689758434891701,0.5258705019950867,0.16947296261787415,cone,0.649938702583313,0.08806842565536499,raft,medium,0.005006497503590726,1.4326235204582884,0.1616266816854477,0.8091078434087828,6,0.12558183299552184
0.16675640642642975,0.16306570172309875,0.2886159420013428,0.1968325674533844,cone,0.649938702583313,0.08806842565536499,farneback,high,7.523425210313931e-05,1.4326235204582884,0.7116443514823914,0.4440664032687702,6,0.02600574999814853
0.1132109984755516,0.10726587474346161,0.3095080554485321,0.14248615503311157,cone,0.649938702583313,0.08806842565536499,lucas_kanade,high,2.7357909855687024e-05,1.4326235204582884,0.5657407641410828,0.4762111476333532,6,0.1025788749975618
0.11450955271720886,0.10998845100402832,0.26378798484802246,0.13925530016422272,cone,0.649938702583313,0.08806842565536499,dis,high,0.0,1.4326235204582884,0.6209368109703064,0.40586594366444667,6,0.024778999999398366
0.12613222002983093,0.12122038006782532,0.28831207752227783,0.1512247771024704,cone,0.649938702583313,0.08806842565536499,tvl1,high,6.839477463921756e-06,1.4326235204582884,0.5554522275924683,0.4435988753652046,6,1.272517917008372
0.2594282329082489,0.25734636187553406,0.32816678285598755,0.303300142288208,cone,0.649938702583313,0.08806842565536499,demons,high,0.0016414745913412216,1.4326235204582884,0.7644872069358826,0.5049195894191594,6,0.2434404999949038
0.0852915570139885,0.07055938243865967,0.5717207789421082,0.1896853744983673,cone,0.649938702583313,0.08806842565536499,raft,high,0.007564462075097462,1.4326235204582884,0.11335738003253937,0.879653383726324,6,0.11910104200069327
0.01605052687227726,0.010533550754189491,0.1933806836605072,0.0517851859331131,cone,0.8741987347602844,0.1912674605846405,farneback,clean,2.4203932654977782e-05,1.8888043833986201,0.8596115112304688,0.2212090637645849,7,0.029405749999568798
0.018343305215239525,0.010898561216890812,0.2576369345188141,0.06778179109096527,cone,0.8741987347602844,0.1912674605846405,lucas_kanade,clean,3.388550571696889e-05,1.8888043833986201,0.7573326826095581,0.2947120880808197,7,0.07308108299912419
0.010244997218251228,0.006214486435055733,0.1397961974143982,0.03675857558846474,cone,0.8741987347602844,0.1912674605846405,dis,clean,0.0,1.8888043833986201,0.8614016771316528,0.15991352063982564,7,0.022968040997511707
0.02341952733695507,0.01926475763320923,0.1569647639989853,0.05350147560238838,cone,0.8741987347602844,0.1912674605846405,tvl1,clean,0.0,1.8888043833986201,0.8193292617797852,0.1795527238346174,7,1.1942762920079986
0.03195224329829216,0.028075117617845535,0.15657326579093933,0.06537897139787674,cone,0.8741987347602844,0.1912674605846405,demons,clean,0.0,1.8888043833986201,0.9303510189056396,0.17910488721294426,7,0.22954795800615102
0.059531256556510925,0.04219586402177811,0.6167362928390503,0.1685042530298233,cone,0.8741987347602844,0.1912674605846405,raft,clean,0.007401562605892206,1.8888043833986201,0.29635438323020935,0.7054875148133984,7,0.11712754200561903
0.02701541781425476,0.021776190027594566,0.19541798532009125,0.05456487834453583,cone,0.8741987347602844,0.1912674605846405,farneback,low,2.4203932654977782e-05,1.8888043833986201,0.8578300476074219,0.22353954261175768,7,0.026290249996236525
0.024479346349835396,0.017205707728862762,0.2582731544971466,0.06847397983074188,cone,0.8741987347602844,0.1912674605846405,lucas_kanade,low,3.388550571696889e-05,1.8888043833986201,0.7569029331207275,0.2954398630741191,7,0.07914420899760444
0.017781799659132957,0.01380107831209898,0.14573264122009277,0.040167186409235,cone,0.8741987347602844,0.1912674605846405,dis,low,0.0,1.8888043833986201,0.8504294157028198,0.1667042463291306,7,0.023554708997835405
0.05097248777747154,0.04741251841187477,0.16539941728115082,0.06842336803674698,cone,0.8741987347602844,0.1912674605846405,tvl1,low,0.0,1.8888043833986201,0.824303925037384,0.18920116296725742,7,1.2235842080117436
0.07039982080459595,0.06739892065525055,0.16685673594474792,0.09144823998212814,cone,0.8741987347602844,0.1912674605846405,demons,low,0.0,1.8888043833986201,0.9230015873908997,0.19086819656688475,7,0.24576745799276978
0.059875406324863434,0.04240160435438156,0.6215292811393738,0.16963285207748413,cone,0.8741987347602844,0.1912674605846405,raft,low,0.007464492830795148,1.8888043833986201,0.29323676228523254,0.7109702364300543,7,0.12533258300391026
0.0478372797369957,0.04318506643176079,0.19737161695957184,0.0683927834033966,cone,0.8741987347602844,0.1912674605846405,farneback,medium,4.840786530995556e-06,1.8888043833986201,0.8496436476707458,0.22577431093364994,7,0.027430000001913868
0.03654307872056961,0.029589230194687843,0.2600580155849457,0.07261950522661209,cone,0.8741987347602844,0.1912674605846405,lucas_kanade,medium,9.681573061991113e-06,1.8888043833986201,0.7520450949668884,0.297481573976719,7,0.07793837499048095
0.029702994972467422,0.025539420545101166,0.16353118419647217,0.05072055757045746,cone,0.8741987347602844,0.1912674605846405,dis,medium,0.0,1.8888043833986201,0.8142679929733276,0.18706408244952943,7,0.02680370800953824
0.06749957799911499,0.06379585713148117,0.1865466684103012,0.0847792774438858,cone,0.8741987347602844,0.1912674605846405,tvl1,medium,0.0,1.8888043833986201,0.793036699295044,0.21339160192385145,7,1.2749570830055745
0.11261012405157089,0.1104545071721077,0.1818968653678894,0.13673712313175201,cone,0.8741987347602844,0.1912674605846405,demons,medium,0.0,1.8888043833986201,0.9074400663375854,0.20807267058990617,7,0.24344050000945572
0.059086088091135025,0.04132606461644173,0.6299397349357605,0.16962116956710815,cone,0.8741987347602844,0.1912674605846405,raft,medium,0.00835519755249833,1.8888043833986201,0.3248300850391388,0.7205909936583211,7,0.1239829170081066
0.15998487174510956,0.1572011113166809,0.24946220219135284,0.1875220388174057,cone,0.8741987347602844,0.1912674605846405,farneback,high,9.681573061991113e-06,1.8888043833986201,0.8582388758659363,0.2853609737375773,7,0.02893016699817963
0.10199351608753204,0.09670297056436539,0.27204594016075134,0.1264576017856598,cone,0.8741987347602844,0.1912674605846405,lucas_kanade,high,4.8407865309955565e-05,1.8888043833986201,0.7583774328231812,0.3111946166741474,7,0.0908766249922337
0.09984944760799408,0.09546197205781937,0.2408745139837265,0.12256844341754913,cone,0.8741987347602844,0.1912674605846405,dis,high,0.0,1.8888043833986201,0.7720613479614258,0.2755374772416905,7,0.024965292002889328
0.12127544730901718,0.11671779304742813,0.26777058839797974,0.14455173909664154,cone,0.8741987347602844,0.1912674605846405,tvl1,high,0.0,1.8888043833986201,0.7037150263786316,0.3063040219011591,7,1.302334541993332
0.25338831543922424,0.25238049030303955,0.28578171133995056,0.2953736186027527,cone,0.8741987347602844,0.1912674605846405,demons,high,0.001253763711527849,1.8888043833986201,0.9224439263343811,0.3269070292332501,7,0.254076791999978
0.0792861208319664,0.06074947491288185,0.675102710723877,0.19081155955791473,cone,0.8741987347602844,0.1912674605846405,raft,high,0.010398009468578455,1.8888043833986201,0.3497415781021118,0.7722531317881604,7,0.12369100000069011
0.012699371203780174,0.006749409716576338,0.18237312138080597,0.050111833959817886,cone,1.0862013101577759,0.11823561042547226,farneback,clean,0.0,2.346193083554641,0.9033653140068054,0.16789992764261663,8,0.02633866599353496
0.018736783415079117,0.010156961157917976,0.26340577006340027,0.0732201635837555,cone,1.0862013101577759,0.11823561042547226,lucas_kanade,clean,0.0,2.346193083554641,0.7715438604354858,0.24250179741095998,8,0.06993070799217094
0.00911354087293148,0.004573657177388668,0.1385764330625534,0.039372142404317856,cone,1.0862013101577759,0.11823561042547226,dis,clean,0.0,2.346193083554641,0.8774596452713013,0.12757895959674778,8,0.02095162498881109
0.015727929770946503,0.01165198627859354,0.1319606900215149,0.0441325381398201,cone,1.0862013101577759,0.11823561042547226,tvl1,clean,0.0,2.346193083554641,0.897977888584137,0.12148824420249224,8,1.182618792008725
0.015210319310426712,0.010717617347836494,0.1433277130126953,0.04605812951922417,cone,1.0862013101577759,0.11823561042547226,demons,clean,0.0,2.346193083554641,0.9329725503921509,0.13195317633328604,8,0.22991162500693463
0.05815381929278374,0.030624613165855408,0.843198299407959,0.21887539327144623,cone,1.0862013101577759,0.11823561042547226,raft,clean,0.0176615270688424,2.346193083554641,0.274379163980484,0.7762817918949854,8,0.12361666600918397
0.022130364552140236,0.016478372737765312,0.18330691754817963,0.05168627202510834,cone,1.0862013101577759,0.11823561042547226,farneback,low,0.0,2.346193083554641,0.9033111929893494,0.16875961742446566,8,0.02568787499330938
0.02420676127076149,0.01580124720931053,0.26390498876571655,0.07358335703611374,cone,1.0862013101577759,0.11823561042547226,lucas_kanade,low,0.0,2.346193083554641,0.7711672782897949,0.24296139794508542,8,0.0729149580001831
0.01603265292942524,0.011681195348501205,0.14012223482131958,0.04099903628230095,cone,1.0862013101577759,0.11823561042547226,dis,low,0.0,2.346193083554641,0.8737958669662476,0.12900208599542765,8,0.0252184999990277
0.04107707366347313,0.037808630615472794,0.13428251445293427,0.05696231499314308,cone,1.0862013101577759,0.11823561042547226,tvl1,low,0.0,2.346193083554641,0.8968140482902527,0.12362580784719279,8,1.2105080420005834
0.04941839724779129,0.04610031098127365,0.14403943717479706,0.06820426136255264,cone,1.0862013101577759,0.11823561042547226,demons,low,0.0,2.346193083554641,0.9275491237640381,0.13260841782070273,8,0.24357412500830833
0.058004479855298996,0.030648374930024147,0.8381125926971436,0.2181672304868698,cone,1.0862013101577759,0.11823561042547226,raft,low,0.017354738039194944,2.346193083554641,0.2732138931751251,0.7715996886207067,8,0.1279004999960307
0.0407581627368927,0.035581089556217194,0.18839150667190552,0.06207125261425972,cone,1.0862013101577759,0.11823561042547226,farneback,medium,0.0,2.346193083554641,0.9097859859466553,0.17344069180375116,8,0.026936374997603707
0.03517498821020126,0.027027346193790436,0.2675195634365082,0.07667611539363861,cone,1.0862013101577759,0.11823561042547226,lucas_kanade,medium,0.0,2.346193083554641,0.776360809803009,0.2462891187248243,8,0.07389516700641252
0.026307551190257072,0.022002771496772766,0.1490660458803177,0.04784628748893738,cone,1.0862013101577759,0.11823561042547226,dis,medium,0.0,2.346193083554641,0.8635573387145996,0.1372361131277453,8,0.025323499998194166
0.06546443700790405,0.06250832229852676,0.14976359903812408,0.08018317818641663,cone,1.0862013101577759,0.11823561042547226,tvl1,medium,0.0,2.346193083554641,0.8812170028686523,0.13787830822664926,8,1.2397637919930276
0.08741961419582367,0.08503135293722153,0.15552514791488647,0.10600313544273376,cone,1.0862013101577759,0.11823561042547226,demons,medium,5.289466028404433e-06,2.346193083554641,0.9380937218666077,0.14318261859976555,8,0.24594537500524893
0.05771595239639282,0.030752137303352356,0.8266371488571167,0.21390078961849213,cone,1.0862013101577759,0.11823561042547226,raft,medium,0.016936870222950994,2.346193083554641,0.29220616817474365,0.7610349399569807,8,0.11728887500066776
0.13471579551696777,0.1316225677728653,0.22292451560497284,0.15659315884113312,cone,1.0862013101577759,0.11823561042547226,farneback,high,0.0,2.346193083554641,0.8962538242340088,0.20523314925167233,8,0.0269059159909375
0.09108885377645493,0.08483060449361801,0.26955392956733704,0.11565612256526947,cone,1.0862013101577759,0.11823561042547226,lucas_kanade,high,0.0,2.346193083554641,0.773104727268219,0.24816203685869523,8,0.0962884590117028
0.08343009650707245,0.0793255940079689,0.20047727227210999,0.10248419642448425,cone,1.0862013101577759,0.11823561042547226,dis,high,0.0,2.346193083554641,0.8112280964851379,0.18456732688251842,8,0.024992332997499034
0.12117347121238708,0.1175541803240776,0.22438406944274902,0.14175133407115936,cone,1.0862013101577759,0.11823561042547226,tvl1,high,0.0,2.346193083554641,0.7850825190544128,0.20657687239408334,8,1.3437002910068259
0.20523864030838013,0.20437543094158173,0.22985506057739258,0.23637813329696655,cone,1.0862013101577759,0.11823561042547226,demons,high,7.934199042606649e-05,2.346193083554641,0.9118252992630005,0.2116136837875891,8,0.258644458008348
0.06661036610603333,0.03883746638894081,0.8586042523384094,0.23148585855960846,cone,1.0862013101577759,0.11823561042547226,raft,high,0.019100261828568405,2.346193083554641,0.21805274486541748,0.7904651230937045,8,0.11698712500219699
0.00895518995821476,0.006181846372783184,0.1816890835762024,0.03823790326714516,cone,0.4162447452545166,0.03314707800745964,farneback,clean,0.0,0.8589210849744133,0.6438589692115784,0.436495801202504,9,0.025643790999311022
0.011694012209773064,0.008579503744840622,0.2056768834590912,0.04748605191707611,cone,0.4162447452545166,0.03314707800745964,lucas_kanade,clean,0.0,0.8589210849744133,0.5294460654258728,0.49412487677971334,9,0.06926391599699855
0.006620191968977451,0.004187560640275478,0.15813329815864563,0.03226921707391739,cone,0.4162447452545166,0.03314707800745964,dis,clean,0.0,0.8589210849744133,0.6013543605804443,0.3799046113169635,9,0.023556333006126806
0.011373136192560196,0.008752873167395592,0.1745726764202118,0.037912044674158096,cone,0.4162447452545166,0.03314707800745964,tvl1,clean,0.0,0.8589210849744133,0.5987165570259094,0.41939911172564537,9,1.1623018329992192
0.01298648864030838,0.010649599134922028,0.15853647887706757,0.03811468929052353,cone,0.4162447452545166,0.03314707800745964,demons,clean,0.0,0.8589210849744133,0.7916883230209351,0.3808732258713056,9,0.23300545799429528
0.03688327968120575,0.031605787575244904,0.36558473110198975,0.09050005674362183,cone,0.4162447452545166,0.03314707800745964,raft,clean,0.0,0.8589210849744133,0.10984491556882858,0.8782927238599725,9,0.12358266599767376
0.021007316187024117,0.018437933176755905,0.18103788793087006,0.04112536460161209,cone,0.4162447452545166,0.03314707800745964,farneback,low,0.0,0.8589210849744133,0.6463027596473694,0.4349313474700391,9,0.026485500013222918
0.018627088516950607,0.01563611440360546,0.20491580665111542,0.0482654795050621,cone,0.4162447452545166,0.03314707800745964,lucas_kanade,low,0.0,0.8589210849744133,0.528531014919281,0.4922964409456215,9,0.07189562500570901
0.015252969227731228,0.012908732518553734,0.16126050055027008,0.0350383035838604,cone,0.4162447452545166,0.03314707800745964,dis,low,0.0,0.8589210849744133,0.5890595316886902,0.3874175046982657,9,0.02504741700249724
0.04300438612699509,0.040948495268821716,0.17105302214622498,0.05648530274629593,cone,0.4162447452545166,0.03314707800745964,tvl1,low,0.0,0.8589210849744133,0.6089166402816772,0.4109433790969134,9,1.2163564590009628
0.05760689079761505,0.05597003549337387,0.15955615043640137,0.07504326105117798,cone,0.4162447452545166,0.03314707800745964,demons,low,0.0,0.8589210849744133,0.8055697679519653,0.38332291820005876,9,0.24113966700679157
0.03668463975191116,0.031413108110427856,0.36501485109329224,0.09011398255825043,cone,0.4162447452545166,0.03314707800745964,raft,low,0.0,0.8589210849744133,0.11531241983175278,0.8769236254744804,9,0.11746724999102298
0.043054014444351196,0.04073665663599968,0.18738767504692078,0.05796302855014801,cone,0.4162447452545166,0.03314707800745964,farneback,medium,0.0,0.8589210849744133,0.6300496459007263,0.4501862838709012,9,0.027392999996664003
0.031122270971536636,0.028301363810896873,0.2068188339471817,0.0537300780415535,cone,0.4162447452545166,0.03314707800745964,lucas_kanade,medium,0.0,0.8589210849744133,0.5256996750831604,0.49686833600919206,9,0.07044354199024383
0.026931310072541237,0.02451215125620365,0.17760513722896576,0.04430627450346947,cone,0.4162447452545166,0.03314707800745964,dis,medium,0.0,0.8589210849744133,0.5581839084625244,0.42668439482729686,9,0.0247577080008341
0.06319325417280197,0.06125101447105408,0.18416297435760498,0.07665375620126724,cone,0.4162447452545166,0.03314707800745964,tvl1,medium,0.0,0.8589210849744133,0.5774805545806885,0.4424391573880335,9,1.2502697079908103
0.1024542823433876,0.10114682465791702,0.1838878095149994,0.1244707703590393,cone,0.4162447452545166,0.03314707800745964,demons,medium,0.0,0.8589210849744133,0.7628954648971558,0.44177809236380755,9,0.25408025000069756
0.03650221601128578,0.031097985804080963,0.3730970323085785,0.09297376871109009,cone,0.4162447452545166,0.03314707800745964,raft,medium,0.0,0.8589210849744133,0.10093271732330322,0.8963405221618953,9,0.12214291699638125
0.15178364515304565,0.1503080129623413,0.24369198083877563,0.1770658642053604,cone,0.4162447452545166,0.03314707800745964,farneback,high,8.74737578726382e-05,0.8589210849744133,0.6503105759620667,0.5854535909871198,9,0.02831704200070817
0.09703853726387024,0.09489215165376663,0.23072324693202972,0.11443411558866501,cone,0.4162447452545166,0.03314707800745964,lucas_kanade,high,0.0,0.8589210849744133,0.5288078784942627,0.554297080173233,9,0.09025920799467713
0.09964702278375626,0.0977024957537651,0.22075915336608887,0.1162581816315651,cone,0.4162447452545166,0.03314707800745964,dis,high,1.5436545506936154e-05,0.8589210849744133,0.5180074572563171,0.5303590156582125,9,0.02424820899614133
0.1177448108792305,0.1159457340836525,0.22979773581027985,0.1349310725927353,cone,0.4162447452545166,0.03314707800745964,tvl1,high,0.0,0.8589210849744133,0.49027371406555176,0.5520736019616727,9,1.319342125003459
0.2395268827676773,0.23840384185314178,0.30947354435920715,0.279262512922287,cone,0.4162447452545166,0.03314707800745964,demons,high,0.0009364837607541267,0.8589210849744133,0.7024073600769043,0.7434893722681755,9,0.24712912499671802
0.04217424988746643,0.03655170276761055,0.39236709475517273,0.1011020615696907,cone,0.4162447452545166,0.03314707800745964,raft,high,0.0,0.8589210849744133,0.06262728571891785,0.9426355509070903,9,0.12223937499220483
0.005877823103219271,0.0045162648893892765,0.18356606364250183,0.028054671362042427,cone,0.3426022529602051,0.02596333436667919,farneback,clean,0.0,0.678579185458798,0.49391621351242065,0.5357993476587672,10,0.026077415997860953
0.006544191390275955,0.005115522537380457,0.1929905116558075,0.031170500442385674,cone,0.3426022529602051,0.02596333436667919,lucas_kanade,clean,0.0,0.678579185458798,0.3931824266910553,0.5633077715873173,10,0.06859729099960532
0.004211448598653078,0.0030099181458353996,0.16101545095443726,0.023515131324529648,cone,0.3426022529602051,0.02596333436667919,dis,clean,0.0,0.678579185458798,0.48266497254371643,0.4699777936753381,10,0.02177500000107102
0.008875925093889236,0.0075640566647052765,0.18007947504520416,0.029287677258253098,cone,0.3426022529602051,0.02596333436667919,tvl1,clean,0.0,0.678579185458798,0.45605579018592834,0.5256225652028076,10,1.1760694580007112
0.010929279960691929,0.009660753421485424,0.1764764040708542,0.03317129611968994,cone,0.3426022529602051,0.02596333436667919,demons,clean,0.0,0.678579185458798,0.6060479283332825,0.5151057897198148,10,0.23050649999640882
0.023839011788368225,0.021726401522755623,0.29954200983047485,0.059024129062891006,cone,0.3426022529602051,0.02596333436667919,raft,clean,0.0,0.678579185458798,0.10835251957178116,0.8743141857425792,10,0.12448874999245163
0.01624820940196514,0.014961283653974533,0.18419672548770905,0.031174995005130768,cone,0.3426022529602051,0.02596333436667919,farneback,low,0.0,0.678579185458798,0.4885878264904022,0.5376401465436492,10,0.027275958011159673
0.01280053798109293,0.011416446417570114,0.1934293657541275,0.03224484995007515,cone,0.3426022529602051,0.02596333436667919,lucas_kanade,low,0.0,0.678579185458798,0.38862794637680054,0.5645887149977243,10,0.07375537500774954
0.011903610080480576,0.010729818604886532,0.16508764028549194,0.026158133521676064,cone,0.3426022529602051,0.02596333436667919,dis,low,0.0,0.678579185458798,0.46477010846138,0.4818638489942087,10,0.024362208001548424
0.03628798946738243,0.035197723656892776,0.17857183516025543,0.04697094112634659,cone,0.3426022529602051,0.02596333436667919,tvl1,low,0.0,0.678579185458798,0.4551379680633545,0.5212220107058007,10,1.2120178749901243
0.05597204342484474,0.05500252544879913,0.18249689042568207,0.07840340584516525,cone,0.3426022529602051,0.02596333436667919,demons,low,4.526402505816428e-06,0.678579185458798,0.5851099491119385,0.5326786057267404,10,0.24308866600040346
0.023937605321407318,0.021835939958691597,0.2982126474380493,0.05909606069326401,cone,0.3426022529602051,0.02596333436667919,raft,low,0.0,0.678579185458798,0.10650143027305603,0.870433994118212,10,0.1248912089940859
0.03590865805745125,0.03475147485733032,0.18692569434642792,0.04687812924385071,cone,0.3426022529602051,0.02596333436667919,farneback,medium,0.0,0.678579185458798,0.47927233576774597,0.5456055607671099,10,0.026672625011997297
0.024442922323942184,0.023142147809267044,0.19419845938682556,0.03856155276298523,cone,0.3426022529602051,0.02596333436667919,lucas_kanade,medium,0.0,0.678579185458798,0.3821311891078949,0.5668335736524845,10,0.07534983300138265
0.02227851189672947,0.021124275401234627,0.1729101836681366,0.033970195800065994,cone,0.3426022529602051,0.02596333436667919,dis,medium,0.0,0.678579185458798,0.42614662647247314,0.5046965750345517,10,0.025329709009383805
0.05680738762021065,0.05585694685578346,0.18084335327148438,0.0679779201745987,cone,0.3426022529602051,0.02596333436667919,tvl1,medium,0.0,0.678579185458798,0.44902122020721436,0.5278522009383582,10,1.2617732090002391
0.09710568934679031,0.09634222835302353,0.19673855602741241,0.12128335982561111,cone,0.3426022529602051,0.02596333436667919,demons,medium,0.0,0.678579185458798,0.5480661988258362,0.5742477007302825,10,0.2412461249914486
0.023478440940380096,0.021371839568018913,0.2983972430229187,0.058644142001867294,cone,0.3426022529602051,0.02596333436667919,raft,medium,0.0,0.678579185458798,0.11111260205507278,0.8709727984701228,10,0.11675183399347588
0.13587255775928497,0.13510383665561676,0.23619402945041656,0.15644687414169312,cone,0.3426022529602051,0.02596333436667919,farneback,high,0.0,0.678579185458798,0.45105963945388794,0.6894117811824537,10,0.027773791007348336
0.08540856838226318,0.08439145982265472,0.2181432843208313,0.09911556541919708,cone,0.3426022529602051,0.02596333436667919,lucas_kanade,high,0.0,0.678579185458798,0.3496762812137604,0.6367246053871388,10,0.08771883399458602
0.08423058688640594,0.08336352556943893,0.19738700985908508,0.09727825224399567,cone,0.3426022529602051,0.02596333436667919,dis,high,0.0,0.678579185458798,0.39889976382255554,0.5761404315166968,10,0.02503383300791029
0.11316360533237457,0.11234194785356522,0.22039246559143066,0.12870380282402039,cone,0.3426022529602051,0.02596333436667919,tvl1,high,0.0,0.678579185458798,0.3912044167518616,0.6432895980314243,10,1.3144478340109345
0.2271396368741989,0.22678114473819733,0.2739240825176239,0.2659081518650055,cone,0.3426022529602051,0.02596333436667919,demons,high,0.0012040230665471697,0.678579185458798,0.5164566040039062,0.7995396415254792,10,0.24404387499089353
0.030152330175042152,0.028019992634654045,0.30842989683151245,0.06565113365650177,cone,0.3426022529602051,0.02596333436667919,raft,high,0.0,0.678579185458798,0.06532445549964905,0.9002564757428436,10,0.1157841669919435
0.007801587227731943,0.005417692940682173,0.14857663214206696,0.03142695873975754,cone,0.35951077938079834,0.03085283190011978,farneback,clean,0.0,0.7132809027467176,0.661598265171051,0.4132744848373314,11,0.026668833001167513
0.009965859353542328,0.007324638310819864,0.16593670845031738,0.03804603964090347,cone,0.35951077938079834,0.03085283190011978,lucas_kanade,clean,0.0,0.7132809027467176,0.5123032331466675,0.4615625398941241,11,0.06941758299944922
0.005904570687562227,0.0037880903109908104,0.13088810443878174,0.026614369824528694,cone,0.35951077938079834,0.03085283190011978,dis,clean,0.0,0.7132809027467176,0.5968198180198669,0.3640728232522436,11,0.022615875001065433
0.012059524655342102,0.009979440830647945,0.1348937302827835,0.03231137990951538,cone,0.35951077938079834,0.03085283190011978,tvl1,clean,0.0,0.7132809027467176,0.6686092019081116,0.37521470292244663,11,1.1886694999993779
0.012896405532956123,0.010861556977033615,0.13305941224098206,0.03568913787603378,cone,0.35951077938079834,0.03085283190011978,demons,clean,0.0,0.7132809027467176,0.780719518661499,0.3701124413297323,11,0.23900479199073743
0.033566925674676895,0.02894022688269615,0.3067854046821594,0.07616865634918213,cone,0.35951077938079834,0.03085283190011978,raft,clean,0.0,0.7132809027467176,0.1613488495349884,0.8533413245926862,11,0.11549812500015832
0.01744937151670456,0.015217230655252934,0.149262934923172,0.03405329957604408,cone,0.35951077938079834,0.03085283190011978,farneback,low,0.0,0.7132809027467176,0.6640220284461975,0.4151834756672784,11,0.027207375009311363
0.015457400120794773,0.012913694605231285,0.16566970944404602,0.03877706080675125,cone,0.35951077938079834,0.03085283190011978,lucas_kanade,low,0.0,0.7132809027467176,0.5146009922027588,0.4608198667349737,11,0.07088962499983609
0.0130660654976964,0.011043151840567589,0.13252434134483337,0.028779052197933197,cone,0.35951077938079834,0.03085283190011978,dis,low,0.0,0.7132809027467176,0.599116861820221,0.3686241107237064,11,0.025954707991331816
0.03842482715845108,0.036770664155483246,0.13610713183879852,0.04886907711625099,cone,0.35951077938079834,0.03085283190011978,tvl1,low,0.0,0.7132809027467176,0.6682933568954468,0.37858984944268426,11,1.2028072500106646
0.04875532537698746,0.0472588874399662,0.13712391257286072,0.06477337330579758,cone,0.35951077938079834,0.03085283190011978,demons,low,0.0,0.7132809027467176,0.7816160917282104,0.38141808378885167,11,0.24240387498866767
0.03395563364028931,0.02936059795320034,0.3053041100502014,0.07588879019021988,cone,0.35951077938079834,0.03085283190011978,raft,low,0.0,0.7132809027467176,0.16512280702590942,0.8492210180068606,11,0.11826708399166819
0.03598438575863838,0.03401276469230652,0.15241344273090363,0.047700364142656326,cone,0.35951077938079834,0.03085283190011978,farneback,medium,0.0,0.7132809027467176,0.6668154001235962,0.42394679512367384,11,0.026721667003585026
0.026166582480072975,0.023774977773427963,0.16739676892757416,0.04351777955889702,cone,0.35951077938079834,0.03085283190011978,lucas_kanade,medium,0.0,0.7132809027467176,0.5180017948150635,0.4656237824520566,11,0.07336054201005027
0.02308245375752449,0.021073734387755394,0.1417025625705719,0.036179568618535995,cone,0.35951077938079834,0.03085283190011978,dis,medium,0.0,0.7132809027467176,0.5779016017913818,0.39415386324335705,11,0.023614833000465296
0.06087249889969826,0.059469882398843765,0.1437002420425415,0.071945920586586,cone,0.35951077938079834,0.03085283190011978,tvl1,medium,0.0,0.7132809027467176,0.6500890254974365,0.39971052409066266,11,1.254930750001222
0.08864936977624893,0.08763797581195831,0.14837464690208435,0.10704609751701355,cone,0.35951077938079834,0.03085283190011978,demons,medium,0.0,0.7132809027467176,0.8045231699943542,0.41271265122463563,11,0.24306466699636076
0.03435985743999481,0.029791800305247307,0.30411529541015625,0.07578335702419281,cone,0.35951077938079834,0.03085283190011978,raft,medium,0.0,0.7132809027467176,0.1593792885541916,0.8459142614136571,11,0.11572479100141209
0.13398627936840057,0.13297498226165771,0.19370540976524353,0.15381018817424774,cone,0.35951077938079834,0.03085283190011978,farneback,high,0.0,0.7132809027467176,0.7069239616394043,0.5388027866615602,11,0.02784679199976381
0.08544453233480453,0.08381429314613342,0.18171344697475433,0.09910892695188522,cone,0.35951077938079834,0.03085283190011978,lucas_kanade,high,0.0,0.7132809027467176,0.5355514883995056,0.505446449443679,11,0.0983751250023488
0.07924647629261017,0.07776530832052231,0.166713148355484,0.09156320244073868,cone,0.35951077938079834,0.03085283190011978,dis,high,0.0,0.7132809027467176,0.5690745711326599,0.4637222523414224,11,0.025319874999695458
0.11528810113668442,0.11416833102703094,0.18141324818134308,0.1306682527065277,cone,0.35951077938079834,0.03085283190011978,tvl1,high,0.0,0.7132809027467176,0.5624606609344482,0.5046114291588122,11,1.3570118749921676
0.20878107845783234,0.20847035944461823,0.227128803730011,0.2395818680524826,cone,0.35951077938079834,0.03085283190011978,demons,high,7.292122424318186e-05,0.7132809027467176,0.7785468697547913,0.6317718876780418,11,0.24993250000989065
0.03950885683298111,0.034590329974889755,0.329960435628891,0.08446338772773743,cone,0.35951077938079834,0.03085283190011978,raft,high,0.0,0.7132809027467176,0.09211656451225281,0.9178040118774652,11,0.1260977079946315
0.0027333637699484825,0.0014441868988797069,0.04463068023324013,0.012755298987030983,cone,0.2772735059261322,0.01402869913727045,farneback,clean,0.0,0.5205696131944482,0.9336386919021606,0.16096265701321671,12,0.02650695799093228
0.0031017872970551252,0.00137670012190938,0.05916586518287659,0.01422047708183527,cone,0.2772735059261322,0.01402869913727045,lucas_kanade,clean,0.0,0.5205696131944482,0.8321027159690857,0.21338448830606566,12,0.07069054098974448
0.0017816590843722224,0.0006322290282696486,0.039137303829193115,0.008782319724559784,cone,0.2772735059261322,0.01402869913727045,dis,clean,0.0,0.5205696131944482,0.8626902103424072,0.14115053545584552,12,0.023500916999182664
0.003994517028331757,0.002497068140655756,0.052660513669252396,0.013473747298121452,cone,0.2772735059261322,0.01402869913727045,tvl1,clean,0.0,0.5205696131944482,0.893824577331543,0.18992263070125986,12,1.1544543750060257
0.005154528189450502,0.0031622950918972492,0.06990064680576324,0.018627656623721123,cone,0.2772735059261322,0.01402869913727045,demons,clean,0.0,0.5205696131944482,0.9833853840827942,0.25209998543598794,12,0.22898600000189617
0.023036757484078407,0.016606904566287994,0.23200230300426483,0.058739662170410156,cone,0.2772735059261322,0.01402869913727045,raft,clean,0.0,0.5205696131944482,0.1868542730808258,0.8367272676462353,12,0.11954466700262856
0.015608074143528938,0.014694740995764732,0.045290760695934296,0.02045484445989132,cone,0.2772735059261322,0.01402869913727045,farneback,low,0.0,0.5205696131944482,0.9368880391120911,0.16334326839002103,12,0.026142167000216432
0.01068272814154625,0.009193724021315575,0.0590742751955986,0.016959477216005325,cone,0.2772735059261322,0.01402869913727045,lucas_kanade,low,0.0,0.5205696131944482,0.8342500925064087,0.2130541646894184,12,0.07250979200762231
0.010775462724268436,0.009787783026695251,0.04287431016564369,0.014376080594956875,cone,0.2772735059261322,0.01402869913727045,dis,low,0.0,0.5205696131944482,0.8545290231704712,0.15462822537781787,12,0.025636791993747465
0.037013810127973557,0.03634243458509445,0.058833129703998566,0.043572425842285156,cone,0.2772735059261322,0.01402869913727045,tvl1,low,0.0,0.5205696131944482,0.8973953723907471,0.21218446208009561,12,1.201257082997472
0.054303400218486786,0.05360943451523781,0.07685677707195282,0.07001401484012604,cone,0.2772735059261322,0.01402869913727045,demons,low,0.0,0.5205696131944482,0.9674140810966492,0.27718759791073605,12,0.2440874579915544
0.023456770926713943,0.017032794654369354,0.23223133385181427,0.05884556472301483,cone,0.2772735059261322,0.01402869913727045,raft,low,0.0,0.5205696131944482,0.1843893676996231,0.8375532782193856,12,0.12183712499972899
0.037976451218128204,0.037303026765584946,0.059862229973077774,0.04455424100160599,cone,0.2772735059261322,0.01402869913727045,farneback,medium,0.0,0.5205696131944482,0.9456824064254761,0.2158959608244198,12,0.027001958995242603
0.023933235555887222,0.02272127941250801,0.06332096457481384,0.02888159453868866,cone,0.2772735059261322,0.01402869913727045,lucas_kanade,medium,0.0,0.5205696131944482,0.8346890211105347,0.22837005058710166,12,0.07578416699834634
0.022392069920897484,0.021351756528019905,0.05620155110955238,0.02679065614938736,cone,0.2772735059261322,0.01402869913727045,dis,medium,0.0,0.5205696131944482,0.8267768621444702,0.2026935495399438,12,0.02601083301124163
0.05673142895102501,0.05631737783551216,0.07018787413835526,0.06529808044433594,cone,0.2772735059261322,0.01402869913727045,tvl1,medium,0.0,0.5205696131944482,0.8736183047294617,0.2531358843821661,12,1.237554666993674
0.10180191695690155,0.10161381214857101,0.10791535675525665,0.12481517344713211,cone,0.2772735059261322,0.01402869913727045,demons,medium,8.640055296353896e-06,0.5205696131944482,0.9268128871917725,0.38920183302333305,12,0.23951091599883512
0.02041865512728691,0.013714104890823364,0.23831163346767426,0.0597495399415493,cone,0.2772735059261322,0.01402869913727045,raft,medium,0.0,0.5205696131944482,0.16787950694561005,0.8594821660716561,12,0.1192026659991825
0.14704462885856628,0.14696115255355835,0.14975734055042267,0.169386088848114,cone,0.2772735059261322,0.01402869913727045,farneback,high,0.0,0.5205696131944482,0.9688604474067688,0.5401069245697033,12,0.02644316699297633
0.090815469622612,0.09033501148223877,0.10642990469932556,0.1038561463356018,cone,0.2772735059261322,0.01402869913727045,lucas_kanade,high,0.0,0.5205696131944482,0.8848743438720703,0.38384447999759236,12,0.08583633400849067
0.09287462383508682,0.09235908091068268,0.10962942242622375,0.10587069392204285,cone,0.2772735059261322,0.01402869913727045,dis,high,0.0,0.5205696131944482,0.8617441654205322,0.39538369185345057,12,0.023618749997694977
0.11451514065265656,0.11410827189683914,0.1277378499507904,0.12919417023658752,cone,0.2772735059261322,0.01402869913727045,tvl1,high,0.0,0.5205696131944482,0.8622833490371704,0.4606925913246856,12,1.3061423750041286
0.24013391137123108,0.2405110001564026,0.22787849605083466,0.27822864055633545,cone,0.2772735059261322,0.01402869913727045,demons,high,0.0009028857784689822,0.5205696131944482,1.0656059980392456,0.8218545630232095,12,0.2357178750098683
0.021883849054574966,0.014491449110209942,0.26213154196739197,0.06600332260131836,cone,0.2772735059261322,0.01402869913727045,raft,high,0.0,0.5205696131944482,0.08168146759271622,0.9453897915411573,12,0.11561520800751168
0.006804508622735739,0.003585480386391282,0.12485788762569427,0.028872491791844368,cone,0.6804225444793701,0.05314846336841583,farneback,clean,0.0,1.3543915091207697,0.8941965103149414,0.18350051543519935,13,0.0265280420135241
0.009552733041346073,0.004750789143145084,0.1856573522090912,0.04252195358276367,cone,0.6804225444793701,0.05314846336841583,lucas_kanade,clean,0.0,1.3543915091207697,0.747569739818573,0.2728559682735794,13,0.07219033299770672
0.0050385138019919395,0.0022743521258234978,0.10641027241945267,0.024208983406424522,cone,0.6804225444793701,0.05314846336841583,dis,clean,0.0,1.3543915091207697,0.8578027486801147,0.15638851663986708,13,0.021910124996793456
0.010656123049557209,0.007934113033115864,0.11048207432031631,0.03130835294723511,cone,0.6804225444793701,0.05314846336841583,tvl1,clean,0.0,1.3543915091207697,0.8437714576721191,0.1623727420802208,13,1.1730269999970915
0.010669694282114506,0.007706905715167522,0.11932581663131714,0.03545867279171944,cone,0.6804225444793701,0.05314846336841583,demons,clean,0.0,1.3543915091207697,0.9112955331802368,0.17537016902139843,13,0.23057891700591426
0.0391005203127861,0.02638992853462696,0.505243718624115,0.12418284267187119,cone,0.6804225444793701,0.05314846336841583,raft,clean,0.0014469438927284329,1.3543915091207697,0.28791651129722595,0.7425440598984057,13,0.12368179199984297
0.017204388976097107,0.014249851927161217,0.12555788457393646,0.031745292246341705,cone,0.6804225444793701,0.05314846336841583,farneback,low,0.0,1.3543915091207697,0.8947442770004272,0.1845292834469615,13,0.027692625008057803
0.01567241922020912,0.011034511029720306,0.18576130270957947,0.04320540279150009,cone,0.6804225444793701,0.05314846336841583,lucas_kanade,low,0.0,1.3543915091207697,0.7485386729240417,0.2730087417249174,13,0.07958637500996701
0.012673081830143929,0.010087561793625355,0.10749343782663345,0.02636876329779625,cone,0.6804225444793701,0.05314846336841583,dis,low,0.0,1.3543915091207697,0.8530595898628235,0.1579804177547979,13,0.025599790998967364
0.03897596150636673,0.03690075874328613,0.11508099734783173,0.04929393157362938,cone,0.6804225444793701,0.05314846336841583,tvl1,low,0.0,1.3543915091207697,0.842975378036499,0.1691316642600176,13,1.185592750000069
0.04757671803236008,0.04563033953309059,0.11895744502544403,0.06313078105449677,cone,0.6804225444793701,0.05314846336841583,demons,low,0.0,1.3543915091207697,0.9129510521888733,0.17482878248319228,13,0.24369591700087767
0.03939400240778923,0.02671305648982525,0.5044500827789307,0.12516213953495026,cone,0.6804225444793701,0.05314846336841583,raft,low,0.0015188417259074855,1.3543915091207697,0.28232651948928833,0.7413776731412008,13,0.11888725000608247
0.03610757738351822,0.0335739441215992,0.12902513146400452,0.04646332934498787,cone,0.6804225444793701,0.05314846336841583,farneback,medium,0.0,1.3543915091207697,0.8954756855964661,0.18962500950454098,13,0.027380583007470705
0.027072804048657417,0.022721195593476295,0.1866619735956192,0.047774430364370346,cone,0.6804225444793701,0.05314846336841583,lucas_kanade,medium,0.0,1.3543915091207697,0.7477227449417114,0.27433243520531037,13,0.0749299580056686
0.02293551340699196,0.020259244367480278,0.1210840567946434,0.03500781208276749,cone,0.6804225444793701,0.05314846336841583,dis,medium,0.0,1.3543915091207697,0.8229442834854126,0.1779542106255337,13,0.02667983299761545
0.06209369748830795,0.06025175750255585,0.1296442449092865,0.07330161333084106,cone,0.6804225444793701,0.05314846336841583,tvl1,medium,0.0,1.3543915091207697,0.8268833756446838,0.19053490505445358,13,1.223147084005177
0.08686982095241547,0.08555901050567627,0.13494166731834412,0.10412938892841339,cone,0.6804225444793701,0.05314846336841583,demons,medium,0.0,1.3543915091207697,0.9133246541023254,0.1983203943096795,13,0.24496858299244195
0.03609279543161392,0.023731209337711334,0.4894368052482605,0.11956871300935745,cone,0.6804225444793701,0.05314846336841583,raft,medium,0.0008043570086906505,1.3543915091207697,0.3107124865055084,0.7193130345537806,13,0.1157052499911515
0.13412031531333923,0.13267219066619873,0.18722835183143616,0.1544828861951828,cone,0.6804225444793701,0.05314846336841583,farneback,high,0.0,1.3543915091207697,0.8858051896095276,0.27516482713648943,13,0.026742665999336168
0.08456079661846161,0.0813586637377739,0.20199419558048248,0.09965018928050995,cone,0.6804225444793701,0.05314846336841583,lucas_kanade,high,0.0,1.3543915091207697,0.7364725470542908,0.29686581848201354,13,0.08693954101181589
0.08052216470241547,0.07789897173643112,0.17672422528266907,0.0943596214056015,cone,0.6804225444793701,0.05314846336841583,dis,high,0.0,1.3543915091207697,0.7458255290985107,0.25972717499813414,13,0.024230875002103858
0.11799663305282593,0.11597082018852234,0.19229048490524292,0.13452525436878204,cone,0.6804225444793701,0.05314846336841583,tvl1,high,0.0,1.3543915091207697,0.717515230178833,0.2826045175389879,13,1.33914520801045
0.20848508179187775,0.20824220776557922,0.21739205718040466,0.2397313117980957,cone,0.6804225444793701,0.05314846336841583,demons,high,9.885952062119727e-05,1.3543915091207697,0.8708067536354065,0.3194956706596835,13,0.23881454100774135
0.048483747988939285,0.035839714109897614,0.5121862292289734,0.13794812560081482,cone,0.6804225444793701,0.05314846336841583,raft,high,0.002556866692430057,1.3543915091207697,0.25063467025756836,0.7527472941404023,13,0.12251741699583363
0.0042624520137906075,0.0029605193994939327,0.09269513934850693,0.018877308815717697,cone,0.23805706202983856,0.015504744835197926,farneback,clean,0.0,0.4474047620854449,0.6913464069366455,0.389382018572036,14,0.027387750000343658
0.005033033899962902,0.003495109034702182,0.10949526727199554,0.02209152840077877,cone,0.23805706202983856,0.015504744835197926,lucas_kanade,clean,0.0,0.4474047620854449,0.5700809955596924,0.4599538713044824,14,0.06962495899642818
0.0030002305284142494,0.0017982791177928448,0.08464176207780838,0.015079265460371971,cone,0.23805706202983856,0.015504744835197926,dis,clean,0.0,0.4474047620854449,0.6417784094810486,0.3555524098134052,14,0.02450962500006426
0.0064625986851751804,0.005054673179984093,0.10209481418132782,0.020340554416179657,cone,0.23805706202983856,0.015504744835197926,tvl1,clean,0.0,0.4474047620854449,0.6451214551925659,0.42886698386847705,14,1.1665031250013271
0.00782785564661026,0.006538261193782091,0.09542243182659149,0.024013042449951172,cone,0.23805706202983856,0.015504744835197926,demons,clean,0.0,0.4474047620854449,0.8438183069229126,0.4008384839036241,14,0.22441045800223947
0.023131700232625008,0.020518647506833076,0.20062102377414703,0.04701875522732735,cone,0.23805706202983856,0.015504744835197926,raft,clean,0.0,0.4474047620854449,0.19690236449241638,0.8427434248894526,14,0.11607562500284985
0.014738845638930798,0.013587568886578083,0.09293835610151291,0.022828344255685806,cone,0.23805706202983856,0.015504744835197926,farneback,low,0.0,0.4474047620854449,0.6958692669868469,0.39040369274936204,14,0.027564917007111944
0.011444850824773312,0.01000515278428793,0.10923521965742111,0.02352139726281166,cone,0.23805706202983856,0.015504744835197926,lucas_kanade,low,0.0,0.4474047620854449,0.574249267578125,0.45886149617241495,14,0.074093458999414
0.01078224927186966,0.009668933227658272,0.08640336245298386,0.01826953887939453,cone,0.23805706202983856,0.015504744835197926,dis,low,0.0,0.4474047620854449,0.6395099759101868,0.3629523178865153,14,0.024641665993840434
0.03304897993803024,0.03206736221909523,0.09972439706325531,0.04003901407122612,cone,0.23805706202983856,0.015504744835197926,tvl1,low,0.0,0.4474047620854449,0.6550825238227844,0.4189096354165526,14,1.2142456659930758
0.06092194467782974,0.06030794605612755,0.10262731462717056,0.08734938502311707,cone,0.23805706202983856,0.015504744835197926,demons,low,1.774764621842028e-05,0.4474047620854449,0.8412431478500366,0.4311038443980588,14,0.24244204100978095
0.023400738835334778,0.020777247846126556,0.2015991061925888,0.04738834127783775,cone,0.23805706202983856,0.015504744835197926,raft,low,0.0,0.4474047620854449,0.18607378005981445,0.8468520298184641,14,0.11668504199769814
0.0336885005235672,0.03275856375694275,0.09685364365577698,0.040270909667015076,cone,0.23805706202983856,0.015504744835197926,farneback,medium,0.0,0.4474047620854449,0.7027486562728882,0.4068505375557275,14,0.026594290990033187
0.023102015256881714,0.021793978288769722,0.11194927245378494,0.03138665854930878,cone,0.23805706202983856,0.015504744835197926,lucas_kanade,medium,0.0,0.4474047620854449,0.5657854080200195,0.470262345923403,14,0.07683345800614916
0.021184483543038368,0.020064769312739372,0.09724005311727524,0.027734551578760147,cone,0.23805706202983856,0.015504744835197926,dis,medium,0.0,0.4474047620854449,0.6014493703842163,0.40847371755384837,14,0.02619845799927134
0.05232751742005348,0.0516049824655056,0.10140509903430939,0.06088723987340927,cone,0.23805706202983856,0.015504744835197926,tvl1,medium,0.0,0.4474047620854449,0.6692882180213928,0.4259697157045442,14,1.232600375005859
0.10322580486536026,0.10289902985095978,0.12542149424552917,0.13434439897537231,cone,0.23805706202983856,0.015504744835197926,demons,medium,4.43691155460507e-05,0.4474047620854449,0.8503244519233704,0.5268547514453009,14,0.24356820799584966
0.02208731323480606,0.01940896362066269,0.20401187241077423,0.04717811942100525,cone,0.23805706202983856,0.015504744835197926,raft,medium,0.0,0.4474047620854449,0.1636848747730255,0.8569872730144127,14,0.1197217920125695
0.1339292973279953,0.13363397121429443,0.15398921072483063,0.15386447310447693,cone,0.23805706202983856,0.015504744835197926,farneback,high,0.0,0.4474047620854449,0.7536963820457458,0.6468584019806533,14,0.026915207999991253
0.08370918780565262,0.08294201642274857,0.1358184963464737,0.09623249620199203,cone,0.23805706202983856,0.015504744835197926,lucas_kanade,high,0.0,0.4474047620854449,0.6291285753250122,0.5705291630014737,14,0.08737091600778513
0.08295005559921265,0.08223012834787369,0.1318504363298416,0.09560210257768631,cone,0.23805706202983856,0.015504744835197926,dis,high,0.0,0.4474047620854449,0.6004679799079895,0.5538606383091261,14,0.025670624992926605
0.10924208164215088,0.10869234800338745,0.14658156037330627,0.12384635210037231,cone,0.23805706202983856,0.015504744835197926,tvl1,high,0.0,0.4474047620854449,0.6427261829376221,0.6157412812014518,14,1.3213760420039762
0.23220787942409515,0.23226533830165863,0.22830525040626526,0.27725860476493835,cone,0.23805706202983856,0.015504744835197926,demons,high,0.0031102749997781545,0.4474047620854449,0.9774534106254578,0.9590358230063724,14,0.24442279199138284
0.022684304043650627,0.019801532849669456,0.21849410235881805,0.050973307341337204,cone,0.23805706202983856,0.015504744835197926,raft,high,0.0,0.4474047620854449,0.10419963300228119,0.917822393067388,14,0.11630895799316932
0.013202027417719364,0.00852380320429802,0.18973171710968018,0.04695557430386543,cone,0.5815557837486267,0.07474339753389359,farneback,clean,0.0,1.310419492904388,0.7317629456520081,0.3262485257849148,15,0.025826583005255088
0.0181870199739933,0.012375863268971443,0.23746703565120697,0.06433644145727158,cone,0.5815557837486267,0.07474339753389359,lucas_kanade,clean,0.0,1.310419492904388,0.5707310438156128,0.4083306232817906,15,0.0687721669964958
0.010120736435055733,0.006148508284240961,0.16001009941101074,0.04050125926733017,cone,0.5815557837486267,0.07474339753389359,dis,clean,0.0,1.310419492904388,0.7122699022293091,0.2751414462420237,15,0.02380279100907501
0.018665630370378494,0.014970884658396244,0.1580844521522522,0.047612499445676804,cone,0.5815557837486267,0.07474339753389359,tvl1,clean,0.0,1.310419492904388,0.7258418798446655,0.2718302466760146,15,1.1755973339895718
0.020622357726097107,0.01696634106338024,0.1585797220468521,0.051112618297338486,cone,0.5815557837486267,0.07474339753389359,demons,clean,0.0,1.310419492904388,0.8152757883071899,0.2726818758893077,15,0.22744324999803212
0.058787211775779724,0.0482775904238224,0.4553609788417816,0.13814380764961243,cone,0.5815557837486267,0.07474339753389359,raft,clean,0.002813684141647879,1.310419492904388,0.11275768280029297,0.7830048149578857,15,0.11660433300130535
0.022878672927618027,0.01844961754977703,0.19000613689422607,0.04870356246829033,cone,0.5815557837486267,0.07474339753389359,farneback,low,0.0,1.310419492904388,0.7344201803207397,0.32672039760222704,15,0.026088458005688153
0.02381111867725849,0.018155302852392197,0.23722951114177704,0.0647892951965332,cone,0.5815557837486267,0.07474339753389359,lucas_kanade,low,0.0,1.310419492904388,0.5722569227218628,0.4079221938308807,15,0.07050545899255667
0.017384305596351624,0.013529627583920956,0.16283796727657318,0.04244941473007202,cone,0.5815557837486267,0.07474339753389359,dis,low,0.0,1.310419492904388,0.7101274728775024,0.28000403714832406,15,0.0271622500004014
0.044902291148900986,0.041812509298324585,0.1614932417869568,0.06105947494506836,cone,0.5815557837486267,0.07474339753389359,tvl1,low,0.0,1.310419492904388,0.7286730408668518,0.27769174737803154,15,1.2175032079976518
0.0548177994787693,0.052008263766765594,0.160833939909935,0.07348670065402985,cone,0.5815557837486267,0.07474339753389359,demons,low,0.0,1.310419492904388,0.8210493326187134,0.2765580609881,15,0.2530316659976961
0.05735587328672409,0.046898454427719116,0.45195937156677246,0.1368786096572876,cone,0.5815557837486267,0.07474339753389359,raft,low,0.0027839411803196774,1.310419492904388,0.11339886486530304,0.7771556645065173,15,0.1161891670053592
0.042347583919763565,0.03824109956622124,0.19730301201343536,0.06132708117365837,cone,0.5815557837486267,0.07474339753389359,farneback,medium,0.0,1.310419492904388,0.7299497127532959,0.33926756044217793,15,0.026560124999377877
0.03489449620246887,0.029427461326122284,0.24118922650814056,0.06860828399658203,cone,0.5815557837486267,0.07474339753389359,lucas_kanade,medium,0.0,1.310419492904388,0.5712124109268188,0.41473102537725404,15,0.07087083300575614
0.028721127659082413,0.024831498041749,0.17549359798431396,0.050545673817396164,cone,0.5815557837486267,0.07474339753389359,dis,medium,0.0,1.310419492904388,0.679242730140686,0.30176571687260495,15,0.025328167001134716
0.06687375158071518,0.06386406719684601,0.18044255673885345,0.08244553953409195,cone,0.5815557837486267,0.07474339753389359,tvl1,medium,0.0,1.310419492904388,0.68423992395401,0.31027557765094543,15,1.241079458995955
0.09394507110118866,0.09179069101810455,0.17523925006389618,0.11385878920555115,cone,0.5815557837486267,0.07474339753389359,demons,medium,0.0,1.310419492904388,0.7868719696998596,0.3013283591374995,15,0.24357670900644735
0.05716001242399216,0.04614260420203209,0.472894549369812,0.14104437828063965,cone,0.5815557837486267,0.07474339753389359,raft,medium,0.0029148102101637647,1.310419492904388,0.10597717761993408,0.8131542365920605,15,0.12586920800094958
0.1404886692762375,0.13797903060913086,0.23518836498260498,0.1631757915019989,cone,0.5815557837486267,0.07474339753389359,farneback,high,0.0,1.310419492904388,0.744478166103363,0.4044123909603545,15,0.02668258300400339
0.09291282296180725,0.08862113207578659,0.25485703349113464,0.1146487221121788,cone,0.5815557837486267,0.07474339753389359,lucas_kanade,high,0.0,1.310419492904388,0.5773941278457642,0.4382331680176269,15,0.1007118330016965
0.0884997546672821,0.08491497486829758,0.2237689197063446,0.10728322714567184,cone,0.5815557837486267,0.07474339753389359,dis,high,0.0,1.310419492904388,0.6228760480880737,0.3847763636085977,15,0.02480858399940189
0.12235809117555618,0.11925899237394333,0.2393004298210144,0.14200276136398315,cone,0.5815557837486267,0.07474339753389359,tvl1,high,0.0,1.310419492904388,0.5832568407058716,0.4114831913088673,15,1.3223680829978548
0.21941056847572327,0.21846434473991394,0.25511643290519714,0.25263604521751404,cone,0.5815557837486267,0.07474339753389359,demons,high,8.922888398460505e-05,1.310419492904388,0.7924399971961975,0.4386792119248691,15,0.2398859579989221
0.06623349338769913,0.05464696139097214,0.5034434199333191,0.1536949723958969,cone,0.5815557837486267,0.07474339753389359,raft,high,0.003468029290868316,1.310419492904388,0.07765808701515198,0.8656837985312323,15,0.12361570900247898
0.0030775945633649826,0.0018568628001958132,0.048775576055049896,0.013815006241202354,cone,0.25288471579551697,0.016089245676994324,farneback,clean,0.0,0.4743524728030937,0.8912757039070129,0.19287672606710607,16,0.02564366700244136
0.003383810631930828,0.001753086457028985,0.06442981213331223,0.01475904043763876,cone,0.25288471579551697,0.016089245676994324,lucas_kanade,clean,0.0,0.4743524728030937,0.7902766466140747,0.25477938407875267,16,0.07007566701213364
0.0020151729695498943,0.0009285634732805192,0.04269229620695114,0.009377744048833847,cone,0.25288471579551697,0.016089245676994324,dis,clean,0.0,0.4743524728030937,0.8099766373634338,0.16882118032579008,16,0.020096749998629093
0.005054050590842962,0.0036587677896022797,0.057286329567432404,0.015424111858010292,cone,0.25288471579551697,0.016089245676994324,tvl1,clean,0.0,0.4743524728030937,0.8286222219467163,0.2265314033994614,16,1.164869500003988
0.0063363113440573215,0.004532364197075367,0.07386694103479385,0.021244071424007416,cone,0.25288471579551697,0.016089245676994324,demons,clean,0.0,0.4743524728030937,0.9327087998390198,0.29209729343438373,16,0.22520929199527018
0.021887678653001785,0.016814639791846275,0.211796373128891,0.055402785539627075,cone,0.25288471579551697,0.016089245676994324,raft,clean,0.0,0.4743524728030937,0.13443949818611145,0.8375214471251395,16,0.11732258299889509
0.014988322742283344,0.014061820693314075,0.04967183619737625,0.01994398608803749,cone,0.25288471579551697,0.016089245676994324,farneback,low,0.0,0.4743524728030937,0.885890781879425,0.19642087123027627,16,0.026862166996579617
0.010448171757161617,0.009001635946333408,0.06459911167621613,0.017096588388085365,cone,0.25288471579551697,0.016089245676994324,lucas_kanade,low,0.0,0.4743524728030937,0.7867594957351685,0.255448857290573,16,0.07526095799403265
0.010483411140739918,0.009545533917844296,0.04559275135397911,0.014247424900531769,cone,0.25288471579551697,0.016089245676994324,dis,low,0.0,0.4743524728030937,0.8001357316970825,0.1802906562010078,16,0.02475399999821093
0.03702731058001518,0.03633284196257591,0.06302479654550552,0.04358508810400963,cone,0.25288471579551697,0.016089245676994324,tvl1,low,0.0,0.4743524728030937,0.8255720138549805,0.24922343110869336,16,1.1808476250007516
0.052882254123687744,0.052167437970638275,0.07964132726192474,0.0679311454296112,cone,0.25288471579551697,0.016089245676994324,demons,low,0.0,0.4743524728030937,0.9389160871505737,0.31493135918235116,16,0.2428593750082655
0.02188866399228573,0.016816627234220505,0.21175985038280487,0.055589403957128525,cone,0.25288471579551697,0.016089245676994324,raft,low,0.0,0.4743524728030937,0.13370533287525177,0.8373770226352243,16,0.12284054099291097
0.03644498437643051,0.03572489321231842,0.06340164691209793,0.04285692423582077,cone,0.25288471579551697,0.016089245676994324,farneback,medium,0.0,0.4743524728030937,0.8852909207344055,0.2507136372898258,16,0.02512354200007394
0.023293837904930115,0.022066274657845497,0.06924760341644287,0.028491048142313957,cone,0.25288471579551697,0.016089245676994324,lucas_kanade,medium,0.0,0.4743524728030937,0.7779190540313721,0.2738307184702954,16,0.07423199999902863
0.021977199241518974,0.020976807922124863,0.059426743537187576,0.026463689282536507,cone,0.25288471579551697,0.016089245676994324,dis,medium,0.0,0.4743524728030937,0.7675712704658508,0.23499539444384668,16,0.025390084003447555
0.058074936270713806,0.05759785696864128,0.07593429088592529,0.06678836792707443,cone,0.25288471579551697,0.016089245676994324,tvl1,medium,0.0,0.4743524728030937,0.827838659286499,0.30027236184303796,16,1.2657682909921277
0.09742944687604904,0.09716129302978516,0.10746784508228302,0.11858919262886047,cone,0.25288471579551697,0.016089245676994324,demons,medium,0.0,0.4743524728030937,0.9673238396644592,0.424967735769297,16,0.24156025001138914
0.02176341786980629,0.016677869483828545,0.21214047074317932,0.05497916787862778,cone,0.25288471579551697,0.016089245676994324,raft,medium,0.0,0.4743524728030937,0.1312905251979828,0.8388821367706402,16,0.12609945800795685
0.14210326969623566,0.14199072122573853,0.14631667733192444,0.1638825535774231,cone,0.25288471579551697,0.016089245676994324,farneback,high,0.0,0.4743524728030937,1.0427896976470947,0.5785904334773493,16,0.025616708007873967
0.08772914856672287,0.0874052569270134,0.09985432773828506,0.10031205415725708,cone,0.25288471579551697,0.016089245676994324,lucas_kanade,high,0.0,0.4743524728030937,0.8850679993629456,0.3948610631693038,16,0.08469508300186135
0.08908955007791519,0.08886393904685974,0.0975353866815567,0.10149970650672913,cone,0.25288471579551697,0.016089245676994324,dis,high,0.0,0.4743524728030937,0.8651955127716064,0.3856911097799362,16,0.023311166994972154
0.11512474715709686,0.11499208211898804,0.12009131163358688,0.12980791926383972,cone,0.25288471579551697,0.016089245676994324,tvl1,high,0.0,0.4743524728030937,0.8612353205680847,0.47488560649388134,16,1.3056475409975974
0.23150712251663208,0.23148635029792786,0.23228447139263153,0.26812395453453064,cone,0.25288471579551697,0.016089245676994324,demons,high,0.0004276464903052541,0.4743524728030937,1.0734593868255615,0.9185389898393748,16,0.2435522919986397
0.026676267385482788,0.021239038556814194,0.23021841049194336,0.06191364303231239,cone,0.25288471579551697,0.016089245676994324,raft,high,0.0,0.4743524728030937,0.10582239180803299,0.9103690184190427,16,0.11816579099104274
0.015948180109262466,0.00972337368875742,0.24841558933258057,0.06377045810222626,cone,0.7441010475158691,0.08155645430088043,farneback,clean,4.1583499667332004e-05,1.6176852252095226,0.7173585295677185,0.3338465792541203,17,0.025345957998069935
0.021909264847636223,0.014153065159916878,0.311567097902298,0.08598598092794418,cone,0.7441010475158691,0.08155645430088043,lucas_kanade,clean,0.00013663149890694802,1.6176852252095226,0.5498489141464233,0.41871611247214824,17,0.06888033299765084
0.011993498541414738,0.006959185004234314,0.2000015825033188,0.05352111533284187,cone,0.7441010475158691,0.08155645430088043,dis,clean,0.0,1.6176852252095226,0.7168449759483337,0.26878282616455185,17,0.02202104100433644
0.018185952678322792,0.012823248282074928,0.218457892537117,0.06092097982764244,cone,0.7441010475158691,0.08155645430088043,tvl1,clean,0.0,1.6176852252095226,0.6999191641807556,0.29358632576371696,17,1.168653542001266
0.022420663386583328,0.017271485179662704,0.21471846103668213,0.06508853286504745,cone,0.7441010475158691,0.08155645430088043,demons,clean,3.5642999714856005e-05,1.6176852252095226,0.8053733706474304,0.2885608906928772,17,0.2246988330007298
0.05646730586886406,0.0420929454267025,0.5932827591896057,0.1633109152317047,cone,0.7441010475158691,0.08155645430088043,raft,clean,0.006451382948388936,1.6176852252095226,0.1569427102804184,0.7973147748820405,17,0.11581308400491253
0.026547301560640335,0.020589405670762062,0.2490469366312027,0.06537441909313202,cone,0.7441010475158691,0.08155645430088043,farneback,low,4.1583499667332004e-05,1.6176852252095226,0.7169634699821472,0.3346950490966637,17,0.028305125000770204
0.028307605534791946,0.020713377743959427,0.3119165003299713,0.08651483803987503,cone,0.7441010475158691,0.08155645430088043,lucas_kanade,low,0.00013663149890694802,1.6176852252095226,0.5504488348960876,0.419185675616616,17,0.07230758400692139
0.019737141206860542,0.014928201213479042,0.19932858645915985,0.05476071313023567,cone,0.7441010475158691,0.08155645430088043,dis,low,0.0,1.6176852252095226,0.716696560382843,0.2678783844272291,17,0.024201584004913457
0.04461945593357086,0.03998440504074097,0.2177169919013977,0.07118315994739532,cone,0.7441010475158691,0.08155645430088043,tvl1,low,0.0,1.6176852252095226,0.7010148763656616,0.29259062680832276,17,1.223126458004117
0.0698973685503006,0.0661945790052414,0.20817895233631134,0.10162097215652466,cone,0.7441010475158691,0.08155645430088043,demons,low,7.128599942971201e-05,1.6176852252095226,0.8225203156471252,0.27977242208071423,17,0.24112704199797008
0.057608846575021744,0.04300655797123909,0.6029362678527832,0.16525740921497345,cone,0.7441010475158691,0.08155645430088043,raft,low,0.006736526946107785,1.6176852252095226,0.1555807739496231,0.810288158934388,17,0.12181995800347067
0.046231020241975784,0.04062258452177048,0.25568002462387085,0.07534860074520111,cone,0.7441010475158691,0.08155645430088043,farneback,medium,4.1583499667332004e-05,1.6176852252095226,0.7164958119392395,0.3436092792470072,17,0.02708416699897498
0.04023606330156326,0.03292128071188927,0.31340906023979187,0.08936500549316406,cone,0.7441010475158691,0.08155645430088043,lucas_kanade,medium,0.00014257199885942402,1.6176852252095226,0.5504801869392395,0.4211915320991507,17,0.0729618329933146
0.03185829147696495,0.02685629390180111,0.21865956485271454,0.06383129209280014,cone,0.7441010475158691,0.08155645430088043,dis,medium,0.0,1.6176852252095226,0.6882844567298889,0.2938573538939297,17,0.023828999997931533
0.06317915767431259,0.05844401195645332,0.24001482129096985,0.08839699625968933,cone,0.7441010475158691,0.08155645430088043,tvl1,medium,5.940499952476e-06,1.6176852252095226,0.6575027704238892,0.32255675770413583,17,1.2457873340026708
0.11215053498744965,0.10896246880292892,0.23121018707752228,0.1463339924812317,cone,0.7441010475158691,0.08155645430088043,demons,medium,0.00015445299876437602,1.6176852252095226,0.7961575984954834,0.31072417899343346,17,0.24847104199579917
0.05531938746571541,0.040697742253541946,0.6013695001602173,0.16457854211330414,cone,0.7441010475158691,0.08155645430088043,raft,medium,0.007069194943446441,1.6176852252095226,0.14592966437339783,0.808182574353105,17,0.11560608299623709
0.14933425188064575,0.14547346532344818,0.29351624846458435,0.17559587955474854,cone,0.7441010475158691,0.08155645430088043,farneback,high,7.722649938218801e-05,1.6176852252095226,0.7110269665718079,0.39445751278602337,17,0.02770487499947194
0.10139714181423187,0.09521787613630295,0.3321644067764282,0.13222409784793854,cone,0.7441010475158691,0.08155645430088043,lucas_kanade,high,0.000350489497196084,1.6176852252095226,0.5376660227775574,0.4463969079002597,17,0.09604362500249408
0.09906143695116043,0.09427860379219055,0.27767807245254517,0.12542741000652313,cone,0.7441010475158691,0.08155645430088043,dis,high,0.00016039349871685202,1.6176852252095226,0.6010154485702515,0.37317253265474437,17,0.02326945899403654
0.12076359987258911,0.11568383872509003,0.31046944856643677,0.14796596765518188,cone,0.7441010475158691,0.08155645430088043,tvl1,high,0.000481180496150556,1.6176852252095226,0.521077573299408,0.4172409776910246,17,1.2864256250031758
0.24555224180221558,0.24391205608844757,0.3068041503429413,0.2927512228488922,cone,0.7441010475158691,0.08155645430088043,demons,high,0.003582121471343028,1.6176852252095226,0.7546584606170654,0.41231517059031986,17,0.24387241699150763
0.058707255870103836,0.045205648988485336,0.5629293322563171,0.16068652272224426,cone,0.7441010475158691,0.08155645430088043,raft,high,0.006380096948959225,1.6176852252095226,0.18271999061107635,0.7565226982754809,17,0.11623724999662954
0.00805074442178011,0.005040754564106464,0.10152706503868103,0.027360079810023308,cone,0.3645690381526947,0.04493679106235504,farneback,clean,0.0,0.724698299343752,0.8006022572517395,0.2784851548368675,18,0.026912208006251603
0.010434816591441631,0.006569895893335342,0.13046130537986755,0.0359831377863884,cone,0.3645690381526947,0.04493679106235504,lucas_kanade,clean,0.0,0.724698299343752,0.6716439127922058,0.35785075452629533,18,0.06979937500727829
0.0060271634720265865,0.0032712589018046856,0.09161277860403061,0.02278219908475876,cone,0.3645690381526947,0.04493679106235504,dis,clean,0.0,0.724698299343752,0.7455543875694275,0.2512906171852692,18,0.021649542002705857
0.012108497321605682,0.009247798472642899,0.10094855725765228,0.030501386150717735,cone,0.3645690381526947,0.04493679106235504,tvl1,clean,0.0,0.724698299343752,0.7520011067390442,0.2768983284185844,18,1.1548679160041502
0.01483478955924511,0.011893645860254765,0.10617311298847198,0.03683265298604965,cone,0.3645690381526947,0.04493679106235504,demons,clean,0.0,0.724698299343752,0.8869393467903137,0.2912291003275019,18,0.23268741701031104
0.04055173322558403,0.03262648731470108,0.28667306900024414,0.08598852157592773,cone,0.3645690381526947,0.04493679106235504,raft,clean,0.0,0.724698299343752,0.18269766867160797,0.7863341068480288,18,0.12280845899658743
0.018060550093650818,0.01535320095717907,0.10213827341794968,0.030521279200911522,cone,0.3645690381526947,0.04493679106235504,farneback,low,0.0,0.724698299343752,0.8056668043136597,0.28016167784157925,18,0.027312042002449743
0.01622636802494526,0.012552955187857151,0.13030552864074707,0.036891620606184006,cone,0.3645690381526947,0.04493679106235504,lucas_kanade,low,0.0,0.724698299343752,0.674452543258667,0.35742346443081763,18,0.07195316700381227
0.01349760964512825,0.010899942368268967,0.09416911005973816,0.02568383328616619,cone,0.3645690381526947,0.04493679106235504,dis,low,0.0,0.724698299343752,0.7396737933158875,0.2583025441131859,18,0.02364183399186004
0.038251932710409164,0.03621039539575577,0.1016526147723198,0.047560401260852814,cone,0.3645690381526947,0.04493679106235504,tvl1,low,0.0,0.724698299343752,0.7622733116149902,0.2788295333235183,18,1.2214328330010176
0.05617925524711609,0.05452178418636322,0.10765247792005539,0.07533830404281616,cone,0.3645690381526947,0.04493679106235504,demons,low,0.0,0.724698299343752,0.8993117809295654,0.295286946103653,18,0.24692291699466296
0.04027800261974335,0.032294098287820816,0.2882211208343506,0.08616355806589127,cone,0.3645690381526947,0.04493679106235504,raft,low,0.0,0.724698299343752,0.17556916177272797,0.7905803583727073,18,0.12251670900150202
0.03771064803004265,0.03540140390396118,0.10942505300045013,0.04725443571805954,cone,0.3645690381526947,0.04493679106235504,farneback,medium,0.0,0.724698299343752,0.7917799353599548,0.3001490569657727,18,0.02642416699382011
0.027748269960284233,0.02430061623454094,0.1348162591457367,0.04301374405622482,cone,0.3645690381526947,0.04493679106235504,lucas_kanade,medium,0.0,0.724698299343752,0.6630821228027344,0.3697962389479459,18,0.07260083299479447
0.02421136572957039,0.021541427820920944,0.10712726414203644,0.03474942594766617,cone,0.3645690381526947,0.04493679106235504,dis,medium,0.0,0.724698299343752,0.7121118307113647,0.2938463032540017,18,0.025645166999311186
0.05815887451171875,0.0564752072095871,0.11044570803642273,0.06830842047929764,cone,0.3645690381526947,0.04493679106235504,tvl1,medium,0.0,0.724698299343752,0.735407292842865,0.3029486776936995,18,1.2583060409961035
0.09724877774715424,0.09625119715929031,0.12822934985160828,0.12017618864774704,cone,0.3645690381526947,0.04493679106235504,demons,medium,1.037274457635118e-05,0.724698299343752,0.8913261890411377,0.3517285793147941,18,0.2454124999931082
0.04113689437508583,0.03304610028862953,0.29239949584007263,0.08806067705154419,cone,0.3645690381526947,0.04493679106235504,raft,medium,0.0,0.724698299343752,0.16620437800884247,0.8020414934896505,18,0.11810404100106098
0.13876964151859283,0.1379227489233017,0.1650703102350235,0.15959995985031128,cone,0.3645690381526947,0.04493679106235504,farneback,high,0.0,0.724698299343752,0.8059253096580505,0.4527820329215288,18,0.026866250002058223
0.08920088410377502,0.08713441342115402,0.15337592363357544,0.10285833477973938,cone,0.3645690381526947,0.04493679106235504,lucas_kanade,high,0.0,0.724698299343752,0.7088789939880371,0.4207047433614921,18,0.09345825000491459
0.08687436580657959,0.08508136123418808,0.14255665242671967,0.09975134581327438,cone,0.3645690381526947,0.04493679106235504,dis,high,0.0,0.724698299343752,0.6956980228424072,0.3910278644315697,18,0.02351370800170116
0.11402308195829391,0.1127268597483635,0.15427787601947784,0.1290484368801117,cone,0.3645690381526947,0.04493679106235504,tvl1,high,0.0,0.724698299343752,0.6926916241645813,0.4231787669112501,18,1.2994732499937527
0.22679182887077332,0.22652703523635864,0.23501528799533844,0.2640790343284607,cone,0.3645690381526947,0.04493679106235504,demons,high,0.000783142215514514,0.724698299343752,0.9225443005561829,0.6446386374064644,18,0.24340908299200237
0.05462013930082321,0.046470046043395996,0.3077239692211151,0.09979061037302017,cone,0.3645690381526947,0.04493679106235504,raft,high,0.0,0.724698299343752,0.15773139894008636,0.8440759829204947,18,0.11567212500085589
0.016423281282186508,0.010329038836061954,0.21937192976474762,0.05782260000705719,cone,0.8728840351104736,0.16710391640663147,farneback,clean,0.0,2.058180085391555,0.8298827409744263,0.25131852679260375,19,0.02590591600164771
0.022877274081110954,0.014416110701858997,0.3046485483646393,0.08491399884223938,cone,0.8728840351104736,0.16710391640663147,lucas_kanade,clean,5.762511197606986e-05,2.058180085391555,0.6737408638000488,0.3490137705704315,19,0.07105999998748302
0.011597980745136738,0.007103840820491314,0.16126051545143127,0.04575537517666817,cone,0.8728840351104736,0.16710391640663147,dis,clean,0.0,2.058180085391555,0.8297674655914307,0.18474448949111766,19,0.02287770800467115
0.022325199097394943,0.018118932843208313,0.162401020526886,0.054969772696495056,cone,0.8728840351104736,0.16710391640663147,tvl1,clean,0.0,2.058180085391555,0.8442270159721375,0.18605108352833175,19,1.1808096250024391
0.028393715620040894,0.024048905819654465,0.17308326065540314,0.06345529854297638,cone,0.8728840351104736,0.16710391640663147,demons,clean,0.0,2.058180085391555,0.9104600548744202,0.19828895213268213,19,0.22696500000893138
0.05615905672311783,0.04162091389298439,0.5403041243553162,0.1620335727930069,cone,0.8728840351104736,0.16710391640663147,raft,clean,0.00624970532613194,2.058180085391555,0.36910340189933777,0.6189872911204458,19,0.12278708300436847
0.025550812482833862,0.019714342430233955,0.2199152559041977,0.059304945170879364,cone,0.8728840351104736,0.16710391640663147,farneback,low,0.0,2.058180085391555,0.8307093381881714,0.2519409761874782,19,0.02616545899945777
0.028232544660568237,0.019962068647146225,0.3036534786224365,0.08508450537919998,cone,0.8728840351104736,0.16710391640663147,lucas_kanade,low,4.190917234623263e-05,2.058180085391555,0.6757480502128601,0.34787379125797124,19,0.07565358300053049
0.01838839426636696,0.014053436927497387,0.16274987161159515,0.047425124794244766,cone,0.8728840351104736,0.16710391640663147,dis,low,0.0,2.058180085391555,0.8273285031318665,0.18645073694239037,19,0.027065166999818757
0.04635586589574814,0.04277779534459114,0.16551163792610168,0.0659031867980957,cone,0.8728840351104736,0.16710391640663147,tvl1,low,0.0,2.058180085391555,0.8405480980873108,0.18961469252345103,19,1.2116145420004614
0.06465169042348862,0.0612817257642746,0.17687711119651794,0.08875153958797455,cone,0.8728840351104736,0.16710391640663147,demons,low,0.0,2.058180085391555,0.9116089344024658,0.20263529183934736,19,0.24930720799602568
0.055576391518116,0.041026536375284195,0.5401117205619812,0.16190358996391296,cone,0.8728840351104736,0.16710391640663147,raft,low,0.006349239610454243,2.058180085391555,0.36232849955558777,0.6187668680337632,19,0.12507479199848603
0.04415830224752426,0.038770612329244614,0.22357752919197083,0.06935129314661026,cone,0.8728840351104736,0.16710391640663147,farneback,medium,0.0,2.058180085391555,0.8317773342132568,0.2561365773675474,19,0.026514666998991743
0.03884756565093994,0.03083321824669838,0.30573898553848267,0.0878436490893364,cone,0.8728840351104736,0.16710391640663147,lucas_kanade,medium,3.667052580295355e-05,2.058180085391555,0.6758706569671631,0.35026300544010736,19,0.07554679199529346
0.029116427525877953,0.024695998057723045,0.176324263215065,0.05533592775464058,cone,0.8728840351104736,0.16710391640663147,dis,medium,0.0,2.058180085391555,0.8128950595855713,0.20200193395993216,19,0.026163624992477708
0.06515166908502579,0.061590760946273804,0.18373578786849976,0.0839671790599823,cone,0.8728840351104736,0.16710391640663147,tvl1,medium,0.0,2.058180085391555,0.8084070086479187,0.21049278080248754,19,1.2326779580034781
0.10169001668691635,0.09905898571014404,0.18930795788764954,0.1260683834552765,cone,0.8728840351104736,0.16710391640663147,demons,medium,8.381834469246526e-05,2.058180085391555,0.9070367813110352,0.21687641229878882,19,0.24476425000466406
0.05410929396748543,0.03925122320652008,0.548908531665802,0.16213330626487732,cone,0.8728840351104736,0.16710391640663147,raft,medium,0.006694990282310662,2.058180085391555,0.37421780824661255,0.6288447372007797,19,0.11659983299614396
0.1417660415172577,0.1378907412290573,0.27082017064094543,0.16606195271015167,cone,0.8728840351104736,0.16710391640663147,farneback,high,3.667052580295355e-05,2.058180085391555,0.8111356496810913,0.31025904902324164,19,0.027083624998340383
0.09643851220607758,0.08979963511228561,0.31752443313598633,0.12703029811382294,cone,0.8728840351104736,0.16710391640663147,lucas_kanade,high,0.00016239804284165144,2.058180085391555,0.6661222577095032,0.363764738916092,19,0.09485045900510158
0.09024760872125626,0.0858277976512909,0.23743456602096558,0.1130923479795456,cone,0.8728840351104736,0.16710391640663147,dis,high,5.238646543279079e-06,2.058180085391555,0.7553952932357788,0.27201158054278707,19,0.025589416996808723
0.12063470482826233,0.11611764878034592,0.27106037735939026,0.14511491358280182,cone,0.8728840351104736,0.16710391640663147,tvl1,high,8.905699123574433e-05,2.058180085391555,0.6846222877502441,0.31053423645797856,19,1.2902174159971764
0.22629688680171967,0.22502705454826355,0.2685842514038086,0.26344770193099976,cone,0.8728840351104736,0.16710391640663147,demons,high,0.0005657738266741405,2.058180085391555,0.8479790687561035,0.3076975183419595,19,0.246440833012457
0.06655947864055634,0.050105828791856766,0.6144942045211792,0.18169178068637848,cone,0.8728840351104736,0.16710391640663147,raft,high,0.008680437322213432,2.058180085391555,0.25278013944625854,0.7039814910160521,19,0.11624358399421908
0.0069772228598594666,0.0039637405425310135,0.22902537882328033,0.03978273272514343,blast,0.5836035013198853,0.018491681665182114,farneback,clean,0.0,0.8230226127173529,0.6547350883483887,0.3924331816127106,0,0.026292417009244673
0.010159914381802082,0.00556640699505806,0.3486321270465851,0.058437757194042206,blast,0.5836035013198853,0.018491681665182114,lucas_kanade,clean,0.0,0.8230226127173529,0.3271535336971283,0.5973784020454198,0,0.06869908299995586
0.005140779074281454,0.002375326119363308,0.2089129239320755,0.03170720487833023,blast,0.5836035013198853,0.018491681665182114,dis,clean,0.0,0.8230226127173529,0.5787914395332336,0.357970648667452,0,0.02242958400165662
0.010062184184789658,0.007327906787395477,0.2115371972322464,0.03641500324010849,blast,0.5836035013198853,0.018491681665182114,tvl1,clean,0.0,0.8230226127173529,0.6328193545341492,0.36246732028480144,0,1.1815830419945996
0.0076706791296601295,0.005508171860128641,0.16701479256153107,0.031412988901138306,blast,0.5836035013198853,0.018491681665182114,demons,clean,0.0,0.8230226127173529,0.7831449508666992,0.28617853077270483,0,0.22825433300749864
0.024980632588267326,0.01741567626595497,0.5824036002159119,0.0910973995923996,blast,0.5836035013198853,0.018491681665182114,raft,clean,0.0,0.8230226127173529,0.004827253520488739,0.9979439789150345,0,0.123240667002392
0.018167033791542053,0.015291181392967701,0.2300739884376526,0.042090680450201035,blast,0.5836035013198853,0.018491681665182114,farneback,low,0.0,0.8230226127173529,0.654394805431366,0.3942299659226072,0,0.027430999994976446
0.016570718958973885,0.012055623345077038,0.34926506876945496,0.058951471000909805,blast,0.5836035013198853,0.018491681665182114,lucas_kanade,low,0.0,0.8230226127173529,0.32590627670288086,0.5984629426992,0,0.07665712499874644
0.013212257996201515,0.010481279343366623,0.21444424986839294,0.03391846641898155,blast,0.5836035013198853,0.018491681665182114,dis,low,0.0,0.8230226127173529,0.5688314437866211,0.36744853206569705,0,0.024428708013147116
0.04067273437976837,0.03832732141017914,0.2134944051504135,0.054817162454128265,blast,0.5836035013198853,0.018491681665182114,tvl1,low,0.0,0.8230226127173529,0.6301839351654053,0.3658209806273811,0,1.212807249990874
0.0458502396941185,0.04417262598872185,0.16946494579315186,0.060006268322467804,blast,0.5836035013198853,0.018491681665182114,demons,low,0.0,0.8230226127173529,0.7795577049255371,0.29037684902487343,0,0.2515627920074621
0.024957533925771713,0.01738494262099266,0.5829432606697083,0.091066874563694,blast,0.5836035013198853,0.018491681665182114,raft,low,0.0,0.8230226127173529,0.004842625465244055,0.9988686828494281,0,0.11570787501113955
0.03892195224761963,0.03626799210906029,0.23447884619235992,0.05575887858867645,blast,0.5836035013198853,0.018491681665182114,farneback,medium,0.0,0.8230226127173529,0.6513182520866394,0.4017776549696147,0,0.02658125000016298
0.02920450083911419,0.024773607030510902,0.35569459199905396,0.06336196511983871,blast,0.5836035013198853,0.018491681665182114,lucas_kanade,medium,0.0,0.8230226127173529,0.31953486800193787,0.6094798800805863,0,0.08049366700288374
0.024764126166701317,0.02188282273709774,0.2370726615190506,0.04286333546042442,blast,0.5836035013198853,0.018491681665182114,dis,medium,0.0,0.8230226127173529,0.5350309610366821,0.406222137089452,0,0.027071541000623256
0.06736312061548233,0.06495494395494461,0.2448091208934784,0.08196540176868439,blast,0.5836035013198853,0.018491681665182114,tvl1,medium,0.0,0.8230226127173529,0.577470600605011,0.4194784992547421,0,1.2331703750096494
0.08857686817646027,0.08725306391716003,0.18612140417099,0.10591734945774078,blast,0.5836035013198853,0.018491681665182114,demons,medium,0.0,0.8230226127173529,0.7691656351089478,0.318917559181971,0,0.2420160829933593
0.024225305765867233,0.01663222350180149,0.5837208032608032,0.0910060778260231,blast,0.5836035013198853,0.018491681665182114,raft,medium,0.0,0.8230226127173529,0.00489363819360733,1.0002009959512796,0,0.12571304199809674
0.14149177074432373,0.139692023396492,0.2741067409515381,0.16431400179862976,blast,0.5836035013198853,0.018491681665182114,farneback,high,0.0,0.8230226127173529,0.6620557904243469,0.4696797403230356,0,0.027830000006360933
0.09087152779102325,0.08716627210378647,0.36389270424842834,0.11246594041585922,blast,0.5836035013198853,0.018491681665182114,lucas_kanade,high,0.0,0.8230226127173529,0.32888761162757874,0.6235272808087063,0,0.08272558300814126
0.086859330534935,0.08377966284751892,0.3137843608856201,0.10435421764850616,blast,0.5836035013198853,0.018491681665182114,dis,high,0.0,0.8230226127173529,0.42979860305786133,0.5376670293717589,0,0.02459637499123346
0.1233956441283226,0.12048038095235825,0.33820685744285583,0.14259935915470123,blast,0.5836035013198853,0.018491681665182114,tvl1,high,0.0,0.8230226127173529,0.41964206099510193,0.5795147847433452,0,1.3739001659996575
0.212680846452713,0.21179558336734772,0.27791115641593933,0.24420461058616638,blast,0.5836035013198853,0.018491681665182114,demons,high,9.918212890625e-05,0.8230226127173529,0.704895555973053,0.4761985762378256,0,0.24187708299723454
0.02900204434990883,0.021487340331077576,0.5827223062515259,0.09163075685501099,blast,0.5836035013198853,0.018491681665182114,raft,high,0.0,0.8230226127173529,0.010035446844995022,0.9984900791952646,0,0.11755541599995922
0.018464529886841774,0.011320516467094421,0.2500103712081909,0.06302651017904282,blast,0.664546549320221,0.05775387957692146,farneback,clean,0.0,0.9560284018000004,0.602018415927887,0.37621197712023624,1,0.026020665987743996
0.02518930286169052,0.01516609638929367,0.35005316138267517,0.08674954622983932,blast,0.664546549320221,0.05775387957692146,lucas_kanade,clean,0.0,0.9560284018000004,0.389256089925766,0.5267549154242877,1,0.07497787500324193
0.013564060442149639,0.006623377092182636,0.23851968348026276,0.053402453660964966,blast,0.664546549320221,0.05775387957692146,dis,clean,0.0,0.9560284018000004,0.5855598449707031,0.3589209570409322,1,0.02642816699517425
0.02302509918808937,0.01570112816989422,0.260403573513031,0.06292630732059479,blast,0.664546549320221,0.05775387957692146,tvl1,clean,3.814697265625e-06,0.9560284018000004,0.5738866925239563,0.391851517067395,1,1.2041028330131667
0.02534395083785057,0.01968785561621189,0.20866456627845764,0.05633023753762245,blast,0.664546549320221,0.05775387957692146,demons,clean,0.0,0.9560284018000004,0.7382921576499939,0.31399541009114434,1,0.2464199170062784
0.059635430574417114,0.04074150696396828,0.6720095872879028,0.1469729095697403,blast,0.664546549320221,0.05775387957692146,raft,clean,0.0,0.9560284018000004,0.011507921852171421,1.0112302711906578,1,0.12746304098982364
0.026835346594452858,0.01993670128285885,0.2504284977912903,0.06440629810094833,blast,0.664546549320221,0.05775387957692146,farneback,low,0.0,0.9560284018000004,0.5998501777648926,0.376841167932418,1,0.026841291997698136
0.02995992824435234,0.020075928419828415,0.35031187534332275,0.08709240704774857,blast,0.664546549320221,0.05775387957692146,lucas_kanade,low,0.0,0.9560284018000004,0.388459712266922,0.5271442244364437,1,0.07655970800260548
0.019934408366680145,0.013124690391123295,0.24064530432224274,0.055241767317056656,blast,0.664546549320221,0.05775387957692146,dis,low,0.0,0.9560284018000004,0.5766408443450928,0.3621195604256828,1,0.023927500005811453
0.04525850713253021,0.038753606379032135,0.2560898959636688,0.07183172553777695,blast,0.664546549320221,0.05775387957692146,tvl1,low,0.0,0.9560284018000004,0.5813188552856445,0.3853603577140363,1,1.1807225000084145
0.06085922196507454,0.05632207170128822,0.20791365206241608,0.08637555688619614,blast,0.664546549320221,0.05775387957692146,demons,low,0.0,0.9560284018000004,0.7397415637969971,0.31286544528008675,1,0.2570801669935463
0.059846825897693634,0.040975172072649,0.6714993715286255,0.14702680706977844,blast,0.664546549320221,0.05775387957692146,raft,low,0.0,0.9560284018000004,0.011230405420064926,1.010462505923049,1,0.12520579100237228
0.04561388120055199,0.039146121591329575,0.2552415728569031,0.07391160726547241,blast,0.664546549320221,0.05775387957692146,farneback,medium,7.62939453125e-06,0.9560284018000004,0.5953789949417114,0.3840838134183304,1,0.026374708002549596
0.041196294128894806,0.03155489265918732,0.3536853492259979,0.09015600383281708,blast,0.664546549320221,0.05775387957692146,lucas_kanade,medium,0.0,0.9560284018000004,0.3840309679508209,0.532220578961384,1,0.07627020799554884
0.03172256797552109,0.02456209994852543,0.2638017535209656,0.06436169892549515,blast,0.664546549320221,0.05775387957692146,dis,medium,0.0,0.9560284018000004,0.5379930734634399,0.3969650490109596,1,0.023497000001952983
0.06581227481365204,0.05938481166958809,0.27413418889045715,0.08931093662977219,blast,0.664546549320221,0.05775387957692146,tvl1,medium,0.0,0.9560284018000004,0.5515872836112976,0.4125131477559773,1,1.2254527500044787
0.10326842963695526,0.0992310643196106,0.23412373661994934,0.13098885118961334,blast,0.664546549320221,0.05775387957692146,demons,medium,5.7220458984375e-05,0.9560284018000004,0.7099378705024719,0.35230600002278184,1,0.24671670800307766
0.059508226811885834,0.040594521909952164,0.6725234985351562,0.14697767794132233,blast,0.664546549320221,0.05775387957692146,raft,medium,0.0,0.9560284018000004,0.011895728297531605,1.0120035973749244,1,0.12316424999153242
0.14332714676856995,0.13869613409042358,0.29342377185821533,0.16876602172851562,blast,0.664546549320221,0.05775387957692146,farneback,high,0.000102996826171875,0.9560284018000004,0.5873047113418579,0.4415398321733291,1,0.028779917003703304
0.09872967004776001,0.09041878581047058,0.3680950403213501,0.129482701420784,blast,0.664546549320221,0.05775387957692146,lucas_kanade,high,4.1961669921875e-05,0.9560284018000004,0.376051127910614,0.5539040729319601,1,0.08054066699696705
0.09243552386760712,0.08522674441337585,0.32608088850975037,0.11833563446998596,blast,0.664546549320221,0.05775387957692146,dis,high,6.4849853515625e-05,0.9560284018000004,0.4513455033302307,0.4906817872176232,1,0.024744541005929932
0.12267956137657166,0.11571414023637772,0.34843695163726807,0.14691661298274994,blast,0.664546549320221,0.05775387957692146,tvl1,high,3.4332275390625e-05,0.9560284018000004,0.44036731123924255,0.5243228664623897,1,1.3155261670035543
0.22733557224273682,0.2248644232749939,0.30742862820625305,0.26534152030944824,blast,0.664546549320221,0.05775387957692146,demons,high,0.0008392333984375,0.9560284018000004,0.6768794655799866,0.46261413669325113,1,0.23984112500329502
0.05954291671514511,0.0406716912984848,0.6711814403533936,0.14686624705791473,blast,0.664546549320221,0.05775387957692146,raft,high,0.0,0.9560284018000004,0.008957787416875362,1.00998408770606,1,0.12265579200175125
0.0046131727285683155,0.003258517012000084,0.10471987724304199,0.019718242809176445,blast,0.21766848862171173,0.00826785434037447,farneback,clean,0.0,0.3026903060772549,0.5233562588691711,0.4810980124230831,2,0.025736000010510907
0.005206338129937649,0.0033884099684655666,0.1395481526851654,0.02314956672489643,blast,0.21766848862171173,0.00826785434037447,lucas_kanade,clean,0.0,0.3026903060772549,0.31816771626472473,0.6411040641150753,2,0.06945329200243577
0.003394676838070154,0.0019063749350607395,0.1133776307106018,0.016613978892564774,blast,0.21766848862171173,0.00826785434037447,dis,clean,0.0,0.3026903060772549,0.415943443775177,0.5208729634156736,2,0.02267862499866169
0.007382030598819256,0.005636948626488447,0.13634057343006134,0.021686552092432976,blast,0.21766848862171173,0.00826785434037447,tvl1,clean,0.0,0.3026903060772549,0.36293458938598633,0.6263679887400192,2,1.1636237500060815
0.00735248439013958,0.006198036018759012,0.09266425669193268,0.01854877732694149,blast,0.21766848862171173,0.00826785434037447,demons,clean,0.0,0.3026903060772549,0.7004010081291199,0.4257127767031765,2,0.23351304199604783
0.014138534665107727,0.01137296762317419,0.218509241938591,0.032159410417079926,blast,0.21766848862171173,0.00826785434037447,raft,clean,0.0,0.3026903060772549,0.0161806121468544,1.0038625403346297,2,0.12648200000694487
0.016520477831363678,0.015341654419898987,0.10363359749317169,0.024655595421791077,blast,0.21766848862171173,0.00826785434037447,farneback,low,0.0,0.3026903060772549,0.533696711063385,0.4761074887292371,2,0.026385958000901155
0.012090630829334259,0.010382319800555706,0.13833196461200714,0.024712709710001945,blast,0.21766848862171173,0.00826785434037447,lucas_kanade,low,0.0,0.3026903060772549,0.32270893454551697,0.6355167231046275,2,0.07102654200571124
0.01184428483247757,0.0103994095697999,0.11861813068389893,0.020509304478764534,blast,0.21766848862171173,0.00826785434037447,dis,low,0.0,0.3026903060772549,0.392549067735672,0.5449485657524208,2,0.026958583010127768
0.03918124735355377,0.03807206079363823,0.1211482360959053,0.04703676700592041,blast,0.21766848862171173,0.00826785434037447,tvl1,low,0.0,0.3026903060772549,0.46256986260414124,0.5565722299218517,2,1.2018979170097737
0.05152870714664459,0.050892174243927,0.09856752306222916,0.06514880061149597,blast,0.21766848862171173,0.00826785434037447,demons,low,0.0,0.3026903060772549,0.6918867230415344,0.4528332221460436,2,0.2509182500070892
0.014443722553551197,0.011686847545206547,0.21817204356193542,0.03225758671760559,blast,0.21766848862171173,0.00826785434037447,raft,low,0.0,0.3026903060772549,0.022435396909713745,1.0023134030259144,2,0.12315300000773277
0.038496263325214386,0.03753488138318062,0.10954076796770096,0.0461747944355011,blast,0.21766848862171173,0.00826785434037447,farneback,medium,0.0,0.3026903060772549,0.5625211596488953,0.5032458701823073,2,0.025903916990500875
0.02520747482776642,0.023646481335163116,0.1405620574951172,0.033806249499320984,blast,0.21766848862171173,0.00826785434037447,lucas_kanade,medium,0.0,0.3026903060772549,0.33591511845588684,0.6457620870396239,2,0.075772500000312
0.023347577080130577,0.021868692710995674,0.13263458013534546,0.030771110206842422,blast,0.21766848862171173,0.00826785434037447,dis,medium,0.0,0.3026903060772549,0.35407525300979614,0.6093421283677511,2,0.025351542004500516
0.06108212471008301,0.06027107313275337,0.12101771682500839,0.0705094262957573,blast,0.21766848862171173,0.00826785434037447,tvl1,medium,0.0,0.3026903060772549,0.5093162655830383,0.5559726058250274,2,1.2594657919980818
0.09721027314662933,0.09682675451040268,0.12555114924907684,0.1167525202035904,blast,0.21766848862171173,0.00826785434037447,demons,medium,0.0,0.3026903060772549,0.7469867467880249,0.5767998392604887,2,0.2511872909963131
0.012958705425262451,0.010185237973928452,0.2179132103919983,0.03184741735458374,blast,0.21766848862171173,0.00826785434037447,raft,medium,0.0,0.3026903060772549,0.011570596136152744,1.0011242866242889,2,0.12599325001065154
0.14583659172058105,0.14547230303287506,0.1727570742368698,0.16822920739650726,blast,0.21766848862171173,0.00826785434037447,farneback,high,0.0,0.3026903060772549,0.6305453777313232,0.7936705736819172,2,0.026666374993510544
0.09037120640277863,0.08924797177314758,0.1733761876821518,0.10393575578927994,blast,0.21766848862171173,0.00826785434037447,lucas_kanade,high,0.0,0.3026903060772549,0.3941259980201721,0.7965148689182292,2,0.07813054199505132
0.09196005761623383,0.09103994816541672,0.15995462238788605,0.10513182729482651,blast,0.21766848862171173,0.00826785434037447,dis,high,0.0,0.3026903060772549,0.3919386863708496,0.7348542887430656,2,0.024810458009596914
0.11781961470842361,0.11706825345754623,0.17334367334842682,0.13306590914726257,blast,0.21766848862171173,0.00826785434037447,tvl1,high,0.0,0.3026903060772549,0.46918535232543945,0.7963654934439433,2,1.3329160419962136
0.2329658567905426,0.23290066421031952,0.23778285086154938,0.26944687962532043,blast,0.21766848862171173,0.00826785434037447,demons,high,0.0002899169921875,0.3026903060772549,0.8718611598014832,1.092408241391314,2,0.2466353329946287
0.014695203863084316,0.011921810917556286,0.21964414417743683,0.03238161280751228,blast,0.21766848862171173,0.00826785434037447,raft,high,0.0,0.3026903060772549,0.015301194973289967,1.0090764426593626,2,0.12336095799400937
0.021576693281531334,0.012857521884143353,0.31163904070854187,0.07773371040821075,blast,0.8624372482299805,0.06867381185293198,farneback,clean,0.0,1.2491480448999626,0.6564298868179321,0.36134691694744514,3,0.026597333009704016
0.030329629778862,0.01769796386361122,0.4505496919155121,0.11075077205896378,blast,0.8624372482299805,0.06867381185293198,lucas_kanade,clean,1.1444091796875e-05,1.2491480448999626,0.45233267545700073,0.5224144630118839,3,0.07254325000394601
0.014782173559069633,0.007099859416484833,0.2703511714935303,0.06029970571398735,blast,0.8624372482299805,0.06867381185293198,dis,clean,0.0,1.2491480448999626,0.6419225931167603,0.3134734405875725,3,0.023761290998663753
0.02402530238032341,0.01582961156964302,0.29667291045188904,0.07102739810943604,blast,0.8624372482299805,0.06867381185293198,tvl1,clean,0.0,1.2491480448999626,0.6041403412818909,0.3439936193163786,3,1.1710461659968132
0.0272812619805336,0.020751578733325005,0.24450547993183136,0.06577493250370026,blast,0.8624372482299805,0.06867381185293198,demons,clean,0.0,1.2491480448999626,0.7621656656265259,0.28350524102900376,3,0.23507279199839104
0.07216153293848038,0.048035137355327606,0.8747788667678833,0.18906868994235992,blast,0.8624372482299805,0.06867381185293198,raft,clean,0.016086578369140625,1.2491480448999626,0.012114296667277813,1.0143101640881491,3,0.12744008300069254
0.03110416792333126,0.02268676646053791,0.3111274540424347,0.07887185364961624,blast,0.8624372482299805,0.06867381185293198,farneback,low,0.0,1.2491480448999626,0.6569418907165527,0.3607537298290117,3,0.028733208004268818
0.03579085320234299,0.02331690676510334,0.4507640302181244,0.11105950176715851,blast,0.8624372482299805,0.06867381185293198,lucas_kanade,low,3.814697265625e-06,1.2491480448999626,0.4518628418445587,0.5226629892705216,3,0.07506704100524075
0.02215411141514778,0.014540371485054493,0.27544188499450684,0.06296655535697937,blast,0.8624372482299805,0.06867381185293198,dis,low,0.0,1.2491480448999626,0.6329418420791626,0.3193761465658039,3,0.026355042005889118
0.05017777904868126,0.042761050164699554,0.2969115078449249,0.08179677277803421,blast,0.8624372482299805,0.06867381185293198,tvl1,low,0.0,1.2491480448999626,0.607987105846405,0.34427027410317684,3,1.232241250007064
0.06321226060390472,0.05771700665354729,0.24602380394935608,0.08975488692522049,blast,0.8624372482299805,0.06867381185293198,demons,low,0.0,1.2491480448999626,0.7620935440063477,0.2852657447881362,3,0.25055483299365733
0.07224594801664352,0.04814698174595833,0.8739506602287292,0.18885387480258942,blast,0.8624372482299805,0.06867381185293198,raft,low,0.016071319580078125,1.2491480448999626,0.011954239569604397,1.0133498547545092,3,0.12680637500307057
0.051329970359802246,0.043310459703207016,0.31811651587486267,0.08860811591148376,blast,0.8624372482299805,0.06867381185293198,farneback,medium,0.0,1.2491480448999626,0.6526387929916382,0.3688575795256383,3,0.02657704200828448
0.04783234745264053,0.035663045942783356,0.4526709020137787,0.1140022799372673,blast,0.8624372482299805,0.06867381185293198,lucas_kanade,medium,2.6702880859375e-05,1.2491480448999626,0.4508315920829773,0.5248740159852974,3,0.07896758399147075
0.03545460104942322,0.027334706857800484,0.30558064579963684,0.07450640201568604,blast,0.8624372482299805,0.06867381185293198,dis,medium,0.0,1.2491480448999626,0.5995678305625916,0.35432217987661596,3,0.02507000000332482
0.07249018549919128,0.06439211964607239,0.3418899178504944,0.10396039485931396,blast,0.8624372482299805,0.06867381185293198,tvl1,medium,0.0,1.2491480448999626,0.5524711012840271,0.3964229496721886,3,1.245955500009586
0.10577478259801865,0.10075283795595169,0.2728406488895416,0.13273164629936218,blast,0.8624372482299805,0.06867381185293198,demons,medium,0.0,1.2491480448999626,0.7380989789962769,0.3163600012053109,3,0.24197925000044052
0.07150118798017502,0.04735558480024338,0.8747575879096985,0.18913504481315613,blast,0.8624372482299805,0.06867381185293198,raft,medium,0.016094207763671875,1.2491480448999626,0.01162687223404646,1.0142854911531287,3,0.12612666700442787
0.15132491290569305,0.14521346986293793,0.3546355962753296,0.1805831789970398,blast,0.8624372482299805,0.06867381185293198,farneback,high,3.814697265625e-05,1.2491480448999626,0.6629471182823181,0.41120162307827557,3,0.026791374999447726
0.10599419474601746,0.09508957713842392,0.468760222196579,0.14825494587421417,blast,0.8624372482299805,0.06867381185293198,lucas_kanade,high,0.000324249267578125,1.2491480448999626,0.4523559808731079,0.5435296575590133,3,0.08153462498739827
0.10165874660015106,0.09271825104951859,0.3990837037563324,0.13342240452766418,blast,0.8624372482299805,0.06867381185293198,dis,high,1.9073486328125e-05,1.2491480448999626,0.5090855360031128,0.46273941040393396,3,0.024765833004494198
0.1295250654220581,0.11969649791717529,0.45649394392967224,0.16298535466194153,blast,0.8624372482299805,0.06867381185293198,tvl1,high,0.00011444091796875,1.2491480448999626,0.43185415863990784,0.5293068508654464,3,1.3282627500011586
0.23491525650024414,0.2309550642967224,0.3666600286960602,0.27342715859413147,blast,0.8624372482299805,0.06867381185293198,demons,high,0.0005645751953125,1.2491480448999626,0.7072983980178833,0.42514400838852145,3,0.24634104200231377
0.07517705857753754,0.051216959953308105,0.8722622990608215,0.189509779214859,blast,0.8624372482299805,0.06867381185293198,raft,high,0.016002655029296875,1.2491480448999626,0.010882407426834106,1.011392192128767,3,0.12499987499904819
0.009011229500174522,0.005252443253993988,0.23381736874580383,0.04189591482281685,blast,0.5194247961044312,0.0218253992497921,farneback,clean,0.0,0.7279848222543127,0.5477574467658997,0.4501467209485981,4,0.02691200000117533
0.012323065660893917,0.007019299082458019,0.32953163981437683,0.05803706496953964,blast,0.5194247961044312,0.0218253992497921,lucas_kanade,clean,0.0,0.7279848222543127,0.30385515093803406,0.634416458909528,4,0.07176183399860747
0.0066812289878726006,0.0029040551744401455,0.2325870841741562,0.036621712148189545,blast,0.5194247961044312,0.0218253992497921,dis,clean,0.0,0.7279848222543127,0.4960479736328125,0.4477781690795412,4,0.02358912499039434
0.011829991824924946,0.007857780903577805,0.24940063059329987,0.042616430670022964,blast,0.5194247961044312,0.0218253992497921,tvl1,clean,0.0,0.7279848222543127,0.4962213933467865,0.48014771813696294,4,1.1662665830081096
0.011315025389194489,0.008393018506467342,0.18607497215270996,0.0358801893889904,blast,0.5194247961044312,0.0218253992497921,demons,clean,0.0,0.7279848222543127,0.6899014711380005,0.3582327481249072,4,0.22868024998751935
0.028859898447990417,0.020654728636145592,0.5195961594581604,0.0840819925069809,blast,0.5194247961044312,0.0218253992497921,raft,clean,0.0,0.7279848222543127,0.012474258430302143,1.0003299098445326,4,0.1264520839904435
0.019314762204885483,0.015724780037999153,0.23402495682239532,0.04376350715756416,blast,0.5194247961044312,0.0218253992497921,farneback,low,0.0,0.7279848222543127,0.5468671917915344,0.45054637086548377,4,0.028263667001738213
0.01843862049281597,0.013235173188149929,0.3296472430229187,0.0585719533264637,blast,0.5194247961044312,0.0218253992497921,lucas_kanade,low,0.0,0.7279848222543127,0.303556889295578,0.6346390189594311,4,0.07679525000276044
0.014343984425067902,0.010621625930070877,0.2369714081287384,0.0387304313480854,blast,0.5194247961044312,0.0218253992497921,dis,low,0.0,0.7279848222543127,0.4866010248661041,0.4562188981080043,4,0.026761957997223362
0.03949311375617981,0.03609408438205719,0.24278301000595093,0.056172799319028854,blast,0.5194247961044312,0.0218253992497921,tvl1,low,0.0,0.7279848222543127,0.5126016736030579,0.46740743188767414,4,1.1925564170087455
0.0505790039896965,0.048319704830646515,0.18570373952388763,0.06977424025535583,blast,0.5194247961044312,0.0218253992497921,demons,low,8.392333984375e-05,0.7279848222543127,0.6844432950019836,0.35751804865039905,4,0.24786237500666175
0.02862631343305111,0.02041432075202465,0.5197707414627075,0.08403721451759338,blast,0.5194247961044312,0.0218253992497921,raft,low,0.0,0.7279848222543127,0.011926369741559029,1.0006660162565801,4,0.12385920798988082
0.03879676014184952,0.0354844368994236,0.23690064251422882,0.05604851245880127,blast,0.5194247961044312,0.0218253992497921,farneback,medium,0.0,0.7279848222543127,0.5533061623573303,0.4560826596861186,4,0.028688000005786307
0.03015369549393654,0.025113485753536224,0.3315994143486023,0.062404271215200424,blast,0.5194247961044312,0.0218253992497921,lucas_kanade,medium,0.0,0.7279848222543127,0.30429044365882874,0.6383973519083477,4,0.07963129099516664
0.025487739592790604,0.021643811836838722,0.2553859353065491,0.0465582050383091,blast,0.5194247961044312,0.0218253992497921,dis,medium,0.0,0.7279848222543127,0.45023128390312195,0.49167066574773866,4,0.02498141600517556
0.06165746599435806,0.05846867710351944,0.2523730397224426,0.07678987830877304,blast,0.5194247961044312,0.0218253992497921,tvl1,medium,0.0,0.7279848222543127,0.5001245141029358,0.4858702195489771,4,1.2336045840056613
0.09119917452335358,0.08930052071809769,0.20475444197654724,0.11142026633024216,blast,0.5194247961044312,0.0218253992497921,demons,medium,7.62939453125e-06,0.7279848222543127,0.6747056245803833,0.39419458507210164,4,0.2583204999973532
0.028101511299610138,0.019865265116095543,0.5206961631774902,0.08392580598592758,blast,0.5194247961044312,0.0218253992497921,raft,medium,0.0,0.7279848222543127,0.009885181672871113,1.002447644168307,4,0.12262091699813027
0.13713468611240387,0.13467897474765778,0.2840062975883484,0.15856407582759857,blast,0.5194247961044312,0.0218253992497921,farneback,high,0.0,0.7279848222543127,0.540023684501648,0.5467707735909637,4,0.02842524999869056
0.08961084485054016,0.08519531041383743,0.35369575023651123,0.10999695211648941,blast,0.5194247961044312,0.0218253992497921,lucas_kanade,high,1.1444091796875e-05,0.7279848222543127,0.30339938402175903,0.6809373616530239,4,0.08343379100551829
0.08534123003482819,0.08139899373054504,0.3211185932159424,0.10314895957708359,blast,0.5194247961044312,0.0218253992497921,dis,high,0.0,0.7279848222543127,0.3725612461566925,0.618219606811726,4,0.026121749993762933
0.11918364465236664,0.1158897653222084,0.3161845803260803,0.13732804358005524,blast,0.5194247961044312,0.0218253992497921,tvl1,high,0.0,0.7279848222543127,0.42661985754966736,0.6087206130654397,4,1.3833165419928264
0.21769431233406067,0.21644465625286102,0.2924348711967468,0.2510490417480469,blast,0.5194247961044312,0.0218253992497921,demons,high,0.0002288818359375,0.7279848222543127,0.648725688457489,0.5629975183894617,4,0.2398712090071058
0.03099140152335167,0.02278325892984867,0.521905243396759,0.08457044512033463,blast,0.5194247961044312,0.0218253992497921,raft,high,0.0,0.7279848222543127,0.009795592166483402,1.0047753732800795,4,0.12432287499541417
0.008810754865407944,0.005957735236734152,0.1633114516735077,0.03198599815368652,blast,0.3530626893043518,0.021465633064508438,farneback,clean,0.0,0.5062010323867308,0.5548418760299683,0.462556527837264,5,0.02700054099841509
0.011389198713004589,0.007674683816730976,0.21254275739192963,0.04151853546500206,blast,0.3530626893043518,0.021465633064508438,lucas_kanade,clean,0.0,0.5062010323867308,0.3480519950389862,0.601997219844181,5,0.07309454199275933
0.007077790331095457,0.003952188417315483,0.17633971571922302,0.030480029061436653,blast,0.3530626893043518,0.021465633064508438,dis,clean,0.0,0.5062010323867308,0.4345628023147583,0.49945723822211163,5,0.021583541994914412
0.014601707458496094,0.011579604819417,0.1782587170600891,0.034878138452768326,blast,0.3530626893043518,0.021465633064508438,tvl1,clean,0.0,0.5062010323867308,0.47714611887931824,0.5048925373885207,5,1.164990959005081
0.013837243430316448,0.011596609838306904,0.13517509400844574,0.030894136056303978,blast,0.3530626893043518,0.021465633064508438,demons,clean,0.0,0.5062010323867308,0.710559070110321,0.38286428473873746,5,0.24879195798712317
0.025377966463565826,0.01930469460785389,0.35426628589630127,0.062141239643096924,blast,0.3530626893043518,0.021465633064508438,raft,clean,0.0,0.5062010323867308,0.014647138305008411,1.0034090166659098,5,0.11591024999506772
0.017672542482614517,0.01498044840991497,0.16345849633216858,0.03442353382706642,blast,0.3530626893043518,0.021465633064508438,farneback,low,0.0,0.5062010323867308,0.5541612505912781,0.46297301098067006,5,0.027100833001895808
0.01621941663324833,0.012592916376888752,0.21260668337345123,0.04212839901447296,blast,0.3530626893043518,0.021465633064508438,lucas_kanade,low,0.0,0.5062010323867308,0.34783273935317993,0.6021782811215636,5,0.07435500000428874
0.013612588867545128,0.010558955371379852,0.17897719144821167,0.03250511363148689,blast,0.3530626893043518,0.021465633064508438,dis,low,0.0,0.5062010323867308,0.4288462698459625,0.5069275142067684,5,0.02290145900042262
0.03803929314017296,0.035587042570114136,0.17083702981472015,0.04956397786736488,blast,0.3530626893043518,0.021465633064508438,tvl1,low,0.0,0.5062010323867308,0.5089563727378845,0.48387166072780047,5,1.1961836670088815
0.04450545459985733,0.042763251811265945,0.138851597905159,0.05847003310918808,blast,0.3530626893043518,0.021465633064508438,demons,low,0.0,0.5062010323867308,0.7169367671012878,0.39327746066496505,5,0.24415683400002308
0.025709226727485657,0.019658014178276062,0.35340288281440735,0.062209367752075195,blast,0.3530626893043518,0.021465633064508438,raft,low,0.0,0.5062010323867308,0.014657263644039631,1.0009635498747427,5,0.11692908400436863
0.03626161813735962,0.033864494413137436,0.16607420146465302,0.04814465343952179,blast,0.3530626893043518,0.021465633064508438,farneback,medium,0.0,0.5062010323867308,0.5562222599983215,0.47038162483799445,5,0.026855750009417534
0.027178822085261345,0.023746861144900322,0.21303115785121918,0.046930279582738876,blast,0.3530626893043518,0.021465633064508438,lucas_kanade,medium,0.0,0.5062010323867308,0.3523402512073517,0.6033805448855549,5,0.07562704199517611
0.024152647703886032,0.021043311804533005,0.1925336718559265,0.040230151265859604,blast,0.3530626893043518,0.021465633064508438,dis,medium,0.0,0.5062010323867308,0.39526063203811646,0.545324322531164,5,0.02390483400085941
0.06272765249013901,0.06069143861532211,0.17299574613571167,0.07434544712305069,blast,0.3530626893043518,0.021465633064508438,tvl1,medium,0.0,0.5062010323867308,0.5204283595085144,0.4899859185816816,5,1.2268393330014078
0.08394742012023926,0.08263431489467621,0.15505672991275787,0.10053499042987823,blast,0.3530626893043518,0.021465633064508438,demons,medium,0.0,0.5062010323867308,0.6968056559562683,0.43917619904349,5,0.24141366699768696
0.025619706138968468,0.01955520361661911,0.3540329933166504,0.06226648762822151,blast,0.3530626893043518,0.021465633064508438,raft,medium,0.0,0.5062010323867308,0.013043896295130253,1.002748248517028,5,0.11754208299680613
0.13362810015678406,0.13210435211658478,0.21614301204681396,0.15348176658153534,blast,0.3530626893043518,0.021465633064508438,farneback,high,0.0,0.5062010323867308,0.5922423601150513,0.6121944306057542,5,0.027294416999211535
0.0840504989027977,0.08126295357942581,0.23500525951385498,0.09884806722402573,blast,0.3530626893043518,0.021465633064508438,lucas_kanade,high,0.0,0.5062010323867308,0.35735729336738586,0.6656190717203556,5,0.08131783299904782
0.07931540161371231,0.0766608938574791,0.22306589782238007,0.09274500608444214,blast,0.3530626893043518,0.021465633064508438,dis,high,0.0,0.5062010323867308,0.3666776716709137,0.631802522837778,5,0.026309042004868388
0.11811850219964981,0.11619442701339722,0.22231343388557434,0.13433751463890076,blast,0.3530626893043518,0.021465633064508438,tvl1,high,0.0,0.5062010323867308,0.4647060036659241,0.6296712754429079,5,1.3727265000052284
0.20383220911026,0.20334582030773163,0.23017221689224243,0.23343105614185333,blast,0.3530626893043518,0.021465633064508438,demons,high,6.4849853515625e-05,0.5062010323867308,0.7252805829048157,0.6519301638634104,5,0.24292966700159013
0.029611974954605103,0.023638762533664703,0.3530816435813904,0.06337208300828934,blast,0.3530626893043518,0.021465633064508438,raft,high,0.0,0.5062010323867308,0.02490452118217945,1.0000536853018254,5,0.11589749999984633
0.01844039559364319,0.011336739175021648,0.22199071943759918,0.05804644152522087,blast,0.6655109524726868,0.061800114810466766,farneback,clean,0.0,0.9545309500362265,0.6987221240997314,0.3335643367142179,6,0.02733220800291747
0.02712925337255001,0.01639988273382187,0.33457186818122864,0.08672082424163818,blast,0.6655109524726868,0.061800114810466766,lucas_kanade,clean,0.0,0.9545309500362265,0.43453970551490784,0.5027293193870612,6,0.0749166250025155
0.013767821714282036,0.006818737369030714,0.21288897097110748,0.04907175153493881,blast,0.6655109524726868,0.061800114810466766,dis,clean,0.0,0.9545309500362265,0.6378669142723083,0.31988800511866056,6,0.022749374998966232
0.025329671800136566,0.018642578274011612,0.2169436365365982,0.05685865134000778,blast,0.6655109524726868,0.061800114810466766,tvl1,clean,0.0,0.9545309500362265,0.6524245142936707,0.32598056535440983,6,1.1636034159892006
0.02609143778681755,0.02096422202885151,0.1730082482099533,0.05212422087788582,blast,0.6655109524726868,0.061800114810466766,demons,clean,0.0,0.9545309500362265,0.7987950444221497,0.25996303677219157,6,0.24201745800382923
0.06178867071866989,0.04046773910522461,0.6727249622344971,0.15352162718772888,blast,0.6655109524726868,0.061800114810466766,raft,clean,0.0,0.9545309500362265,0.010610567405819893,1.0108398062195774,6,0.12338841700693592
0.026957765221595764,0.020153895020484924,0.22191789746284485,0.05958566442131996,blast,0.6655109524726868,0.061800114810466766,farneback,low,0.0,0.9545309500362265,0.6994730234146118,0.3334549140601147,6,0.02773216599598527
0.031397055834531784,0.020809944719076157,0.33476340770721436,0.08702128380537033,blast,0.6655109524726868,0.061800114810466766,lucas_kanade,low,0.0,0.9545309500362265,0.4340924024581909,0.503017127612116,6,0.07723149999219459
0.020077891647815704,0.013210108503699303,0.21686938405036926,0.05138642340898514,blast,0.6655109524726868,0.061800114810466766,dis,low,0.0,0.9545309500362265,0.6309228539466858,0.32586899320679447,6,0.024867416999768466
0.049671825021505356,0.04382972791790962,0.21707305312156677,0.06993209570646286,blast,0.6655109524726868,0.061800114810466766,tvl1,low,0.0,0.9545309500362265,0.6553583741188049,0.3261750273455878,6,1.230615292006405
0.05474270135164261,0.05047924816608429,0.17690888047218323,0.07264062017202377,blast,0.6655109524726868,0.061800114810466766,demons,low,0.0,0.9545309500362265,0.7931342124938965,0.2658241458159079,6,0.2470762909943005
0.06160297617316246,0.04026181995868683,0.6731187105178833,0.1535048484802246,blast,0.6655109524726868,0.061800114810466766,raft,low,0.0,0.9545309500362265,0.010525471530854702,1.0114314543087985,6,0.11575420798908453
0.04731310158967972,0.04109138995409012,0.22559186816215515,0.07112767547369003,blast,0.6655109524726868,0.061800114810466766,farneback,medium,0.0,0.9545309500362265,0.6983016729354858,0.33897544033494126,6,0.02690525000798516
0.042858824133872986,0.032636310905218124,0.3357776999473572,0.09021689742803574,blast,0.6655109524726868,0.061800114810466766,lucas_kanade,medium,0.0,0.9545309500362265,0.435136616230011,0.5045412080744649,6,0.0761068330029957
0.03245125338435173,0.02529716119170189,0.23744669556617737,0.061129502952098846,blast,0.6655109524726868,0.061800114810466766,dis,medium,0.0,0.9545309500362265,0.5946525931358337,0.3567885617568742,6,0.02275858299981337
0.07422995567321777,0.06825637817382812,0.2453983873128891,0.0939047560095787,blast,0.6655109524726868,0.061800114810466766,tvl1,medium,0.0,0.9545309500362265,0.6151388883590698,0.3687368125214446,6,1.2611736249964451
0.09609392285346985,0.09250644594430923,0.19889064133167267,0.11614891141653061,blast,0.6655109524726868,0.061800114810466766,demons,medium,0.0,0.9545309500362265,0.7773855328559875,0.29885404679321986,6,0.23881991699454375
0.06240740418434143,0.041177816689014435,0.6707263588905334,0.1538439393043518,blast,0.6655109524726868,0.061800114810466766,raft,medium,0.0,0.9545309500362265,0.0073638660833239555,1.0078366950964053,6,0.11983049999980722
0.14824290573596954,0.14410459995269775,0.26682281494140625,0.17366959154605865,blast,0.6655109524726868,0.061800114810466766,farneback,high,3.814697265625e-06,0.9545309500362265,0.7065357565879822,0.4009292618701973,6,0.027881290996447206
0.10060766339302063,0.09194576740264893,0.3488083481788635,0.12998099625110626,blast,0.6655109524726868,0.061800114810466766,lucas_kanade,high,0.0,0.9545309500362265,0.4354749917984009,0.5241211236011611,6,0.08029008300218266
0.09602391719818115,0.0887865349650383,0.3034061789512634,0.12006751447916031,blast,0.6655109524726868,0.061800114810466766,dis,high,0.0,0.9545309500362265,0.5126884579658508,0.45589960289002984,6,0.026171292003709823
0.12880459427833557,0.121831975877285,0.3286004364490509,0.1522616744041443,blast,0.6655109524726868,0.061800114810466766,tvl1,high,0.0,0.9545309500362265,0.48626402020454407,0.49375661696948103,6,1.3570792079990497
0.2229185253381729,0.22067654132843018,0.287160724401474,0.2568862736225128,blast,0.6655109524726868,0.061800114810466766,demons,high,0.000232696533203125,0.9545309500362265,0.7443831562995911,0.4314891037247946,6,0.24271229200530797
0.06711641699075699,0.04606078937649727,0.6704506874084473,0.15443657338619232,blast,0.6655109524726868,0.061800114810466766,raft,high,0.0,0.9545309500362265,0.011330063454806805,1.0074224697841667,6,0.11896062499727122
0.008342948742210865,0.004792492371052504,0.23375456035137177,0.042910799384117126,blast,0.5835248231887817,0.02166493609547615,farneback,clean,0.0,0.8105292642563425,0.6494556069374084,0.40059060225403226,7,0.026842332998057827
0.011883717030286789,0.00671278266236186,0.3401763439178467,0.06058094650506973,blast,0.5835248231887817,0.02166493609547615,lucas_kanade,clean,0.0,0.8105292642563425,0.37020498514175415,0.5829680767630222,7,0.07013129199913237
0.006177041679620743,0.0027490356005728245,0.22381451725959778,0.03558581322431564,blast,0.5835248231887817,0.02166493609547615,dis,clean,0.0,0.8105292642563425,0.569940984249115,0.38355612026326663,7,0.021783042000606656
0.011521350592374802,0.00800433848053217,0.23480971157550812,0.04143287241458893,blast,0.5835248231887817,0.02166493609547615,tvl1,clean,0.0,0.8105292642563425,0.6059920191764832,0.40239883933702436,7,1.1704829999944195
0.010142671875655651,0.007198554929345846,0.1970590353012085,0.0384618379175663,blast,0.5835248231887817,0.02166493609547615,demons,clean,0.0,0.8105292642563425,0.7352267503738403,0.3377046313545706,7,0.23179874999914318
0.02772216498851776,0.01900761015713215,0.5809923410415649,0.09375988692045212,blast,0.5835248231887817,0.02166493609547615,raft,clean,0.0,0.8105292642563425,0.008319907821714878,0.9956600267090994,7,0.11654004199954215
0.017858508974313736,0.014474301598966122,0.23271532356739044,0.04432905465364456,blast,0.5835248231887817,0.02166493609547615,farneback,low,0.0,0.8105292642563425,0.6512168645858765,0.398809638115605,7,0.02689708399702795
0.017543280497193336,0.01246305089443922,0.3400772511959076,0.06096470728516579,blast,0.5835248231887817,0.02166493609547615,lucas_kanade,low,0.0,0.8105292642563425,0.3703257441520691,0.5827982592711157,7,0.07467004199861549
0.013203623704612255,0.009890614077448845,0.22354020178318024,0.03673693165183067,blast,0.5835248231887817,0.02166493609547615,dis,low,0.0,0.8105292642563425,0.570084810256958,0.3830860194800326,7,0.026322792007704265
0.037348657846450806,0.03430618718266487,0.23050932586193085,0.05395084619522095,blast,0.5835248231887817,0.02166493609547615,tvl1,low,0.0,0.8105292642563425,0.6114954948425293,0.3950291687717226,7,1.2015658340096707
0.049701109528541565,0.04734344035387039,0.19938510656356812,0.07166492938995361,blast,0.5835248231887817,0.02166493609547615,demons,low,0.0,0.8105292642563425,0.7365031242370605,0.3416908735330067,7,0.2526144169969484
0.02759852260351181,0.018875587731599808,0.5814008712768555,0.0937337875366211,blast,0.5835248231887817,0.02166493609547615,raft,low,0.0,0.8105292642563425,0.00830763578414917,0.9963601344321231,7,0.12338970799464732
0.03660488873720169,0.03341745585203171,0.2389688789844513,0.05559805408120155,blast,0.5835248231887817,0.02166493609547615,farneback,medium,0.0,0.8105292642563425,0.6491034030914307,0.40952650082401065,7,0.029506416991353035
0.028985515236854553,0.02404673770070076,0.342538982629776,0.06452145427465439,blast,0.5835248231887817,0.02166493609547615,lucas_kanade,medium,0.0,0.8105292642563425,0.3700478971004486,0.5870169854264417,7,0.07794825000746641
0.023511989042162895,0.02010592445731163,0.2397564798593521,0.043844081461429596,blast,0.5835248231887817,0.02166493609547615,dis,medium,0.0,0.8105292642563425,0.5488103628158569,0.41087623067885526,7,0.02359549999528099
0.061699457466602325,0.0587284080684185,0.2503257989883423,0.07720360159873962,blast,0.5835248231887817,0.02166493609547615,tvl1,medium,0.0,0.8105292642563425,0.5847105979919434,0.42898911758438935,7,1.2259650839987444
0.08839942514896393,0.0865226536989212,0.20755212008953094,0.10982507467269897,blast,0.5835248231887817,0.02166493609547615,demons,medium,0.0,0.8105292642563425,0.7415350675582886,0.3556868737054289,7,0.24673562499810942
0.027451876550912857,0.018710907548666,0.5823991894721985,0.09370682388544083,blast,0.5835248231887817,0.02166493609547615,raft,medium,0.0,0.8105292642563425,0.00812650378793478,0.9980709754378022,7,0.11882012500427663
0.13357976078987122,0.13160111010074615,0.25919875502586365,0.15488603711128235,blast,0.5835248231887817,0.02166493609547615,farneback,high,0.0,0.8105292642563425,0.6522418260574341,0.4441949077837392,7,0.026022792008006945
0.0866975262761116,0.08259385079145432,0.3472314774990082,0.10810868442058563,blast,0.5835248231887817,0.02166493609547615,lucas_kanade,high,0.0,0.8105292642563425,0.37788745760917664,0.595058622530394,7,0.08085450000362471
0.08029041439294815,0.07697750627994537,0.29062098264694214,0.09721660614013672,blast,0.5835248231887817,0.02166493609547615,dis,high,0.0,0.8105292642563425,0.4734687805175781,0.498043906784957,7,0.025679083992145024
0.11901139467954636,0.11589338630437851,0.3169684410095215,0.13778701424598694,blast,0.5835248231887817,0.02166493609547615,tvl1,high,0.0,0.8105292642563425,0.4740510880947113,0.5431961562104376,7,1.3539346250036033
0.2088145613670349,0.20771801471710205,0.2784321904182434,0.24188025295734406,blast,0.5835248231887817,0.02166493609547615,demons,high,0.000316619873046875,0.8105292642563425,0.7241796255111694,0.47715569133237223,7,0.25009233299351763
0.02995077706873417,0.02120882272720337,0.5849605798721313,0.09408553689718246,blast,0.5835248231887817,0.02166493609547615,raft,high,0.0,0.8105292642563425,0.008478961884975433,1.0024604894707025,7,0.11569795799732674
0.021164696663618088,0.011530864052474499,0.6084232330322266,0.12056513130664825,blast,1.4519702196121216,0.06048738211393356,farneback,clean,0.004184722900390625,2.1434002854591454,0.5033254623413086,0.4190328594995291,8,0.02614762500161305
0.0301898792386055,0.015277901664376259,0.9391932487487793,0.1669241040945053,blast,1.4519702196121216,0.06048738211393356,lucas_kanade,clean,0.009288787841796875,2.1434002854591454,0.23657189309597015,0.6468405729421054,8,0.07246466699871235
0.015171505510807037,0.006841783877462149,0.522934079170227,0.09639395028352737,blast,1.4519702196121216,0.06048738211393356,dis,clean,0.0025177001953125,2.1434002854591454,0.5459010004997253,0.36015482418773254,8,0.02044345799367875
0.019742829725146294,0.011895931325852871,0.498073548078537,0.09680989384651184,blast,1.4519702196121216,0.06048738211393356,tvl1,clean,0.0025482177734375,2.1434002854591454,0.6255773305892944,0.34303289513168667,8,1.1739009160082787
0.021937480196356773,0.014652648009359837,0.466005802154541,0.09852331876754761,blast,1.4519702196121216,0.06048738211393356,demons,clean,0.00209808349609375,2.1434002854591454,0.605644941329956,0.3209472176908901,8,0.23022800000035204
0.06757889688014984,0.04481532797217369,1.455199122428894,0.24907660484313965,blast,1.4519702196121216,0.06048738211393356,raft,clean,0.01322174072265625,2.1434002854591454,0.004352387972176075,1.0022238078806018,8,0.11625616600213107
0.03096272423863411,0.02148485742509365,0.6087139248847961,0.12126677483320236,blast,1.4519702196121216,0.06048738211393356,farneback,low,0.004169464111328125,2.1434002854591454,0.5019032955169678,0.4192330646061099,8,0.026657791997422464
0.0360751748085022,0.02125290408730507,0.9396101832389832,0.16720931231975555,blast,1.4519702196121216,0.06048738211393356,lucas_kanade,low,0.0092620849609375,2.1434002854591454,0.23601004481315613,0.6471277237972485,8,0.07544862500799354
0.022555502131581306,0.01431211270391941,0.5250554084777832,0.0971963182091713,blast,1.4519702196121216,0.06048738211393356,dis,low,0.002559661865234375,2.1434002854591454,0.5423247814178467,0.3616158247502116,8,0.02596300000732299
0.04687516763806343,0.039462342858314514,0.4987456500530243,0.10344604402780533,blast,1.4519702196121216,0.06048738211393356,tvl1,low,0.002521514892578125,2.1434002854591454,0.6211093664169312,0.3434957847732296,8,1.2010368339979323
0.06044720858335495,0.05375394597649574,0.4684547781944275,0.11433567851781845,blast,1.4519702196121216,0.06048738211393356,demons,low,0.002162933349609375,2.1434002854591454,0.6004080176353455,0.32263387490107764,8,0.24743024999042973
0.06725110858678818,0.04447441175580025,1.4556715488433838,0.2490219920873642,blast,1.4519702196121216,0.06048738211393356,raft,low,0.0132293701171875,2.1434002854591454,0.004427624400705099,1.0025491770983093,8,0.12240420900343452
0.04974116012454033,0.04033658280968666,0.6230247020721436,0.12741494178771973,blast,1.4519702196121216,0.06048738211393356,farneback,medium,0.004390716552734375,2.1434002854591454,0.49676817655563354,0.42908917390783535,8,0.026689749996876344
0.04774070158600807,0.033020757138729095,0.9450380206108093,0.1697637289762497,blast,1.4519702196121216,0.06048738211393356,lucas_kanade,medium,0.00937652587890625,2.1434002854591454,0.23473165929317474,0.6508659804766975,8,0.07696074999694247
0.03381253033876419,0.025026194751262665,0.5694092512130737,0.10675563663244247,blast,1.4519702196121216,0.06048738211393356,dis,medium,0.003326416015625,2.1434002854591454,0.5171511769294739,0.3921631749204783,8,0.025831124992691912
0.07074891030788422,0.06211819872260094,0.5968585014343262,0.12769873440265656,blast,1.4519702196121216,0.06048738211393356,tvl1,medium,0.0037078857421875,2.1434002854591454,0.5499538779258728,0.4110680049579602,8,1.2312336250033695
0.10109834372997284,0.09450703859329224,0.5028911232948303,0.14749222993850708,blast,1.4519702196121216,0.06048738211393356,demons,medium,0.00258636474609375,2.1434002854591454,0.5867952108383179,0.34635085245010905,8,0.24697958400065545
0.06617823243141174,0.043381813913583755,1.4558007717132568,0.24875664710998535,blast,1.4519702196121216,0.06048738211393356,raft,medium,0.01322174072265625,2.1434002854591454,0.004024468827992678,1.0026381753905107,8,0.12236995800049044
0.14557050168514252,0.1373739242553711,0.6452167630195618,0.1947346031665802,blast,1.4519702196121216,0.06048738211393356,farneback,high,0.004955291748046875,2.1434002854591454,0.48509958386421204,0.44437327591465653,8,0.027011208003386855
0.10526138544082642,0.09136101603507996,0.952598512172699,0.19226643443107605,blast,1.4519702196121216,0.06048738211393356,lucas_kanade,high,0.009387969970703125,2.1434002854591454,0.23327013850212097,0.6560730373844551,8,0.08480654199956916
0.09349222481250763,0.08380887657403946,0.683769166469574,0.15191447734832764,blast,1.4519702196121216,0.06048738211393356,dis,high,0.00553131103515625,2.1434002854591454,0.4346901476383209,0.47092506253484706,8,0.024238666010205634
0.13220538198947906,0.11921732872724533,0.9239298701286316,0.19993114471435547,blast,1.4519702196121216,0.06048738211393356,tvl1,high,0.008640289306640625,2.1434002854591454,0.28864312171936035,0.6363283885915026,8,1.3483379160024924
0.2214590162038803,0.21532125771045685,0.595603883266449,0.26630735397338867,blast,1.4519702196121216,0.06048738211393356,demons,high,0.004070281982421875,2.1434002854591454,0.5370193123817444,0.4102039251366727,8,0.23944970799493603
0.06879028677940369,0.04606558382511139,1.4540413618087769,0.24930833280086517,blast,1.4519702196121216,0.06048738211393356,raft,high,0.013217926025390625,2.1434002854591454,0.003943254239857197,1.0014264357275926,8,0.1227927090076264
0.007500768639147282,0.0050195129588246346,0.10945852845907211,0.025070911273360252,blast,0.2996731400489807,0.022852521389722824,farneback,clean,0.0,0.41447460788404505,0.6673915982246399,0.36525972411535257,9,0.02736058400478214
0.009362991899251938,0.005907285027205944,0.15136213600635529,0.03286252170801163,blast,0.2996731400489807,0.022852521389722824,lucas_kanade,clean,0.0,0.41447460788404505,0.4711286127567291,0.5050907664985109,9,0.07266691699624062
0.006020372733473778,0.0033827638253569603,0.11440291255712509,0.022343015298247337,blast,0.2996731400489807,0.022852521389722824,dis,clean,0.0,0.41447460788404505,0.576731264591217,0.38175898092977656,9,0.022211749994312413
0.012813875451683998,0.009687722660601139,0.14127127826213837,0.03018786385655403,blast,0.2996731400489807,0.022852521389722824,tvl1,clean,0.0,0.41447460788404505,0.5405086278915405,0.4714178862978777,9,1.1778164589923108
0.01320685539394617,0.011053511872887611,0.10169034451246262,0.027521109208464622,blast,0.2996731400489807,0.022852521389722824,demons,clean,0.0,0.41447460788404505,0.8076974749565125,0.33933753454127263,9,0.23391683299269062
0.026936344802379608,0.020234590396285057,0.30231940746307373,0.05863114073872566,blast,0.2996731400489807,0.022852521389722824,raft,clean,0.0,0.41447460788404505,0.01639021746814251,1.0088305125166055,9,0.1157268329989165
0.016114823520183563,0.01383228786289692,0.10990693420171738,0.028061436489224434,blast,0.2996731400489807,0.022852521389722824,farneback,low,0.0,0.41447460788404505,0.6681941747665405,0.36675604021018837,9,0.026385499993921258
0.014363288879394531,0.01102613564580679,0.15149086713790894,0.0337165966629982,blast,0.2996731400489807,0.022852521389722824,lucas_kanade,low,0.0,0.41447460788404505,0.4725249111652374,0.5055203383030864,9,0.0765307080000639
0.012402676045894623,0.00982734840363264,0.11822603642940521,0.024982213973999023,blast,0.2996731400489807,0.022852521389722824,dis,low,0.0,0.41447460788404505,0.5632385015487671,0.3945166270493295,9,0.022837083000922576
0.03499039635062218,0.03263862803578377,0.13162733614444733,0.044331859797239304,blast,0.2996731400489807,0.022852521389722824,tvl1,low,0.0,0.41447460788404505,0.5827240347862244,0.4392363497206764,9,1.2046231669955887
0.05707196146249771,0.055792368948459625,0.10965195298194885,0.0820465013384819,blast,0.2996731400489807,0.022852521389722824,demons,low,0.0,0.41447460788404505,0.8102964162826538,0.3659051757659247,9,0.2450017079972895
0.02673165127635002,0.02001577615737915,0.30269506573677063,0.05858112871646881,blast,0.2996731400489807,0.022852521389722824,raft,low,0.0,0.41447460788404505,0.015870435163378716,1.010084072557507,9,0.1254607080045389
0.034963399171829224,0.03304624184966087,0.11374155431985855,0.043508414179086685,blast,0.2996731400489807,0.022852521389722824,farneback,medium,0.0,0.41447460788404505,0.6651423573493958,0.3795520489466217,9,0.02668033399095293
0.025661155581474304,0.022572005167603493,0.15259823203086853,0.03930455073714256,blast,0.2996731400489807,0.022852521389722824,lucas_kanade,medium,0.0,0.41447460788404505,0.46868187189102173,0.5092155807021169,9,0.07646041699626949
0.022991850972175598,0.02033384144306183,0.13221271336078644,0.03356097266077995,blast,0.2996731400489807,0.022852521389722824,dis,medium,0.0,0.41447460788404505,0.5139992833137512,0.4411897353869508,9,0.024444249997031875
0.05494879186153412,0.053169652819633484,0.1280559003353119,0.06463726609945297,blast,0.2996731400489807,0.022852521389722824,tvl1,medium,0.0,0.41447460788404505,0.6065011024475098,0.4273185788835847,9,1.2334962919994723
0.09805164486169815,0.09721589088439941,0.1323937475681305,0.12436890602111816,blast,0.2996731400489807,0.022852521389722824,demons,medium,1.52587890625e-05,0.41447460788404505,0.8079010844230652,0.44179384093780016,9,0.24346354200679343
0.02735252119600773,0.020624812692403793,0.3038020431995392,0.058870382606983185,blast,0.2996731400489807,0.022852521389722824,raft,medium,0.0,0.41447460788404505,0.017270641401410103,1.0137780221139727,9,0.11558083300769795
0.13090714812278748,0.12986457347869873,0.17374776303768158,0.15019157528877258,blast,0.2996731400489807,0.022852521389722824,farneback,high,0.0,0.41447460788404505,0.7382915019989014,0.5797909115554467,9,0.027407708010287024
0.08462681621313095,0.08249709755182266,0.17213928699493408,0.09751486033201218,blast,0.2996731400489807,0.022852521389722824,lucas_kanade,high,0.0,0.41447460788404505,0.49779921770095825,0.5744234767480275,9,0.08125483299954794
0.08220377564430237,0.08037807047367096,0.15722373127937317,0.09415613859891891,blast,0.2996731400489807,0.022852521389722824,dis,high,0.0,0.41447460788404505,0.5200489163398743,0.5246507286361247,9,0.024164750007912517
0.11183768510818481,0.11038920283317566,0.17135757207870483,0.12682931125164032,blast,0.2996731400489807,0.022852521389722824,tvl1,high,0.0,0.41447460788404505,0.568170428276062,0.5718149182495866,9,1.3573786670021946
0.22433163225650787,0.22400422394275665,0.2377849519252777,0.2648739218711853,blast,0.2996731400489807,0.022852521389722824,demons,high,0.00168609619140625,0.41447460788404505,0.918109118938446,0.7934810303199428,9,0.24025279100169428
0.02859976515173912,0.021912848576903343,0.30337321758270264,0.05908343195915222,blast,0.2996731400489807,0.022852521389722824,raft,high,0.0,0.41447460788404505,0.01734853722155094,1.012347044293383,9,0.12893004198849667
0.01680682972073555,0.011105339974164963,0.278717041015625,0.0618647038936615,blast,0.9331802129745483,0.07229726016521454,farneback,clean,3.4332275390625e-05,1.3629570089628695,0.7035678625106812,0.29867440087183544,10,0.025993667004513554
0.023201704025268555,0.014300614595413208,0.43209248781204224,0.09130165725946426,blast,0.9331802129745483,0.07229726016521454,lucas_kanade,clean,2.288818359375e-05,1.3629570089628695,0.5026695132255554,0.46303220085939306,10,0.0736020830081543
0.01160460151731968,0.006554844789206982,0.24357600510120392,0.0483427494764328,blast,0.9331802129745483,0.07229726016521454,dis,clean,1.1444091796875e-05,1.3629570089628695,0.6860508322715759,0.2610171130019955,10,0.021127833009813912
0.02253754623234272,0.01727166958153248,0.26443690061569214,0.05829302966594696,blast,0.9331802129745483,0.07229726016521454,tvl1,clean,1.52587890625e-05,1.3629570089628695,0.6655806303024292,0.2833717399266206,10,1.1738509999995586
0.026579149067401886,0.02247839793562889,0.21495600044727325,0.056152716279029846,blast,0.9331802129745483,0.07229726016521454,demons,clean,0.0,1.3629570089628695,0.7982797026634216,0.2303477907681868,10,0.23448366599041037
0.06456583738327026,0.04515589028596878,0.9562033414840698,0.17696620523929596,blast,0.9331802129745483,0.07229726016521454,raft,clean,0.013652801513671875,1.3629570089628695,0.018936216831207275,1.024671685264451,10,0.12273737500072457
0.02463613636791706,0.019093453884124756,0.2792511582374573,0.06310155242681503,blast,0.9331802129745483,0.07229726016521454,farneback,low,3.0517578125e-05,1.3629570089628695,0.7031619548797607,0.2992467632241508,10,0.02583795900864061
0.027572084218263626,0.01876203715801239,0.43228062987327576,0.09158767759799957,blast,0.9331802129745483,0.07229726016521454,lucas_kanade,low,2.288818359375e-05,1.3629570089628695,0.5025672912597656,0.4632338147155568,10,0.07685454199963715
0.017506781965494156,0.012477604672312737,0.2485329508781433,0.05051012709736824,blast,0.9331802129745483,0.07229726016521454,dis,low,1.1444091796875e-05,1.3629570089628695,0.6794774532318115,0.2663289977891139,10,0.026723458999185823
0.043264780193567276,0.03839043155312538,0.26717832684516907,0.06829957664012909,blast,0.9331802129745483,0.07229726016521454,tvl1,low,1.1444091796875e-05,1.3629570089628695,0.6661028265953064,0.2863094642711376,10,1.1927322080009617
0.05896107852458954,0.05545971542596817,0.21980339288711548,0.08393678069114685,blast,0.9331802129745483,0.07229726016521454,demons,low,3.814697265625e-06,1.3629570089628695,0.7993687391281128,0.23554227771984534,10,0.24145375000080094
0.06462366878986359,0.045223552733659744,0.9558098912239075,0.1769823431968689,blast,0.9331802129745483,0.07229726016521454,raft,low,0.013660430908203125,1.3629570089628695,0.018493544310331345,1.0242500622438468,10,0.12267733299813699
0.04257242754101753,0.03726306930184364,0.2864692211151123,0.07236763834953308,blast,0.9331802129745483,0.07229726016521454,farneback,medium,3.814697265625e-05,1.3629570089628695,0.6941916346549988,0.30698167099148027,10,0.02642424999794457
0.03792940825223923,0.029261235147714615,0.43612053990364075,0.09430918842554092,blast,0.9331802129745483,0.07229726016521454,lucas_kanade,medium,2.288818359375e-05,1.3629570089628695,0.498386025428772,0.4673486791082823,10,0.07635920899338089
0.028407417237758636,0.022994689643383026,0.27705270051956177,0.059922751039266586,blast,0.9331802129745483,0.07229726016521454,dis,medium,1.1444091796875e-05,1.3629570089628695,0.6480686664581299,0.29689088631277927,10,0.026020708988653496
0.06453262269496918,0.059275414794683456,0.3060337007045746,0.08903517574071884,blast,0.9331802129745483,0.07229726016521454,tvl1,medium,1.1444091796875e-05,1.3629570089628695,0.6213916540145874,0.3279470529374816,10,1.2274380000017118
0.09837580472230911,0.09520918875932693,0.2438412755727768,0.12561427056789398,blast,0.9331802129745483,0.07229726016521454,demons,medium,0.00017547607421875,1.3629570089628695,0.7798147797584534,0.2613013780002077,10,0.2406931660079863
0.06425105035305023,0.04483916983008385,0.9559773206710815,0.17707546055316925,blast,0.9331802129745483,0.07229726016521454,raft,medium,0.013652801513671875,1.3629570089628695,0.017976557835936546,1.024429480372142,10,0.11607054200430866
0.13893112540245056,0.13515226542949677,0.3125213086605072,0.1634504795074463,blast,0.9331802129745483,0.07229726016521454,farneback,high,4.9591064453125e-05,1.3629570089628695,0.691587507724762,0.33489920201408185,10,0.02779500000178814
0.09473970532417297,0.08704709261655807,0.4481162130832672,0.12916751205921173,blast,0.9331802129745483,0.07229726016521454,lucas_kanade,high,3.4332275390625e-05,1.3629570089628695,0.4984326958656311,0.48020329498294795,10,0.07979824999347329
0.08712867647409439,0.08129611611366272,0.3550598621368408,0.11249122023582458,blast,0.9331802129745483,0.07229726016521454,dis,high,3.814697265625e-05,1.3629570089628695,0.5788453817367554,0.3804837020762299,10,0.022932750012842007
0.12171778082847595,0.11494170874357224,0.432991623878479,0.1498902589082718,blast,0.9331802129745483,0.07229726016521454,tvl1,high,6.103515625e-05,1.3629570089628695,0.49522992968559265,0.4639957190029794,10,1.3674067499960074
0.22080770134925842,0.21842098236083984,0.33044806122779846,0.2579796612262726,blast,0.9331802129745483,0.07229726016521454,demons,high,0.000823974609375,1.3629570089628695,0.7466433048248291,0.3541095885161156,10,0.23906725000415463
0.06877778470516205,0.049541767686605453,0.9524255990982056,0.17829997837543488,blast,0.9331802129745483,0.07229726016521454,raft,high,0.01361846923828125,1.3629570089628695,0.015704238787293434,1.02062343999163,10,0.1269186669960618
0.02059708908200264,0.012438734993338585,0.23860877752304077,0.06527049839496613,blast,0.6623728275299072,0.0676971971988678,farneback,clean,0.0,0.9502013447861563,0.6638657450675964,0.36023334231999,11,0.02734287499333732
0.02790866047143936,0.016284801065921783,0.3385273516178131,0.09038994461297989,blast,0.6623728275299072,0.0676971971988678,lucas_kanade,clean,0.0,0.9502013447861563,0.44812047481536865,0.5110827883447983,11,0.07523258400033228
0.015321221202611923,0.007524815388023853,0.2236606925725937,0.05520369112491608,blast,0.6623728275299072,0.0676971971988678,dis,clean,0.0,0.9502013447861563,0.638778030872345,0.33766586320676784,11,0.022714708000421524
0.026352059096097946,0.01728079840540886,0.2687589228153229,0.06986447423696518,blast,0.6623728275299072,0.0676971971988678,tvl1,clean,0.0,0.9502013447861563,0.5888252258300781,0.4057517332309166,11,1.1675169999944046
0.029832568019628525,0.022999031469225883,0.21244174242019653,0.06213860586285591,blast,0.6623728275299072,0.0676971971988678,demons,clean,0.0,0.9502013447861563,0.7477651238441467,0.3207283475266117,11,0.2390540409978712
0.06826125830411911,0.04572946950793266,0.6703670024871826,0.15904170274734497,blast,0.6623728275299072,0.0676971971988678,raft,clean,0.0,0.9502013447861563,0.01336131151765585,1.0120689959264888,11,0.1259549169917591
0.028623215854167938,0.020780416205525398,0.23820239305496216,0.06643462181091309,blast,0.6623728275299072,0.0676971971988678,farneback,low,0.0,0.9502013447861563,0.6652283668518066,0.35961981403019877,11,0.026817375008249655
0.0326756089925766,0.02123439870774746,0.3384133577346802,0.09072945266962051,blast,0.6623728275299072,0.0676971971988678,lucas_kanade,low,0.0,0.9502013447861563,0.448636919260025,0.5109106890701978,11,0.07612425000115763
0.0215435903519392,0.013892664574086666,0.2259954959154129,0.05721467360854149,blast,0.6623728275299072,0.0676971971988678,dis,low,0.0,0.9502013447861563,0.6295475959777832,0.34119077130350556,11,0.02480404199741315
0.04639927297830582,0.03831082582473755,0.26254287362098694,0.0766163021326065,blast,0.6623728275299072,0.0676971971988678,tvl1,low,0.0,0.9502013447861563,0.5945510268211365,0.3963672160285481,11,1.215250291992561
0.07213345915079117,0.06699905544519424,0.20933760702610016,0.10341593623161316,blast,0.6623728275299072,0.0676971971988678,demons,low,0.0,0.9502013447861563,0.759448230266571,0.3160419605477373,11,0.249909749996732
0.06804490089416504,0.04547637701034546,0.6711322665214539,0.15914562344551086,blast,0.6623728275299072,0.0676971971988678,raft,low,0.0,0.9502013447861563,0.01396583579480648,1.0132243332266693,11,0.11683649999031331
0.04751970246434212,0.04015393555164337,0.24435143172740936,0.07622119039297104,blast,0.6623728275299072,0.0676971971988678,farneback,medium,0.0,0.9502013447861563,0.6564919352531433,0.36890316385506694,11,0.027654791992972605
0.0437154546380043,0.03257877379655838,0.3413153290748596,0.09363704919815063,blast,0.6623728275299072,0.0676971971988678,lucas_kanade,medium,0.0,0.9502013447861563,0.4463028609752655,0.5152918641721436,11,0.07750054200005252
0.03357049077749252,0.025441020727157593,0.25081029534339905,0.06727378070354462,blast,0.6623728275299072,0.0676971971988678,dis,medium,0.0,0.9502013447861563,0.5877971053123474,0.37865426376065303,11,0.025181917008012533
0.06497679650783539,0.056928928941488266,0.280036062002182,0.0918184146285057,blast,0.6623728275299072,0.0676971971988678,tvl1,medium,0.0,0.9502013447861563,0.5634622573852539,0.42277709827934923,11,1.2184585419890936
0.11627502739429474,0.11198633164167404,0.23087982833385468,0.15264350175857544,blast,0.6623728275299072,0.0676971971988678,demons,medium,0.00029754638671875,0.9502013447861563,0.7488218545913696,0.34856476403907144,11,0.24537999999301974
0.06775606423616409,0.045195311307907104,0.670635998249054,0.15920981764793396,blast,0.6623728275299072,0.0676971971988678,raft,medium,0.0,0.9502013447861563,0.012126336805522442,1.0124751052212715,11,0.12257295900781173
0.14716771245002747,0.14188659191131592,0.2882917523384094,0.17297065258026123,blast,0.6623728275299072,0.0676971971988678,farneback,high,1.1444091796875e-05,0.9502013447861563,0.6492504477500916,0.435240910188745,11,0.026516999991144985
0.1033494621515274,0.09381956607103348,0.3580120801925659,0.1345512419939041,blast,0.6623728275299072,0.0676971971988678,lucas_kanade,high,0.0,0.9502013447861563,0.4455629885196686,0.5404993461577363,11,0.08148733399866614
0.1028362363576889,0.09445056319236755,0.3269224166870117,0.1303977519273758,blast,0.6623728275299072,0.0676971971988678,dis,high,0.0,0.9502013447861563,0.5053923726081848,0.4935625422711813,11,0.024423625000054017
0.12288551032543182,0.11419959366321564,0.35499492287635803,0.14961056411266327,blast,0.6623728275299072,0.0676971971988678,tvl1,high,0.0,0.9502013447861563,0.4665992558002472,0.5359442720502139,11,1.3209128330054227
0.24814501404762268,0.24465063214302063,0.3415238559246063,0.29589077830314636,blast,0.6623728275299072,0.0676971971988678,demons,high,0.0035552978515625,0.9502013447861563,0.694743812084198,0.5156066821131577,11,0.24723587499465793
0.07040426880121231,0.047899771481752396,0.6717808246612549,0.1596866101026535,blast,0.6623728275299072,0.0676971971988678,raft,high,0.0,0.9502013447861563,0.012200950644910336,1.0142034768642783,11,0.1158392079960322
0.016498219221830368,0.010563618503510952,0.26796266436576843,0.05999219790101051,blast,0.7713602781295776,0.05924725905060768,farneback,clean,3.814697265625e-05,1.1059882006188335,0.6596311926841736,0.34738976320576687,12,0.02769166699727066
0.02300221472978592,0.014393161982297897,0.38779014348983765,0.08470119535923004,blast,0.7713602781295776,0.05924725905060768,lucas_kanade,clean,1.1444091796875e-05,1.1059882006188335,0.4243694245815277,0.5027354330847387,12,0.07410766600514762
0.01183142140507698,0.006321398541331291,0.24530546367168427,0.04861879348754883,blast,0.7713602781295776,0.05924725905060768,dis,clean,1.1444091796875e-05,1.1059882006188335,0.6288127303123474,0.31801671751429805,12,0.023513042004196905
0.023250611498951912,0.01825064606964588,0.23511214554309845,0.05459277704358101,blast,0.7713602781295776,0.05924725905060768,tvl1,clean,1.1444091796875e-05,1.1059882006188335,0.6592293381690979,0.3048019870989558,12,1.1645469999930356
0.023399632424116135,0.019360974431037903,0.19452811777591705,0.05077245831489563,blast,0.7713602781295776,0.05924725905060768,demons,clean,0.0,1.1059882006188335,0.7915332913398743,0.2521884044218817,12,0.23370562499621883
0.0562732070684433,0.03881057724356651,0.7962104678153992,0.15129628777503967,blast,0.7713602781295776,0.05924725905060768,raft,clean,0.009845733642578125,1.1059882006188335,0.021556584164500237,1.0322160608867224,12,0.1204479580046609
0.02579115331172943,0.020040536299347878,0.2694597542285919,0.061808083206415176,blast,0.7713602781295776,0.05924725905060768,farneback,low,3.814697265625e-05,1.1059882006188335,0.6586694717407227,0.3493306070698736,12,0.026871667010709643
0.027688272297382355,0.01918693631887436,0.38791191577911377,0.08509989082813263,blast,0.7713602781295776,0.05924725905060768,lucas_kanade,low,1.1444091796875e-05,1.1059882006188335,0.4240165948867798,0.5028933000280189,12,0.07573883300938178
0.01835642382502556,0.012903997674584389,0.2493898868560791,0.05092630535364151,blast,0.7713602781295776,0.05924725905060768,dis,low,7.62939453125e-06,1.1059882006188335,0.6221023201942444,0.3233118089264445,12,0.02416916699439753
0.048233404755592346,0.043778352439403534,0.23700563609600067,0.06824590265750885,blast,0.7713602781295776,0.05924725905060768,tvl1,low,0.0,1.1059882006188335,0.6611415147781372,0.3072567292040245,12,1.1974049999989802
0.05310339480638504,0.049695707857608795,0.1974959522485733,0.07108572125434875,blast,0.7713602781295776,0.05924725905060768,demons,low,7.62939453125e-06,1.1059882006188335,0.7837440967559814,0.2560359378725965,12,0.24355741598992608
0.056899432092905045,0.03948144242167473,0.7949450016021729,0.1514855921268463,blast,0.7713602781295776,0.05924725905060768,raft,low,0.009807586669921875,1.1059882006188335,0.020763471722602844,1.0305754964849685,12,0.11633583399816416
0.04640498757362366,0.04099910333752632,0.27546653151512146,0.07361344248056412,blast,0.7713602781295776,0.05924725905060768,farneback,medium,3.814697265625e-05,1.1059882006188335,0.6569184064865112,0.3571178596117014,12,0.027964250009972602
0.039196908473968506,0.030936449766159058,0.38921403884887695,0.08840024471282959,blast,0.7713602781295776,0.05924725905060768,lucas_kanade,medium,1.52587890625e-05,1.1059882006188335,0.4265699088573456,0.5045813867842109,12,0.0783604589960305
0.030018817633390427,0.024354662746191025,0.27002382278442383,0.05975538492202759,blast,0.7713602781295776,0.05924725905060768,dis,medium,1.1444091796875e-05,1.1059882006188335,0.593360424041748,0.35006187178731496,12,0.022202667008969
0.07332853972911835,0.06862987577915192,0.27242323756217957,0.09329641610383987,blast,0.7713602781295776,0.05924725905060768,tvl1,medium,0.0,1.1059882006188335,0.6107072234153748,0.3531724996557527,12,1.2374298330105375
0.09411255270242691,0.09108656644821167,0.22233153879642487,0.11385928094387054,blast,0.7713602781295776,0.05924725905060768,demons,medium,1.52587890625e-05,1.1059882006188335,0.7483391761779785,0.28823306708966456,12,0.24676412499684375
0.05714121833443642,0.03981669992208481,0.7912261486053467,0.15171803534030914,blast,0.7713602781295776,0.05924725905060768,raft,medium,0.009647369384765625,1.1059882006188335,0.01834559626877308,1.0257543343091773,12,0.11600620800163597
0.14994148910045624,0.14618639647960663,0.309054434299469,0.17568877339363098,blast,0.7713602781295776,0.05924725905060768,farneback,high,6.866455078125e-05,1.1059882006188335,0.6809149980545044,0.40066158844590155,12,0.026459250002517365
0.099859818816185,0.09290184080600739,0.39468732476234436,0.1297011375427246,blast,0.7713602781295776,0.05924725905060768,lucas_kanade,high,1.9073486328125e-05,1.1059882006188335,0.4460257887840271,0.5116770152066897,12,0.08340958299231716
0.09296494722366333,0.08737707138061523,0.3297380208969116,0.11620720475912094,blast,0.7713602781295776,0.05924725905060768,dis,high,3.4332275390625e-05,1.1059882006188335,0.5449284911155701,0.4274760189835965,12,0.024038375006057322
0.1284538209438324,0.12286368012428284,0.36532333493232727,0.152089461684227,blast,0.7713602781295776,0.05924725905060768,tvl1,high,0.0,1.1059882006188335,0.49394240975379944,0.47360921386589483,12,1.3743949170020642
0.22203989326953888,0.2201147973537445,0.3036121726036072,0.2556401789188385,blast,0.7713602781295776,0.05924725905060768,demons,high,0.000141143798828125,1.1059882006188335,0.7545440196990967,0.3936061801624229,12,0.23977645799459424
0.06407375633716583,0.047016870230436325,0.7868184447288513,0.15297698974609375,blast,0.7713602781295776,0.05924725905060768,raft,high,0.009494781494140625,1.1059882006188335,0.016512926667928696,1.020040138230552,12,0.115620750002563
0.013369277119636536,0.008406296372413635,0.6317967176437378,0.09263636916875839,blast,1.1565803289413452,0.025927923619747162,farneback,clean,0.002391815185546875,1.7595505400962363,0.3746420443058014,0.5462627210874678,13,0.026630624997778796
0.017390552908182144,0.010679764673113823,0.8536088466644287,0.11555164307355881,blast,1.1565803289413452,0.025927923619747162,lucas_kanade,clean,0.004451751708984375,1.7595505400962363,0.19884538650512695,0.7380454476912677,13,0.06998920800106134
0.010206944309175014,0.005085264798253775,0.6484094262123108,0.08357957750558853,blast,1.1565803289413452,0.025927923619747162,dis,clean,0.002628326416015625,1.7595505400962363,0.33877459168434143,0.5606263654906015,13,0.021467291997396387
0.01261050347238779,0.007872691377997398,0.6029800772666931,0.08242599666118622,blast,1.1565803289413452,0.025927923619747162,tvl1,clean,0.002277374267578125,1.7595505400962363,0.4250219166278839,0.5213473393747065,13,1.1745311670092633
0.013975831679999828,0.009605715982615948,0.5585274696350098,0.08125755935907364,blast,1.1565803289413452,0.025927923619747162,demons,clean,0.00168609619140625,1.7595505400962363,0.4613190293312073,0.48291282123589957,13,0.22379804200318176
0.03513554483652115,0.026129690930247307,1.1573374271392822,0.1453094333410263,blast,1.1565803289413452,0.025927923619747162,raft,clean,0.006206512451171875,1.7595505400962363,0.004808533005416393,1.0006546006178663,13,0.12210054199385922
0.024092795327305794,0.019219081848859787,0.6313967704772949,0.09354361891746521,blast,1.1565803289413452,0.025927923619747162,farneback,low,0.0023651123046875,1.7595505400962363,0.3753713071346283,0.545916919627392,13,0.02748658299969975
0.023990042507648468,0.01732487790286541,0.8545230627059937,0.1158643588423729,blast,1.1565803289413452,0.025927923619747162,lucas_kanade,low,0.00446319580078125,1.7595505400962363,0.19842495024204254,0.7388358952016466,13,0.07675987500988413
0.01817454770207405,0.013106296770274639,0.64971923828125,0.08435995131731033,blast,1.1565803289413452,0.025927923619747162,dis,low,0.002651214599609375,1.7595505400962363,0.34008342027664185,0.5617588523885398,13,0.02547816699370742
0.041311368346214294,0.0367983914911747,0.6036643981933594,0.09035778045654297,blast,1.1565803289413452,0.025927923619747162,tvl1,low,0.002262115478515625,1.7595505400962363,0.42171216011047363,0.5219390154645918,13,1.2030590000067605
0.060411613434553146,0.05642350763082504,0.5573610067367554,0.10631737858057022,blast,1.1565803289413452,0.025927923619747162,demons,low,0.00171661376953125,1.7595505400962363,0.46230611205101013,0.4819042765900451,13,0.24761112499982119
0.03469327837228775,0.02568483166396618,1.157218098640442,0.1452927142381668,blast,1.1565803289413452,0.025927923619747162,raft,low,0.006198883056640625,1.7595505400962363,0.004555269610136747,1.0005514270674831,13,0.12699379200057592
0.043930694460868835,0.03913675248622894,0.6412951946258545,0.10088939964771271,blast,1.1565803289413452,0.025927923619747162,farneback,medium,0.002490997314453125,1.7595505400962363,0.3725718855857849,0.5544752738556883,13,0.026617416995577514
0.03600697219371796,0.02943289466202259,0.8551896214485168,0.11826087534427643,blast,1.1565803289413452,0.025927923619747162,lucas_kanade,medium,0.004482269287109375,1.7595505400962363,0.2016511857509613,0.7394122137900263,13,0.07663333399978
0.029198788106441498,0.02404569461941719,0.6713155508041382,0.09007807075977325,blast,1.1565803289413452,0.025927923619747162,dis,medium,0.002819061279296875,1.7595505400962363,0.32805052399635315,0.580431409739274,13,0.02459058299427852
0.06373313069343567,0.05860225111246109,0.7030823230743408,0.11114266514778137,blast,1.1565803289413452,0.025927923619747162,tvl1,medium,0.00313568115234375,1.7595505400962363,0.32848551869392395,0.6078975281534439,13,1.2464962920057587
0.10282149910926819,0.09892711043357849,0.5880936980247498,0.1443774551153183,blast,1.1565803289413452,0.025927923619747162,demons,medium,0.002040863037109375,1.7595505400962363,0.4549759030342102,0.5084763101262932,13,0.24507229200389702
0.03476954624056816,0.025763411074876785,1.1570067405700684,0.14528244733810425,blast,1.1565803289413452,0.025927923619747162,raft,medium,0.00620269775390625,1.7595505400962363,0.005136056337505579,1.0003686831066143,13,0.11789029098872561
0.142218679189682,0.13791809976100922,0.678106427192688,0.18025173246860504,blast,1.1565803289413452,0.025927923619747162,farneback,high,0.002857208251953125,1.7595505400962363,0.3649572432041168,0.5863029226974493,13,0.026642708005965687
0.09587891399860382,0.08967231959104538,0.869269847869873,0.14937224984169006,blast,1.1565803289413452,0.025927923619747162,lucas_kanade,high,0.004558563232421875,1.7595505400962363,0.2084784060716629,0.7515862289180929,13,0.08162108401302248
0.09080171585083008,0.08560142666101456,0.7387996315956116,0.13307178020477295,blast,1.1565803289413452,0.025927923619747162,dis,high,0.003429412841796875,1.7595505400962363,0.2857474386692047,0.6387793507363716,13,0.02634504200250376
0.1221657395362854,0.11618095636367798,0.8679181933403015,0.16529536247253418,blast,1.1565803289413452,0.025927923619747162,tvl1,high,0.00453948974609375,1.7595505400962363,0.1966046839952469,0.7504175642817085,13,1.3232905420009047
0.22687393426895142,0.22332695126533508,0.6688570976257324,0.2716243267059326,blast,1.1565803289413452,0.025927923619747162,demons,high,0.003559112548828125,1.7595505400962363,0.4373740553855896,0.5783057872322268,13,0.24433099999441765
0.033595554530620575,0.024562284350395203,1.159213900566101,0.1452491730451584,blast,1.1565803289413452,0.025927923619747162,raft,high,0.006214141845703125,1.7595505400962363,0.004957916215062141,1.0022770330420252,13,0.12276820901024621
0.016610287129878998,0.00964051391929388,0.33102738857269287,0.07058995217084885,blast,0.8511137366294861,0.048795223236083984,farneback,clean,1.9073486328125e-05,1.2281380739212993,0.6197242140769958,0.3889343742513211,14,0.027138125005876645
0.024255141615867615,0.01402349304407835,0.485820472240448,0.10126788914203644,blast,0.8511137366294861,0.048795223236083984,lucas_kanade,clean,0.000232696533203125,1.2281380739212993,0.3960006535053253,0.5708055825351335,14,0.07327770900155883
0.012294797226786613,0.005557210184633732,0.3162376284599304,0.06015104427933693,blast,0.8511137366294861,0.048795223236083984,dis,clean,0.0,1.2281380739212993,0.5618998408317566,0.3715574251125001,14,0.022325041994918138
0.020955855026841164,0.01488419622182846,0.2948576807975769,0.06325872242450714,blast,0.8511137366294861,0.048795223236083984,tvl1,clean,0.0,1.2281380739212993,0.5971234440803528,0.3464374596575649,14,1.1762767500040354
0.019360698759555817,0.014313682913780212,0.24703934788703918,0.05681715905666351,blast,0.8511137366294861,0.048795223236083984,demons,clean,0.0,1.2281380739212993,0.7217068076133728,0.29025421310358007,14,0.23397470799682196
0.05416074022650719,0.036294471472501755,0.8601351380348206,0.16064487397670746,blast,0.8511137366294861,0.048795223236083984,raft,clean,0.011432647705078125,1.2281380739212993,0.008788380771875381,1.0105995250893969,14,0.11621204200491775
0.025852497667074203,0.019091183319687843,0.33086565136909485,0.07177898287773132,blast,0.8511137366294861,0.048795223236083984,farneback,low,1.9073486328125e-05,1.2281380739212993,0.620692789554596,0.3887443441805593,14,0.026632332999724895
0.029414162039756775,0.019298182800412178,0.48576128482818604,0.10157831013202667,blast,0.8511137366294861,0.048795223236083984,lucas_kanade,low,0.00022125244140625,1.2281380739212993,0.3961780071258545,0.5707360414036552,14,0.0766022079915274
0.019131651148200035,0.012498488649725914,0.318363755941391,0.06154472753405571,blast,0.8511137366294861,0.048795223236083984,dis,low,0.0,1.2281380739212993,0.560131847858429,0.3740554784160225,14,0.025113459007116035
0.04557114467024803,0.03998300060629845,0.2976609170436859,0.07360418140888214,blast,0.8511137366294861,0.048795223236083984,tvl1,low,0.0,1.2281380739212993,0.5973269939422607,0.34973106910770746,14,1.203676416000235
0.04945939779281616,0.045024290680885315,0.24953342974185944,0.07313088327646255,blast,0.8511137366294861,0.048795223236083984,demons,low,0.0,1.2281380739212993,0.7222373485565186,0.2931845874442612,14,0.2467587499995716
0.05417992174625397,0.03626183420419693,0.8624920845031738,0.1606094092130661,blast,0.8511137366294861,0.048795223236083984,raft,low,0.01146697998046875,1.2281380739212993,0.01006071362644434,1.0133687747994145,14,0.11653308299719356
0.0443464070558548,0.03786087781190872,0.33691853284835815,0.08026928454637527,blast,0.8511137366294861,0.048795223236083984,farneback,medium,1.52587890625e-05,1.2281380739212993,0.6183205842971802,0.39585606288367114,14,0.02671274999738671
0.040113817900419235,0.030166128650307655,0.4888693392276764,0.10401774197816849,blast,0.8511137366294861,0.048795223236083984,lucas_kanade,medium,0.0003204345703125,1.2281380739212993,0.39435961842536926,0.5743877911824786,14,0.07800954100093804
0.029945801943540573,0.022959638386964798,0.3451021909713745,0.07010301947593689,blast,0.8511137366294861,0.048795223236083984,dis,medium,0.0,1.2281380739212993,0.5350040197372437,0.40547129733567827,14,0.024404708005022258
0.07197737693786621,0.06594324856996536,0.34418606758117676,0.09868008643388748,blast,0.8511137366294861,0.048795223236083984,tvl1,medium,1.1444091796875e-05,1.2281380739212993,0.5526052713394165,0.4043949154718093,14,1.2445475419954164
0.08836762607097626,0.0842357873916626,0.27476125955581665,0.1104503720998764,blast,0.8511137366294861,0.048795223236083984,demons,medium,0.0,1.2281380739212993,0.7011039853096008,0.32282554931366125,14,0.24196949999895878
0.053803421556949615,0.03595089912414551,0.8591579794883728,0.16107413172721863,blast,0.8511137366294861,0.048795223236083984,raft,medium,0.011425018310546875,1.2281380739212993,0.007720463909208775,1.0094514311221705,14,0.11866083300265018
0.1428542584180832,0.13818657398223877,0.35342082381248474,0.16953662037849426,blast,0.8511137366294861,0.048795223236083984,farneback,high,6.4849853515625e-05,1.2281380739212993,0.6386743783950806,0.4152451177818774,14,0.026818209007615224
0.09702418744564056,0.08836380392313004,0.4877071976661682,0.13621599972248077,blast,0.8511137366294861,0.048795223236083984,lucas_kanade,high,0.000514984130859375,1.2281380739212993,0.4099190831184387,0.573022354917626,14,0.08164887499879114
0.08870353549718857,0.0817643254995346,0.4017419219017029,0.11776861548423767,blast,0.8511137366294861,0.048795223236083984,dis,high,0.0,1.2281380739212993,0.48322874307632446,0.4720190787809979,14,0.023969375004526228
0.12927696108818054,0.1219664216041565,0.45906639099121094,0.15856267511844635,blast,0.8511137366294861,0.048795223236083984,tvl1,high,7.2479248046875e-05,1.2281380739212993,0.4219415783882141,0.5393713803858573,14,1.385616708008456
0.21003413200378418,0.2070697695016861,0.3437611758708954,0.24188277125358582,blast,0.8511137366294861,0.048795223236083984,demons,high,0.000102996826171875,1.2281380739212993,0.6831117868423462,0.40389569698667005,14,0.24457324999093544
0.05874396860599518,0.041059460490942,0.8565192818641663,0.16182106733322144,blast,0.8511137366294861,0.048795223236083984,raft,high,0.011386871337890625,1.2281380739212993,0.008080457337200642,1.0063511432162837,14,0.11552762500650715
0.017044242471456528,0.010443065315485,0.40679189562797546,0.08536335825920105,blast,1.0478293895721436,0.045331962406635284,farneback,clean,0.00058746337890625,1.5211317932060364,0.5659373998641968,0.38822340705110336,15,0.025914458994520828
0.024165600538253784,0.014049064368009567,0.6214675307273865,0.12005279958248138,blast,1.0478293895721436,0.045331962406635284,lucas_kanade,clean,0.003162384033203125,1.5211317932060364,0.3525540828704834,0.5930999234342417,15,0.07064595799602102
0.011398346163332462,0.00551980035379529,0.3584803342819214,0.06433641165494919,blast,1.0478293895721436,0.045331962406635284,dis,clean,7.62939453125e-05,1.5211317932060364,0.5772825479507446,0.34211708303801097,15,0.022475834004580975
0.01637951284646988,0.010242284275591373,0.3787345886230469,0.07161245495080948,blast,1.0478293895721436,0.045331962406635284,tvl1,clean,0.0006866455078125,1.5211317932060364,0.5599916577339172,0.3614468084138146,15,1.1683794999989914
0.01821316033601761,0.013363122008740902,0.3045697808265686,0.06552474945783615,blast,1.0478293895721436,0.045331962406635284,demons,clean,0.0,1.5211317932060364,0.7107353210449219,0.2906673394138453,15,0.23354775000188965
0.05396724492311478,0.0370759554207325,1.051265001296997,0.1778700351715088,blast,1.0478293895721436,0.045331962406635284,raft,clean,0.011188507080078125,1.5211317932060364,0.005922009702771902,1.003278789237107,15,0.11660599999595433
0.028778471052646637,0.022382350638508797,0.40641915798187256,0.0866110697388649,blast,1.0478293895721436,0.045331962406635284,farneback,low,0.000583648681640625,1.5211317932060364,0.5651950240135193,0.38786768344780276,15,0.02759941600379534
0.031141560524702072,0.02112581580877304,0.6224926114082336,0.12041491270065308,blast,1.0478293895721436,0.045331962406635284,lucas_kanade,low,0.003200531005859375,1.5211317932060364,0.35034075379371643,0.5940782131167497,15,0.07586933400307316
0.020250899717211723,0.014391740784049034,0.3661882281303406,0.06743180751800537,blast,1.0478293895721436,0.045331962406635284,dis,low,9.5367431640625e-05,1.5211317932060364,0.5671778917312622,0.3494731411187702,15,0.02626237500226125
0.04847780615091324,0.04292979836463928,0.37604400515556335,0.08354201912879944,blast,1.0478293895721436,0.045331962406635284,tvl1,low,0.000579833984375,1.5211317932060364,0.5629358887672424,0.3588790397538974,15,1.1987162919976981
0.06278398633003235,0.05860438197851181,0.30955690145492554,0.09295115619897842,blast,1.0478293895721436,0.045331962406635284,demons,low,1.9073486328125e-05,1.5211317932060364,0.708254337310791,0.2954268171284314,15,0.2476263749995269
0.05294022709131241,0.03602892905473709,1.0514194965362549,0.17779546976089478,blast,1.0478293895721436,0.045331962406635284,raft,low,0.011196136474609375,1.5211317932060364,0.005382366478443146,1.003426232361718,15,0.12591287500981707
0.05103249475359917,0.04488706588745117,0.4138716459274292,0.09649613499641418,blast,1.0478293895721436,0.045331962406635284,farneback,medium,0.000675201416015625,1.5211317932060364,0.5619500279426575,0.39497999392479716,15,0.02683608399820514
0.04394293203949928,0.03411169350147247,0.6244003176689148,0.12318851053714752,blast,1.0478293895721436,0.045331962406635284,lucas_kanade,medium,0.003223419189453125,1.5211317932060364,0.3492172658443451,0.5958988399093043,15,0.07806208300462458
0.03306747227907181,0.026926981285214424,0.39561498165130615,0.07688557356595993,blast,1.0478293895721436,0.045331962406635284,dis,medium,0.0001373291015625,1.5211317932060364,0.538927435874939,0.37755667629521844,15,0.024459500011289492
0.07110680639743805,0.06463268399238586,0.4533522427082062,0.10732564330101013,blast,1.0478293895721436,0.045331962406635284,tvl1,medium,0.00128173828125,1.5211317932060364,0.4873531460762024,0.43265845300762357,15,1.2440042090020142
0.10840833932161331,0.10467703640460968,0.32871198654174805,0.13799090683460236,blast,1.0478293895721436,0.045331962406635284,demons,medium,6.103515625e-05,1.5211317932060364,0.6946339011192322,0.3137075461072626,15,0.24203770799795166
0.0534968227148056,0.03658565133810043,1.0519688129425049,0.17776857316493988,blast,1.0478293895721436,0.045331962406635284,raft,medium,0.01120758056640625,1.5211317932060364,0.00605921633541584,1.0039504745825574,15,0.12673508300213143
0.1567327231168747,0.15203025937080383,0.43437686562538147,0.1908121407032013,blast,1.0478293895721436,0.045331962406635284,farneback,high,0.000934600830078125,1.5211317932060364,0.568972110748291,0.4145492290522115,15,0.026622167002642527
0.10813803970813751,0.09931127727031708,0.6292893886566162,0.15890726447105408,blast,1.0478293895721436,0.045331962406635284,lucas_kanade,high,0.00344085693359375,1.5211317932060364,0.35752132534980774,0.6005647435729701,15,0.07936370800598525
0.1039644330739975,0.09729256480932236,0.49788567423820496,0.1386023759841919,blast,1.0478293895721436,0.045331962406635284,dis,high,0.001209259033203125,1.5211317932060364,0.4479396343231201,0.47515910432852515,15,0.024594084010459483
0.12916243076324463,0.1207784041762352,0.6241734027862549,0.16874152421951294,blast,1.0478293895721436,0.045331962406635284,tvl1,high,0.003582000732421875,1.5211317932060364,0.3363618850708008,0.5956822828200318,15,1.2996039999998175
0.24184182286262512,0.23874124884605408,0.4249066710472107,0.2820986807346344,blast,1.0478293895721436,0.045331962406635284,demons,high,0.001026153564453125,1.5211317932060364,0.6495314240455627,0.40551131250547506,15,0.24052033299813047
0.05227574333548546,0.03537832573056221,1.0499358177185059,0.1777704656124115,blast,1.0478293895721436,0.045331962406635284,raft,high,0.011188507080078125,1.5211317932060364,0.0031432562973350286,1.0020102777869424,15,0.12248341699887533
0.008741496130824089,0.005818238481879234,0.11431524157524109,0.027713272720575333,blast,0.3469748795032501,0.027796071022748947,farneback,clean,0.0,0.4804177418676409,0.708966076374054,0.3294625874325588,16,0.02673704200424254
0.011793669313192368,0.007558487821370363,0.1647477149963379,0.0387442521750927,blast,0.3469748795032501,0.027796071022748947,lucas_kanade,clean,0.0,0.4804177418676409,0.4956222176551819,0.47481164985834284,16,0.07734016599715687
0.006888465955853462,0.0036885724402964115,0.12245295941829681,0.02496260777115822,blast,0.3469748795032501,0.027796071022748947,dis,clean,0.0,0.4804177418676409,0.596133291721344,0.3529159217336072,16,0.02389674998994451
0.015501325950026512,0.011976773850619793,0.14279097318649292,0.03377138450741768,blast,0.3469748795032501,0.027796071022748947,tvl1,clean,1.1444091796875e-05,0.4804177418676409,0.6134100556373596,0.41153115577393085,16,1.1613199999992503
0.015417370945215225,0.012884489260613918,0.10689263790845871,0.030975239351391792,blast,0.3469748795032501,0.027796071022748947,demons,clean,0.0,0.4804177418676409,0.8319391012191772,0.30807025010425126,16,0.23529712500749156
0.030694127082824707,0.021852221339941025,0.35002049803733826,0.07076674699783325,blast,0.3469748795032501,0.027796071022748947,raft,clean,0.0,0.4804177418676409,0.012574990279972553,1.0087776340997607,16,0.12503662498784252
0.01694837212562561,0.01426052674651146,0.1140202060341835,0.030270589515566826,blast,0.3469748795032501,0.027796071022748947,farneback,low,0.0,0.4804177418676409,0.7132602334022522,0.32861227935988224,16,0.02687724999850616
0.016279492527246475,0.012175899930298328,0.16448116302490234,0.03942772373557091,blast,0.3469748795032501,0.027796071022748947,lucas_kanade,low,0.0,0.4804177418676409,0.49774518609046936,0.4740434329435703,16,0.07467008399544284
0.012957578524947166,0.009889212436974049,0.12377196550369263,0.02701263315975666,blast,0.3469748795032501,0.027796071022748947,dis,low,0.0,0.4804177418676409,0.5940564870834351,0.35671736720794295,16,0.02520162500150036
0.036902494728565216,0.034227821975946426,0.13349878787994385,0.04702369496226311,blast,0.3469748795032501,0.027796071022748947,tvl1,low,7.62939453125e-06,0.4804177418676409,0.6562168002128601,0.384750585031022,16,1.1723144170100568
0.047448158264160156,0.04569144546985626,0.11089207231998444,0.06330139189958572,blast,0.3469748795032501,0.027796071022748947,demons,low,0.0,0.4804177418676409,0.838980495929718,0.31959683213592904,16,0.2436957500030985
0.03083547204732895,0.02200932428240776,0.34959274530410767,0.07076147198677063,blast,0.3469748795032501,0.027796071022748947,raft,low,0.0,0.4804177418676409,0.011766796000301838,1.0075448280423223,16,0.11827962500683498
0.03512471169233322,0.032787058502435684,0.11954928934574127,0.0447484515607357,blast,0.3469748795032501,0.027796071022748947,farneback,medium,0.0,0.4804177418676409,0.7112996578216553,0.3445473906263622,16,0.026363249999121763
0.026510633528232574,0.02263922430574894,0.16632695496082306,0.0439036600291729,blast,0.3469748795032501,0.027796071022748947,lucas_kanade,medium,0.0,0.4804177418676409,0.4975120425224304,0.479363103170312,16,0.07657424999342766
0.022728143259882927,0.019477086141705513,0.14014048874378204,0.035435646772384644,blast,0.3469748795032501,0.027796071022748947,dis,medium,0.0,0.4804177418676409,0.552918553352356,0.4038923190762844,16,0.026613790992996655
0.059935785830020905,0.057799577713012695,0.13708525896072388,0.07051245123147964,blast,0.3469748795032501,0.027796071022748947,tvl1,medium,0.0,0.4804177418676409,0.6483993530273438,0.3950869848473852,16,1.2339980420074426
0.08500021696090698,0.08364783227443695,0.13384182751178741,0.10326628386974335,blast,0.3469748795032501,0.027796071022748947,demons,medium,0.0,0.4804177418676409,0.8149115443229675,0.38573924343861243,16,0.2465220840094844
0.030453287065029144,0.0216347798705101,0.3489346504211426,0.07081718742847443,blast,0.3469748795032501,0.027796071022748947,raft,medium,0.0,0.4804177418676409,0.010645943693816662,1.0056481636961678,16,0.11623366599087603
0.12966373562812805,0.128547802567482,0.16996590793132782,0.14910916984081268,blast,0.3469748795032501,0.027796071022748947,farneback,high,0.0,0.4804177418676409,0.7483517527580261,0.489850758575552,16,0.026854042007471435
0.08237919211387634,0.07991181313991547,0.17148910462856293,0.09591973572969437,blast,0.3469748795032501,0.027796071022748947,lucas_kanade,high,0.0,0.4804177418676409,0.5385619401931763,0.4942406922197853,16,0.08248341600119602
0.07894454896450043,0.07649897038936615,0.16726678609848022,0.09140424430370331,blast,0.3469748795032501,0.027796071022748947,dis,high,0.0,0.4804177418676409,0.527618944644928,0.4820717463406841,16,0.025357292004628107
0.11664433777332306,0.11508424580097198,0.172987163066864,0.1323922723531723,blast,0.3469748795032501,0.027796071022748947,tvl1,high,0.0,0.4804177418676409,0.6071954965591431,0.49855817606889213,16,1.3334478339966154
0.2056536078453064,0.20512300729751587,0.22481587529182434,0.2368219643831253,blast,0.3469748795032501,0.027796071022748947,demons,high,4.9591064453125e-05,0.4804177418676409,0.8246880769729614,0.6479312727586624,16,0.23846820800099522
0.03387157618999481,0.02523220144212246,0.34588345885276794,0.07133331149816513,blast,0.3469748795032501,0.027796071022748947,raft,high,0.0,0.4804177418676409,0.018887896090745926,0.9968544678161003,16,0.11992883399943821
0.01746845617890358,0.01029536034911871,0.23319531977176666,0.061021849513053894,blast,0.7870126962661743,0.06711004674434662,farneback,clean,3.814697265625e-05,1.0952969820202112,0.7467025518417358,0.2963043936624093,17,0.02943237499857787
0.025947589427232742,0.014607193879783154,0.3670036792755127,0.09097674489021301,blast,0.7870126962661743,0.06711004674434662,lucas_kanade,clean,2.288818359375e-05,1.0952969820202112,0.4923435151576996,0.4663249792750344,17,0.07371737499488518
0.012533070519566536,0.005965133663266897,0.21006014943122864,0.048895496875047684,blast,0.7870126962661743,0.06711004674434662,dis,clean,0.0,1.0952969820202112,0.7139680981636047,0.2669082092675472,17,0.022038708004401997
0.0237661674618721,0.01734866388142109,0.21676908433437347,0.05728562921285629,blast,0.7870126962661743,0.06711004674434662,tvl1,clean,0.0,1.0952969820202112,0.7353772521018982,0.2754327666666515,17,1.1943715420056833
0.02351728081703186,0.01830429583787918,0.18029499053955078,0.053360678255558014,blast,0.7870126962661743,0.06711004674434662,demons,clean,0.0,1.0952969820202112,0.8457909226417542,0.2290877788819985,17,0.23115345901169349
0.06908495724201202,0.04458543658256531,0.8058944940567017,0.17698149383068085,blast,0.7870126962661743,0.06711004674434662,raft,clean,0.012798309326171875,1.0952969820202112,0.021261392161250114,1.0239917321284755,17,0.11805624999396969
0.02583181858062744,0.018927529454231262,0.23347453773021698,0.06238409876823425,blast,0.7870126962661743,0.06711004674434662,farneback,low,4.1961669921875e-05,1.0952969820202112,0.746880054473877,0.29665917568787725,17,0.026482625005883165
0.030436644330620766,0.019232865422964096,0.3673841059207916,0.09126580506563187,blast,0.7870126962661743,0.06711004674434662,lucas_kanade,low,3.0517578125e-05,1.0952969820202112,0.4922337234020233,0.46680835984447605,17,0.07574379099241924
0.018702363595366478,0.012229517102241516,0.21336965262889862,0.05067669227719307,blast,0.7870126962661743,0.06711004674434662,dis,low,0.0,1.0952969820202112,0.7080029845237732,0.2711133551481299,17,0.02324024999688845
0.04596565291285515,0.04026775807142258,0.21732676029205322,0.06744549423456192,blast,0.7870126962661743,0.06711004674434662,tvl1,low,0.0,1.0952969820202112,0.7366234660148621,0.2761413650924781,17,1.2147892500070157
0.051416803151369095,0.047049544751644135,0.18275977671146393,0.07081812620162964,blast,0.7870126962661743,0.06711004674434662,demons,low,0.0,1.0952969820202112,0.8409238457679749,0.23221960405280812,17,0.250462708005216
0.06905965507030487,0.044598277658224106,0.804722011089325,0.17684029042720795,blast,0.7870126962661743,0.06711004674434662,raft,low,0.0127410888671875,1.0952969820202112,0.020224744454026222,1.0225019429891906,17,0.12566474999766797
0.04394511878490448,0.03734324127435684,0.24249279499053955,0.07203590124845505,blast,0.7870126962661743,0.06711004674434662,farneback,medium,3.4332275390625e-05,1.0952969820202112,0.7389063835144043,0.30811802165454066,17,0.02669116700417362
0.04073046147823334,0.029712626710534096,0.3720858097076416,0.09423466771841049,blast,0.7870126962661743,0.06711004674434662,lucas_kanade,medium,2.288818359375e-05,1.0952969820202112,0.48797547817230225,0.4727824741238978,17,0.07750941599078942
0.0298402551561594,0.022925524041056633,0.23779699206352234,0.06021900847554207,blast,0.7870126962661743,0.06711004674434662,dis,medium,0.0,1.0952969820202112,0.6758415699005127,0.3021514051700856,17,0.024218332997406833
0.07043541967868805,0.06442086398601532,0.2513200342655182,0.09119531512260437,blast,0.7870126962661743,0.06711004674434662,tvl1,medium,0.0,1.0952969820202112,0.6917322874069214,0.319334154909897,17,1.2272172079974553
0.08884026110172272,0.08515245467424393,0.1997491419315338,0.10806622356176376,blast,0.7870126962661743,0.06711004674434662,demons,medium,0.0,1.0952969820202112,0.8313286304473877,0.2538067592545889,17,0.2440467500127852
0.06967715173959732,0.04535556212067604,0.8011353015899658,0.17724041640758514,blast,0.7870126962661743,0.06711004674434662,raft,medium,0.0125274658203125,1.0952969820202112,0.015129584819078445,1.0179445711496058,17,0.11713512499409262
0.14017623662948608,0.1356278657913208,0.27696558833122253,0.16435915231704712,blast,0.7870126962661743,0.06711004674434662,farneback,high,9.918212890625e-05,1.0952969820202112,0.7358872294425964,0.3519201019821292,17,0.028254791992367245
0.09685705602169037,0.08741925656795502,0.3806936740875244,0.12938959896564484,blast,0.7870126962661743,0.06711004674434662,lucas_kanade,high,7.2479248046875e-05,1.0952969820202112,0.49361541867256165,0.4837198635976904,17,0.08304370900441427
0.08660734444856644,0.07910459488630295,0.31224843859672546,0.11168722063302994,blast,0.7870126962661743,0.06711004674434662,dis,high,5.340576171875e-05,1.0952969820202112,0.5984255075454712,0.39675146294097446,17,0.024938874994404614
0.12807655334472656,0.12041078507900238,0.3586200773715973,0.15333658456802368,blast,0.7870126962661743,0.06711004674434662,tvl1,high,4.9591064453125e-05,1.0952969820202112,0.5464873909950256,0.4556725438776263,17,1.3762150830007158
0.20900261402130127,0.20644858479499817,0.2858138382434845,0.24047717452049255,blast,0.7870126962661743,0.06711004674434662,demons,high,0.000217437744140625,1.0952969820202112,0.7779099941253662,0.3631629319316849,17,0.2389820829994278
0.07503162324428558,0.05101941153407097,0.7971854209899902,0.17824138700962067,blast,0.7870126962661743,0.06711004674434662,raft,high,0.012310028076171875,1.0952969820202112,0.015082822181284428,1.0129257441107093,17,0.1191067089966964
0.0035496214404702187,0.0022579405922442675,0.09200253337621689,0.01870170421898365,blast,0.23257431387901306,0.007926627062261105,farneback,clean,0.0,0.33564144691005865,0.7177733182907104,0.3955833808202797,18,0.027730916990549304
0.00427970290184021,0.0023324275389313698,0.1376270353794098,0.024441486224532127,blast,0.23257431387901306,0.007926627062261105,lucas_kanade,clean,0.0,0.33564144691005865,0.4331725537776947,0.5917550957540583,18,0.06881379100377671
0.0024124430492520332,0.0011722903000190854,0.08733676373958588,0.014197055250406265,blast,0.23257431387901306,0.007926627062261105,dis,clean,0.0,0.33564144691005865,0.6214288473129272,0.3755219666476975,18,0.019278375009889714
0.005176840350031853,0.0033664777874946594,0.12914854288101196,0.02168324589729309,blast,0.23257431387901306,0.007926627062261105,tvl1,clean,0.0,0.33564144691005865,0.5038393139839172,0.5553001134432929,18,1.173187833992415
0.005254470743238926,0.004105784930288792,0.08391523361206055,0.019342847168445587,blast,0.23257431387901306,0.007926627062261105,demons,clean,0.0,0.33564144691005865,0.8697693943977356,0.36081041028337246,18,0.19965275000140537
0.015710722655057907,0.012565813027322292,0.2310706526041031,0.04065614193677902,blast,0.23257431387901306,0.007926627062261105,raft,clean,0.0,0.33564144691005865,0.013697963207960129,0.993534706177002,18,0.11614149999513756
0.015274938195943832,0.014153779484331608,0.09205061197280884,0.023366350680589676,blast,0.23257431387901306,0.007926627062261105,farneback,low,0.0,0.33564144691005865,0.7218525409698486,0.3957901044080658,18,0.02634112500527408
0.011492024175822735,0.009650079533457756,0.1376264989376068,0.026013074442744255,blast,0.23257431387901306,0.007926627062261105,lucas_kanade,low,0.0,0.33564144691005865,0.43331751227378845,0.5917527892147246,18,0.07423495900002308
0.010889504104852676,0.009695920161902905,0.09262492507696152,0.01816185750067234,blast,0.23257431387901306,0.007926627062261105,dis,low,0.0,0.33564144691005865,0.603765070438385,0.3982594790117094,18,0.024954083986813203
0.035450004041194916,0.03422761335968971,0.11915785074234009,0.04340168833732605,blast,0.23257431387901306,0.007926627062261105,tvl1,low,0.0,0.33564144691005865,0.5727324485778809,0.5123431248918009,18,1.186612541001523
0.05672309175133705,0.05614952743053436,0.09600024670362473,0.0774104967713356,blast,0.23257431387901306,0.007926627062261105,demons,low,0.0,0.33564144691005865,0.8604786396026611,0.412772352640648,18,0.24113329200190492
0.015341034159064293,0.012192413210868835,0.2309553027153015,0.04059552773833275,blast,0.23257431387901306,0.007926627062261105,raft,low,0.0,0.33564144691005865,0.014285258017480373,0.9930387361497118,18,0.12175766698783264
0.035845376551151276,0.0349462516605854,0.09741675108671188,0.04316297173500061,blast,0.23257431387901306,0.007926627062261105,farneback,medium,0.0,0.33564144691005865,0.714337944984436,0.41886289789245096,18,0.027486374994623475
0.023905489593744278,0.022244378924369812,0.13765664398670197,0.03397727012634277,blast,0.23257431387901306,0.007926627062261105,lucas_kanade,medium,0.0,0.33564144691005865,0.43914633989334106,0.5918824039111731,18,0.07404920800763648
0.021638305857777596,0.020336395129561424,0.1107916608452797,0.028593117371201515,blast,0.23257431387901306,0.007926627062261105,dis,medium,0.0,0.33564144691005865,0.5184773206710815,0.4763710101834993,18,0.025110000002314337
0.05489340052008629,0.05398029088973999,0.11742201447486877,0.06401722133159637,blast,0.23257431387901306,0.007926627062261105,tvl1,medium,0.0,0.33564144691005865,0.5978540778160095,0.5048795480310547,18,1.2237359999999171
0.10211457312107086,0.10190220177173615,0.1166573241353035,0.12721863389015198,blast,0.23257431387901306,0.007926627062261105,demons,medium,0.0,0.33564144691005865,0.8538447618484497,0.5015916082460832,18,0.24306091699691024
0.014229610562324524,0.011058930307626724,0.23135438561439514,0.04030807316303253,blast,0.23257431387901306,0.007926627062261105,raft,medium,0.0,0.33564144691005865,0.013904893770813942,0.994754673272937,18,0.12000149999221321
0.14052772521972656,0.14029791951179504,0.15626533329486847,0.16191630065441132,blast,0.23257431387901306,0.007926627062261105,farneback,high,0.0,0.33564144691005865,0.8169644474983215,0.6718942031412759,18,0.02660470899718348
0.08812569081783295,0.08711451292037964,0.15737047791481018,0.10125429183244705,blast,0.23257431387901306,0.007926627062261105,lucas_kanade,high,0.0,0.33564144691005865,0.4657578468322754,0.6766459945214566,18,0.07895354100037366
0.0884488970041275,0.08754300326108932,0.15048372745513916,0.10100484639406204,blast,0.23257431387901306,0.007926627062261105,dis,high,0.0,0.33564144691005865,0.4976838231086731,0.647035026978181,18,0.02596166699368041
0.1116083487868309,0.11091478914022446,0.15910303592681885,0.12640194594860077,blast,0.23257431387901306,0.007926627062261105,tvl1,high,0.0,0.33564144691005865,0.5956340432167053,0.6840954758640521,18,1.3050151670031482
0.2332441508769989,0.23314158618450165,0.24026817083358765,0.27284765243530273,blast,0.23257431387901306,0.007926627062261105,demons,high,0.001392364501953125,0.33564144691005865,1.1081334352493286,1.0330812841119548,18,0.24288170800718945
0.0178513340651989,0.014688891358673573,0.2344120740890503,0.041426148265600204,blast,0.23257431387901306,0.007926627062261105,raft,high,0.0,0.33564144691005865,0.024289438501000404,1.007901819334156,18,0.12421558299683966
0.006411492358893156,0.00409508403390646,0.1120283454656601,0.024147359654307365,blast,0.2663487195968628,0.015029244124889374,farneback,clean,0.0,0.36748921536119467,0.5992484092712402,0.4206077867962825,19,0.027108540991321206
0.007881499826908112,0.004579619970172644,0.1584310382604599,0.03152992203831673,blast,0.2663487195968628,0.015029244124889374,lucas_kanade,clean,0.0,0.36748921536119467,0.36695531010627747,0.5948256049447365,19,0.07086129199888092
0.004908011760562658,0.0024840012192726135,0.11543101072311401,0.0209245216101408,blast,0.2663487195968628,0.015029244124889374,dis,clean,0.0,0.36748921536119467,0.5127962827682495,0.43338301343376767,19,0.024197582999477163
0.009900281205773354,0.006902697961777449,0.14657534658908844,0.028333580121397972,blast,0.2663487195968628,0.015029244124889374,tvl1,clean,0.0,0.36748921536119467,0.44431233406066895,0.5503136895530805,19,1.1765104999940377
0.01044841855764389,0.008403869345784187,0.10366988182067871,0.024870632216334343,blast,0.2663487195968628,0.015029244124889374,demons,clean,0.0,0.36748921536119467,0.7547557950019836,0.3892261317328285,19,0.23567579200607724
0.021609362214803696,0.01628655567765236,0.2643032670021057,0.04863118752837181,blast,0.2663487195968628,0.015029244124889374,raft,clean,0.0,0.36748921536119467,0.019666608422994614,0.9923203963666392,19,0.11677283300377894
0.018820535391569138,0.016753103584051132,0.1130852922797203,0.02931755594909191,blast,0.2663487195968628,0.015029244124889374,farneback,low,0.0,0.36748921536119467,0.5975228548049927,0.424576068737566,19,0.02588291699066758
0.014845265075564384,0.011680674739181995,0.15913502871990204,0.032969191670417786,blast,0.2663487195968628,0.015029244124889374,lucas_kanade,low,0.0,0.36748921536119467,0.3661918342113495,0.5974687205583864,19,0.07361033299821429
0.013573495671153069,0.011147269047796726,0.12419755756855011,0.02530204877257347,blast,0.2663487195968628,0.015029244124889374,dis,low,0.0,0.36748921536119467,0.48086458444595337,0.46629680727030226,19,0.028130499995313585
0.04131282866001129,0.0392957404255867,0.13328233361244202,0.05070564150810242,blast,0.2663487195968628,0.015029244124889374,tvl1,low,0.0,0.36748921536119467,0.5179722309112549,0.5004053851438597,19,1.1986768750066403
0.056437067687511444,0.05515078455209732,0.11508509516716003,0.07253430038690567,blast,0.2663487195968628,0.015029244124889374,demons,low,0.0,0.36748921536119467,0.7443375587463379,0.43208428161903417,19,0.2464471660059644
0.020864613354206085,0.01553257368505001,0.2639794945716858,0.04851455241441727,blast,0.2663487195968628,0.015029244124889374,raft,low,0.0,0.36748921536119467,0.017286358401179314,0.9911048003956505,19,0.1154638750012964
0.04190116375684738,0.04020688310265541,0.11915221065282822,0.050985753536224365,blast,0.2663487195968628,0.015029244124889374,farneback,medium,0.0,0.36748921536119467,0.5982755422592163,0.44735417100248626,19,0.02910154199344106
0.02835164964199066,0.025413691997528076,0.16230805218219757,0.041109662503004074,blast,0.2663487195968628,0.015029244124889374,lucas_kanade,medium,0.0,0.36748921536119467,0.36893194913864136,0.6093817624798874,19,0.07417420801357366
0.026187676936388016,0.023628167808055878,0.1428886353969574,0.03641864284873009,blast,0.2663487195968628,0.015029244124889374,dis,medium,0.0,0.36748921536119467,0.41694873571395874,0.5364720191380279,19,0.02497729199239984
0.06158890947699547,0.05994194373488426,0.13668252527713776,0.07176178693771362,blast,0.2663487195968628,0.015029244124889374,tvl1,medium,0.0,0.36748921536119467,0.5429960489273071,0.5131713247355429,19,1.2551405830017757
0.10500006377696991,0.10432334244251251,0.13585501909255981,0.12749844789505005,blast,0.2663487195968628,0.015029244124889374,demons,medium,0.0,0.36748921536119467,0.7495793104171753,0.5100644722384465,19,0.24058724999486003
0.021567370742559433,0.01620812527835369,0.2659226953983307,0.048584241420030594,blast,0.2663487195968628,0.015029244124889374,raft,medium,0.0,0.36748921536119467,0.017089273780584335,0.998400502171826,19,0.11928708299819846
0.15170899033546448,0.15100201964378357,0.18394359946250916,0.17553068697452545,blast,0.2663487195968628,0.015029244124889374,farneback,high,0.0,0.36748921536119467,0.6551756262779236,0.6906119156154402,19,0.027346458999090828
0.0942000150680542,0.09215239435434341,0.1875615268945694,0.10910647362470627,blast,0.2663487195968628,0.015029244124889374,lucas_kanade,high,0.0,0.36748921536119467,0.3922725021839142,0.7041953390219287,19,0.07844724999449681
0.09831400960683823,0.0965464860200882,0.17890428006649017,0.11266224086284637,blast,0.2663487195968628,0.015029244124889374,dis,high,0.0,0.36748921536119467,0.41318488121032715,0.671691909528509,19,0.02455362500040792
0.11651328206062317,0.11487648636102676,0.1911424994468689,0.13193489611148834,blast,0.2663487195968628,0.015029244124889374,tvl1,high,0.0,0.36748921536119467,0.4785974323749542,0.7176400162019787,19,1.3199332920048619
0.2433752715587616,0.24279293417930603,0.26992669701576233,0.28385841846466064,blast,0.2663487195968628,0.015029244124889374,demons,high,0.0013275146484375,0.36748921536119467,0.9195272326469421,1.0134334320221814,19,0.2428737089940114
0.022923829033970833,0.017575496807694435,0.2667815685272217,0.048937972635030746,blast,0.2663487195968628,0.015029244124889374,raft,high,0.0,0.36748921536119467,0.02333797886967659,1.0016251211232179,19,0.11622554100176785
0.03246941417455673,0.006360053550451994,0.187048077583313,0.4208230674266815,expansion,1.5670092105865479,0.22778679430484772,farneback,clean,0.003648705982180738,8.256601367085016,0.6589847803115845,0.11936629109748433,0,0.02767512499121949
0.04013695567846298,0.00905043538659811,0.22418256103992462,0.46847623586654663,expansion,1.5670092105865479,0.22778679430484772,lucas_kanade,clean,0.0037396205830656404,8.256601367085016,0.6248029470443726,0.14306397149766004,0,0.06940287500037812
0.01994209736585617,0.002234471496194601,0.12477888911962509,0.3182230591773987,expansion,1.5670092105865479,0.22778679430484772,dis,clean,0.0022304382083762654,8.256601367085016,0.7551369667053223,0.07962868901894907,0,0.021151541004655883
0.03224289044737816,0.006230125669389963,0.18624967336654663,0.4029223322868347,expansion,1.5670092105865479,0.22778679430484772,tvl1,clean,0.002545608824777259,8.256601367085016,0.6415895819664001,0.11885678278612762,0,1.187281249993248
0.032473593950271606,0.006174919195473194,0.1881731003522873,0.35863614082336426,expansion,1.5670092105865479,0.22778679430484772,demons,clean,0.003466876780410934,8.256601367085016,0.7018324732780457,0.12008423376264148,0,0.23192291700979695
0.1178966611623764,0.01654851995408535,0.717921257019043,0.6408951282501221,expansion,1.5670092105865479,0.22778679430484772,raft,clean,0.02470452754712407,8.256601367085016,0.018148381263017654,0.45814743919106743,0,0.11650208300852682
0.04280484467744827,0.018094049766659737,0.1891034096479416,0.4219333231449127,expansion,1.5670092105865479,0.22778679430484772,farneback,low,0.0036426450087884113,8.256601367085016,0.6589339971542358,0.1206779184004657,0,0.026399124995805323
0.045993056148290634,0.015842650085687637,0.22449646890163422,0.46867015957832336,expansion,1.5670092105865479,0.22778679430484772,lucas_kanade,low,0.0037396205830656404,8.256601367085016,0.625190794467926,0.14326429441828414,0,0.07110899999679532
0.02766597643494606,0.010963603854179382,0.12655122578144073,0.3187010586261749,expansion,1.5670092105865479,0.22778679430484772,dis,low,0.0022728650221225527,8.256601367085016,0.7555399537086487,0.08075972044482833,0,0.029118833001120947
0.06070416420698166,0.03871692717075348,0.19087813794612885,0.40526658296585083,expansion,1.5670092105865479,0.22778679430484772,tvl1,low,0.002575913691738893,8.256601367085016,0.6441840529441833,0.12181047606904695,0,1.2221494590048678
0.06711836904287338,0.04528944566845894,0.19635501503944397,0.36418336629867554,expansion,1.5670092105865479,0.22778679430484772,demons,low,0.0036426450087884113,8.256601367085016,0.7031391263008118,0.12530559087521015,0,0.24925741700280923
0.1194363608956337,0.015999138355255127,0.7318293452262878,0.6428046226501465,expansion,1.5670092105865479,0.22778679430484772,raft,low,0.025698527183465665,8.256601367085016,0.025366654619574547,0.4670230017042188,0,0.11576308400253765
0.06323155760765076,0.03974728286266327,0.2022685706615448,0.4263247847557068,expansion,1.5670092105865479,0.22778679430484772,farneback,medium,0.003751742529850294,8.256601367085016,0.6588340997695923,0.12907937572736639,0,0.026852249997318722
0.05797744169831276,0.028821611776947975,0.2305925488471985,0.4722510874271393,expansion,1.5670092105865479,0.22778679430484772,lucas_kanade,medium,0.0038062912903812354,8.256601367085016,0.6252180933952332,0.14715455869010832,0,0.07568974999594502
0.040213488042354584,0.022544823586940765,0.14481960237026215,0.33506783843040466,expansion,1.5670092105865479,0.22778679430484772,dis,medium,0.002521364931207952,8.256601367085016,0.728983998298645,0.09241783736296907,0,0.026128458994207904
0.08642491698265076,0.06585685163736343,0.2081967294216156,0.41562318801879883,expansion,1.5670092105865479,0.22778679430484772,tvl1,medium,0.0026910721861931027,8.256601367085016,0.617745578289032,0.1328624796938401,0,1.2399267919972772
0.10860621184110641,0.09019096940755844,0.21763242781162262,0.37156543135643005,expansion,1.5670092105865479,0.22778679430484772,demons,medium,0.0034608158070186072,8.256601367085016,0.7040907144546509,0.13888394933566506,0,0.23614012500911485
0.09910735487937927,0.015017720870673656,0.5969542264938354,0.5986271500587463,expansion,1.5670092105865479,0.22778679430484772,raft,medium,0.018667798048366567,8.256601367085016,0.04566865786910057,0.3809513195333353,0,0.11615479200554546
0.1644953340291977,0.14373338222503662,0.287415087223053,0.46043047308921814,expansion,1.5670092105865479,0.22778679430484772,farneback,high,0.003994181465543366,8.256601367085016,0.6636195182800293,0.1834163355781875,0,0.026624541002092883
0.11616641283035278,0.09009361267089844,0.2705286741256714,0.4787435829639435,expansion,1.5670092105865479,0.22778679430484772,lucas_kanade,high,0.003909327838050791,8.256601367085016,0.6408213376998901,0.1726401301906896,0,0.10263620800105855
0.1030140221118927,0.08363846689462662,0.21772558987140656,0.39308977127075195,expansion,1.5670092105865479,0.22778679430484772,dis,high,0.0031941329777562277,8.256601367085016,0.730332612991333,0.13894340148129034,0,0.025922125001670793
0.14243917167186737,0.12008542567491531,0.2747829556465149,0.44214484095573425,expansion,1.5670092105865479,0.22778679430484772,tvl1,high,0.0035093035941572218,8.256601367085016,0.5385684967041016,0.1753550354331745,0,1.3006409999943571
0.23189601302146912,0.21482613682746887,0.33295708894729614,0.43707364797592163,expansion,1.5670092105865479,0.22778679430484772,demons,high,0.004739681192799564,8.256601367085016,0.7309685945510864,0.21247934389783635,0,0.24349670800438616
0.08952106535434723,0.02674957551062107,0.4611554443836212,0.5442527532577515,expansion,1.5670092105865479,0.22778679430484772,raft,high,0.010503666888902358,8.256601367085016,0.1870134025812149,0.29429019387257205,0,0.11559187500097323
0.006892738863825798,0.0026513568591326475,0.03496047481894493,0.04786277562379837,expansion,0.4061215817928314,0.05386210232973099,farneback,clean,0.0003101679536322056,2.184126414212312,0.9360426068305969,0.08608376502576212,1,0.027125332999275997
0.00877989549189806,0.004338567610830069,0.03817078471183777,0.06411945074796677,expansion,0.4061215817928314,0.05386210232973099,lucas_kanade,clean,0.0004305316371312705,2.184126414212312,0.8759534955024719,0.09398856505810924,1,0.07248304200766142
0.003711300203576684,0.0007993518956936896,0.02298137918114662,0.034973178058862686,expansion,0.4061215817928314,0.05386210232973099,dis,clean,0.00012036368349906487,2.184126414212312,0.9339808225631714,0.056587436401914146,1,0.022163749992614612
0.009553352370858192,0.002744748257100582,0.05460989475250244,0.04422646760940552,expansion,0.4061215817928314,0.05386210232973099,tvl1,clean,0.0001064755661722497,2.184126414212312,0.916319727897644,0.13446686214366158,1,1.1869956659938907
0.01422781590372324,0.0035153115168213844,0.08511877059936523,0.05368798226118088,expansion,0.4061215817928314,0.05386210232973099,demons,clean,0.00017591615280632556,2.184126414212312,0.9266660809516907,0.2095893801644493,1,0.2363917080074316
0.05493464693427086,0.01871592365205288,0.29461532831192017,0.17570164799690247,expansion,0.4061215817928314,0.05386210232973099,raft,clean,0.005212673369997963,2.184126414212312,0.03033926710486412,0.7254362770166884,1,0.1186084579967428
0.017242420464754105,0.014200830832123756,0.03737042099237442,0.049760278314352036,expansion,0.4061215817928314,0.05386210232973099,farneback,low,0.0003194266985167491,2.184126414212312,0.9352112412452698,0.09201781601313082,1,0.027732333008316346
0.014958047308027744,0.011323614045977592,0.03900923207402229,0.0648842379450798,expansion,0.4061215817928314,0.05386210232973099,lucas_kanade,low,0.000421272892246727,2.184126414212312,0.8745464086532593,0.09605308809695683,1,0.07662137500301469
0.011130052618682384,0.009097407571971416,0.02458125911653042,0.03730320930480957,expansion,0.4061215817928314,0.05386210232973099,dis,low,0.00013425180082588006,2.184126414212312,0.9323544502258301,0.06052684766964608,1,0.02500066599168349
0.03550395742058754,0.03205271065235138,0.05834290385246277,0.056470032781362534,expansion,0.4061215817928314,0.05386210232973099,tvl1,low,0.0001064755661722497,2.184126414212312,0.9145134091377258,0.14365871322303758,1,1.2136957080074353
0.06504472345113754,0.060327786952257156,0.09625950455665588,0.09962411969900131,expansion,0.4061215817928314,0.05386210232973099,demons,low,0.0001805455252485973,2.184126414212312,0.9264260530471802,0.2370213967248834,1,0.24079787499795202
0.05572410300374031,0.01952899619936943,0.295248419046402,0.17620307207107544,expansion,0.4061215817928314,0.05386210232973099,raft,low,0.005268225839305224,2.184126414212312,0.027817895635962486,0.7269951469779622,1,0.1190903340029763
0.036586444824934006,0.034549858421087265,0.05006375536322594,0.060985028743743896,expansion,0.4061215817928314,0.05386210232973099,farneback,medium,0.0003194266985167491,2.184126414212312,0.9319263696670532,0.12327282667968183,1,0.0272940419963561
0.02686399035155773,0.024043111130595207,0.04553140699863434,0.07173808664083481,expansion,0.4061215817928314,0.05386210232973099,lucas_kanade,medium,0.00047682536155398776,2.184126414212312,0.8731259703636169,0.11211274908768719,1,0.075647374993423
0.021733056753873825,0.02013142593204975,0.03233199566602707,0.04359254613518715,expansion,0.4061215817928314,0.05386210232973099,dis,medium,0.00020369238745995594,2.184126414212312,0.9275377988815308,0.07961161660825032,1,0.02546591599821113
0.05373154953122139,0.051818277686834335,0.06639278680086136,0.07214447855949402,expansion,0.4061215817928314,0.05386210232973099,tvl1,medium,0.00012499305594133658,2.184126414212312,0.9095259308815002,0.16348007536996467,1,1.2332013330014888
0.10710810869932175,0.1052863597869873,0.11916369944810867,0.1436903476715088,expansion,0.4061215817928314,0.05386210232973099,demons,medium,0.0002731329740940318,2.184126414212312,0.9288854598999023,0.2934187809523893,1,0.24286158299946692
0.05234541371464729,0.017341583967208862,0.2839863896369934,0.1729440987110138,expansion,0.4061215817928314,0.05386210232973099,raft,medium,0.005254337721978409,2.184126414212312,0.026186248287558556,0.6992644625861303,1,0.11616350000258535
0.13703373074531555,0.1373283565044403,0.13508404791355133,0.16342221200466156,expansion,0.4061215817928314,0.05386210232973099,farneback,high,0.00048145473399625947,2.184126414212312,0.9348707795143127,0.3326197226880193,1,0.02864695800235495
0.08798080682754517,0.08761773258447647,0.09038349241018295,0.1195296049118042,expansion,0.4061215817928314,0.05386210232973099,lucas_kanade,high,0.0006851471214562154,2.184126414212312,0.8815540075302124,0.22255279320833754,1,0.09163370900205337
0.08508717268705368,0.08644308894872665,0.07611430436372757,0.1048494204878807,expansion,0.4061215817928314,0.05386210232973099,dis,high,0.0003564616780549229,2.184126414212312,0.9054837822914124,0.1874175315375251,1,0.026537209007074125
0.10979583859443665,0.10970978438854218,0.11036528646945953,0.13126078248023987,expansion,0.4061215817928314,0.05386210232973099,tvl1,high,0.0002731329740940318,2.184126414212312,0.8773097991943359,0.2717543007250437,1,1.3211406659975182
0.2391369640827179,0.23955704271793365,0.2363569438457489,0.28796008229255676,expansion,0.4061215817928314,0.05386210232973099,demons,high,0.0035553580356646854,2.184126414212312,0.9420440196990967,0.5819856772997551,1,0.2454415840038564
0.0545465312898159,0.015896329656243324,0.31031766533851624,0.1783456802368164,expansion,0.4061215817928314,0.05386210232973099,raft,high,0.005356183915708386,2.184126414212312,0.02092132717370987,0.7641004055204675,1,0.1224421669903677
0.004435862880200148,0.0020931244362145662,0.024835187941789627,0.022394120693206787,expansion,0.20090582966804504,0.021465778350830078,farneback,clean,0.0,0.959601027163006,0.8579472899436951,0.1236160642168751,2,0.026917832990875468
0.0056734285317361355,0.002939855679869652,0.02947593666613102,0.02991528995335102,expansion,0.20090582966804504,0.021465778350830078,lucas_kanade,clean,0.0,0.959601027163006,0.7351372838020325,0.1467151884782729,2,0.0672230829950422
0.0029374861624091864,0.000966821622569114,0.02009698934853077,0.01600588858127594,expansion,0.20090582966804504,0.021465778350830078,dis,clean,0.0,0.959601027163006,0.8260698914527893,0.10003188748547939,2,0.022184457993716933
0.007394307758659124,0.003121652640402317,0.044598329812288284,0.025432979688048363,expansion,0.20090582966804504,0.021465778350830078,tvl1,clean,0.0,0.959601027163006,0.7365805506706238,0.22198624044895918,2,1.1860793750092853
0.009587382897734642,0.004033013712614775,0.05795189365744591,0.0277439933270216,expansion,0.20090582966804504,0.021465778350830078,demons,clean,0.0,0.959601027163006,0.9031955003738403,0.28845302176248105,2,0.22324712500267196
0.03443121537566185,0.01896549202501774,0.16909857094287872,0.07833829522132874,expansion,0.20090582966804504,0.021465778350830078,raft,clean,0.0008618162631177815,0.959601027163006,0.02476557344198227,0.8416807577076226,2,0.11598937500093598
0.01537410169839859,0.013881147839128971,0.02837396413087845,0.02641167677938938,expansion,0.20090582966804504,0.021465778350830078,farneback,low,0.0,0.959601027163006,0.8561618328094482,0.1412301682721726,2,0.02669774999958463
0.012130952440202236,0.00998618919402361,0.030806420370936394,0.030922356992959976,expansion,0.20090582966804504,0.021465778350830078,lucas_kanade,low,0.0,0.959601027163006,0.7340477705001831,0.1533376130590017,2,0.06928158400114626
0.010685740038752556,0.009329616092145443,0.022494157776236534,0.019038861617445946,expansion,0.20090582966804504,0.021465778350830078,dis,low,0.0,0.959601027163006,0.8228608965873718,0.11196368872622281,2,0.023229333004564978
0.034615371376276016,0.032790251076221466,0.0505075566470623,0.04380735009908676,expansion,0.20090582966804504,0.021465778350830078,tvl1,low,0.0,0.959601027163006,0.7591574788093567,0.25139915915090916,2,1.218671416005236
0.061349283903837204,0.05908435955643654,0.08107109367847443,0.08672496676445007,expansion,0.20090582966804504,0.021465778350830078,demons,low,0.0,0.959601027163006,0.9001431465148926,0.4035278309864253,2,0.2425329999969108
0.03387458622455597,0.01815883442759514,0.17071904242038727,0.0784972533583641,expansion,0.20090582966804504,0.021465778350830078,raft,low,0.0008735416544527173,0.959601027163006,0.0242079459130764,0.8497465837724314,2,0.12364383300882764
0.03518955036997795,0.03421603888273239,0.04366639256477356,0.044007688760757446,expansion,0.20090582966804504,0.021465778350830078,farneback,medium,0.0,0.959601027163006,0.8524380922317505,0.2173475634675368,2,0.02634991599188652
0.023872971534729004,0.022101854905486107,0.03929490968585014,0.03768355771899223,expansion,0.20090582966804504,0.021465778350830078,lucas_kanade,medium,0.0,0.959601027163006,0.7305939793586731,0.1955886982014249,2,0.07149770901014563
0.021379226818680763,0.020083263516426086,0.03266381099820137,0.02953595481812954,expansion,0.20090582966804504,0.021465778350830078,dis,medium,0.0,0.959601027163006,0.7953624725341797,0.16258269385299323,2,0.0234731670061592
0.05322751775383949,0.05208706855773926,0.06315796077251434,0.0633426308631897,expansion,0.20090582966804504,0.021465778350830078,tvl1,medium,0.0,0.959601027163006,0.7624617218971252,0.3143659936442347,2,1.2722652910015313
0.10516752302646637,0.10478715598583221,0.10847948491573334,0.13572734594345093,expansion,0.20090582966804504,0.021465778350830078,demons,medium,0.00012311660901682595,0.959601027163006,0.9390454888343811,0.5399519023164885,2,0.24583112499385606
0.03380075469613075,0.01788836345076561,0.17235742509365082,0.07872598618268967,expansion,0.20090582966804504,0.021465778350830078,raft,medium,0.0008676789587852494,0.959601027163006,0.022626252844929695,0.857901562032498,2,0.11919541699171532
0.13880793750286102,0.138483926653862,0.14162921905517578,0.15988731384277344,expansion,0.20090582966804504,0.021465778350830078,farneback,high,0.0,0.959601027163006,0.8911584615707397,0.7049532574001884,2,0.02757783400011249
0.08821546286344528,0.08724326640367508,0.09668084979057312,0.10267813503742218,expansion,0.20090582966804504,0.021465778350830078,lucas_kanade,high,0.0,0.959601027163006,0.7544746994972229,0.48122471085243296,2,0.09646075000637211
0.08777248859405518,0.08755159378051758,0.08969590067863464,0.10107726603746414,expansion,0.20090582966804504,0.021465778350830078,dis,high,0.0,0.959601027163006,0.7464013695716858,0.44645743145850175,2,0.02572358399629593
0.11115526407957077,0.1106753945350647,0.1153336688876152,0.12641841173171997,expansion,0.20090582966804504,0.021465778350830078,tvl1,high,0.0,0.959601027163006,0.7323411703109741,0.5740683039321458,2,1.3113892080000369
0.24067263305187225,0.2397851198911667,0.2484009563922882,0.2844160497188568,expansion,0.20090582966804504,0.021465778350830078,demons,high,0.00262648765902562,0.959601027163006,0.932275652885437,1.236404920667155,2,0.24971433301107027
0.029279613867402077,0.01063879206776619,0.19159406423568726,0.08158332854509354,expansion,0.20090582966804504,0.021465778350830078,raft,high,0.0008735416544527173,0.959601027163006,0.024584338068962097,0.953651093909303,2,0.11768687500443775
0.013716896064579487,0.00399997690692544,0.09736451506614685,0.14757119119167328,expansion,0.8447197079658508,0.08833036571741104,farneback,clean,0.0015294886684563587,4.210415204746102,0.7669684886932373,0.1152625115147461,3,0.02573275000031572
0.017671557143330574,0.005732274614274502,0.12045028805732727,0.18689002096652985,expansion,0.8447197079658508,0.08833036571741104,lucas_kanade,clean,0.0018785420990169387,4.210415204746102,0.6698890328407288,0.14259201830081686,3,0.06734212499577552
0.008115910924971104,0.001362000941298902,0.06625661998987198,0.1286405324935913,expansion,0.8447197079658508,0.08833036571741104,dis,clean,0.001002735309610393,4.210415204746102,0.7942283153533936,0.07843621897898292,3,0.022800332997576334
0.014032264240086079,0.0041667502373456955,0.0989590585231781,0.1385256052017212,expansion,0.8447197079658508,0.08833036571741104,tvl1,clean,0.0009265781974880845,4.210415204746102,0.7754374742507935,0.1171501713408333,3,1.1707713330106344
0.01691879890859127,0.0046058339066803455,0.12291435152292252,0.13807529211044312,expansion,0.8447197079658508,0.08833036571741104,demons,clean,0.0012185137939569332,4.210415204746102,0.7770106196403503,0.1455090373337087,3,0.22498637498938479
0.05558589845895767,0.011806374415755272,0.4324598014354706,0.3037930428981781,expansion,0.8447197079658508,0.08833036571741104,raft,clean,0.012496112814068757,4.210415204746102,0.035395607352256775,0.511956566607007,3,0.11576395800511818
0.02553999051451683,0.016922734677791595,0.09972122311592102,0.1485995501279831,expansion,0.8447197079658508,0.08833036571741104,farneback,low,0.0015358350944665513,4.210415204746102,0.7660006880760193,0.11805244056168322,3,0.026284958003088832
0.024270812049508095,0.012947281822562218,0.12174885720014572,0.18747836351394653,expansion,0.8447197079658508,0.08833036571741104,lucas_kanade,low,0.0018721956730067461,4.210415204746102,0.6676647067070007,0.1441292964423977,3,0.07009337500494439
0.016694245859980583,0.010549909435212612,0.06958745419979095,0.12982454895973206,expansion,0.8447197079658508,0.08833036571741104,dis,low,0.0009900424575900082,4.210415204746102,0.7911586761474609,0.08237934257194357,3,0.02314120800292585
0.0458100326359272,0.03886259347200394,0.10561676323413849,0.1470610648393631,expansion,0.8447197079658508,0.08833036571741104,tvl1,low,0.0009392710495084694,4.210415204746102,0.7710711359977722,0.1250317261905392,3,1.2506232910091057
0.057741835713386536,0.049413591623306274,0.12943509221076965,0.14976657927036285,expansion,0.8447197079658508,0.08833036571741104,demons,low,0.0012438994979977027,4.210415204746102,0.7747898101806641,0.15322845079873793,3,0.24524175000260584
0.05589696392416954,0.011324438266456127,0.43959739804267883,0.3037378191947937,expansion,0.8447197079658508,0.08833036571741104,raft,low,0.01298478761685357,4.210415204746102,0.04133506119251251,0.5204062293056506,3,0.1246099160052836
0.04589105024933815,0.03858182206749916,0.10881222784519196,0.15397611260414124,expansion,0.8447197079658508,0.08833036571741104,farneback,medium,0.0015358350944665513,4.210415204746102,0.7645688056945801,0.12881459591752636,3,0.026415584012283944
0.036412060260772705,0.026065608486533165,0.12547899782657623,0.18754267692565918,expansion,0.8447197079658508,0.08833036571741104,lucas_kanade,medium,0.0018785420990169387,4.210415204746102,0.6664038896560669,0.14854512880815718,3,0.06951862500864081
0.027906294912099838,0.021861091256141663,0.0799461081624031,0.13268886506557465,expansion,0.8447197079658508,0.08833036571741104,dis,medium,0.001091585273753086,4.210415204746102,0.7875698208808899,0.09464217231881496,3,0.025377250000019558
0.06991015374660492,0.06296757608652115,0.12967495620250702,0.18462267518043518,expansion,0.8447197079658508,0.08833036571741104,tvl1,medium,0.0012248602199671256,4.210415204746102,0.6843237280845642,0.15351240770121743,3,1.246671917004278
0.10129592567682266,0.09570886939764023,0.14939193427562714,0.17780783772468567,expansion,0.8447197079658508,0.08833036571741104,demons,medium,0.001339095888150588,4.210415204746102,0.7742059826850891,0.176853852072866,3,0.24271420900186058
0.0534670390188694,0.01087038405239582,0.4201582968235016,0.29689380526542664,expansion,0.8447197079658508,0.08833036571741104,raft,medium,0.011036434831724515,4.210415204746102,0.05263500288128853,0.49739374239920914,3,0.11916708300122991
0.15155255794525146,0.14597584307193756,0.19955943524837494,0.22557011246681213,expansion,0.8447197079658508,0.08833036571741104,farneback,high,0.0017198814487621296,4.210415204746102,0.756070613861084,0.23624337560316808,3,0.02693891701346729
0.10025177150964737,0.09128766506910324,0.1774187982082367,0.2147195190191269,expansion,0.8447197079658508,0.08833036571741104,lucas_kanade,high,0.001954699211139247,4.210415204746102,0.6542959213256836,0.21003274403940997,3,0.10291337501257658
0.09546864032745361,0.09033796191215515,0.13963593542575836,0.16956444084644318,expansion,0.8447197079658508,0.08833036571741104,dis,high,0.0012438994979977027,4.210415204746102,0.7718537449836731,0.16530446029489745,3,0.026382500000181608
0.12857772409915924,0.119513139128685,0.20660966634750366,0.23779042065143585,expansion,0.8447197079658508,0.08833036571741104,tvl1,high,0.0018214242649252073,4.210415204746102,0.5506631731987,0.2445896128610938,3,1.2823241250007413
0.2322557419538498,0.2273014485836029,0.2749045789241791,0.3066559433937073,expansion,0.8447197079658508,0.08833036571741104,demons,high,0.0016818028927009755,4.210415204746102,0.7548067569732666,0.32543881281776904,3,0.24195720900024753
0.060680873692035675,0.020583245903253555,0.4058593511581421,0.2671559751033783,expansion,0.8447197079658508,0.08833036571741104,raft,high,0.00804092175491372,4.210415204746102,0.22717992961406708,0.4804662982653527,3,0.12573266700201202
0.004885408096015453,0.002345188520848751,0.026225529611110687,0.023230809718370438,expansion,0.2619020938873291,0.028706882148981094,farneback,clean,0.0,1.1052483525836674,0.9574427008628845,0.10013486040471663,4,0.027427583001554012
0.00660136342048645,0.0037896425928920507,0.030222339555621147,0.03495590761303902,expansion,0.2619020938873291,0.028706882148981094,lucas_kanade,clean,0.0,1.1052483525836674,0.8524092435836792,0.11539556292597977,4,0.06578404200263321
0.0027101964224129915,0.000950074230786413,0.017496800050139427,0.011724581941962242,expansion,0.2619020938873291,0.028706882148981094,dis,clean,0.0,1.1052483525836674,0.9283798933029175,0.06680664438546487,4,0.022978583991061896
0.007506802678108215,0.0032898294739425182,0.042933154851198196,0.020335553213953972,expansion,0.2619020938873291,0.028706882148981094,tvl1,clean,0.0,1.1052483525836674,0.8971558213233948,0.16392826118323492,4,1.1757222500018543
0.009929756633937359,0.0038924727123230696,0.0606483519077301,0.027867445722222328,expansion,0.2619020938873291,0.028706882148981094,demons,clean,0.0,1.1052483525836674,0.9534545540809631,0.23156879354244936,4,0.22973199999250937
0.039522282779216766,0.017816539853811264,0.22186993062496185,0.09647821635007858,expansion,0.2619020938873291,0.028706882148981094,raft,clean,0.0012643731423313451,1.1052483525836674,0.04188189655542374,0.847148364993259,4,0.11824645799060818
0.015186040662229061,0.01359837781637907,0.028523823246359825,0.026786712929606438,expansion,0.2619020938873291,0.028706882148981094,farneback,low,0.0,1.1052483525836674,0.9599574208259583,0.10891025277037625,4,0.02694412499840837
0.012703741900622845,0.010539082810282707,0.030888831242918968,0.03576715290546417,expansion,0.2619020938873291,0.028706882148981094,lucas_kanade,low,0.0,1.1052483525836674,0.8546302914619446,0.11794037529233124,4,0.06844895798712969
0.010227999649941921,0.009187353774905205,0.018970347940921783,0.015817956998944283,expansion,0.2619020938873291,0.028706882148981094,dis,low,0.0,1.1052483525836674,0.92589271068573,0.07243297546556796,4,0.024645500001497567
0.034552354365587234,0.032855939120054245,0.048803798854351044,0.04175598546862602,expansion,0.2619020938873291,0.028706882148981094,tvl1,low,0.0,1.1052483525836674,0.8988522291183472,0.1863436757223734,4,1.2616749590088148
0.055941931903362274,0.0537898875772953,0.07402101159095764,0.07640019059181213,expansion,0.2619020938873291,0.028706882148981094,demons,low,0.0,1.1052483525836674,0.9541840553283691,0.28262855975027695,4,0.24006412499875296
0.04070878401398659,0.019192403182387352,0.22146564722061157,0.09647944569587708,expansion,0.2619020938873291,0.028706882148981094,raft,low,0.001270992897003237,1.1052483525836674,0.04497925564646721,0.8456047217243197,4,0.116133625007933
0.034596096724271774,0.033835358917713165,0.04098697751760483,0.04361550137400627,expansion,0.2619020938873291,0.028706882148981094,farneback,medium,0.0,1.1052483525836674,0.9513054490089417,0.1564973265744012,4,0.02649441700486932
0.024399107322096825,0.022913148626685143,0.036882489919662476,0.04121573269367218,expansion,0.2619020938873291,0.028706882148981094,lucas_kanade,medium,0.0,1.1052483525836674,0.8487013578414917,0.14082548700633685,4,0.06881908299692441
0.021176505833864212,0.02019881084561348,0.02939002215862274,0.027390731498599052,expansion,0.2619020938873291,0.028706882148981094,dis,medium,0.0,1.1052483525836674,0.9093374013900757,0.11221759139988548,4,0.022988041004282422
0.05479118600487709,0.053865544497966766,0.06256739795207977,0.0640697106719017,expansion,0.2619020938873291,0.028706882148981094,tvl1,medium,0.0,1.1052483525836674,0.8864063024520874,0.23889613490068703,4,1.2679612500069197
0.09759164601564407,0.09698724001646042,0.10266915708780289,0.12311545759439468,expansion,0.2619020938873291,0.028706882148981094,demons,medium,3.30987733594593e-05,1.1052483525836674,0.9905600547790527,0.39201350231270543,4,0.2550141250103479
0.041695062071084976,0.01925516687333584,0.2302103042602539,0.09854599088430405,expansion,0.2619020938873291,0.028706882148981094,raft,medium,0.0012842324063470209,1.1052483525836674,0.03690468147397041,0.8789937523725599,4,0.11573175000376068
0.13369885087013245,0.1335373967885971,0.13505516946315765,0.1544484794139862,expansion,0.2619020938873291,0.028706882148981094,farneback,high,0.0,1.1052483525836674,0.9798123836517334,0.515670445617967,4,0.02690966699447017
0.08441711217164993,0.0840056985616684,0.08787339925765991,0.09885971248149872,expansion,0.2619020938873291,0.028706882148981094,lucas_kanade,high,0.0,1.1052483525836674,0.8810680508613586,0.3355200332818387,4,0.10085133400571067
0.08211607486009598,0.08242761343717575,0.07949893921613693,0.0941208079457283,expansion,0.2619020938873291,0.028706882148981094,dis,high,0.0,1.1052483525836674,0.8904352784156799,0.30354449648019066,4,0.02533116700942628
0.11072167009115219,0.11055878549814224,0.11209003627300262,0.12550674378871918,expansion,0.2619020938873291,0.028706882148981094,tvl1,high,0.0,1.1052483525836674,0.8518141508102417,0.42798449836458363,4,1.2999084170005517
0.22453956305980682,0.22619053721427917,0.21066997945308685,0.2628993093967438,expansion,0.2619020938873291,0.028706882148981094,demons,high,0.0012908521610189127,1.1052483525836674,0.9964585304260254,0.8043844794296207,4,0.24525220799841918
0.04198750853538513,0.018075503408908844,0.24286971986293793,0.10166613757610321,expansion,0.2619020938873291,0.028706882148981094,raft,high,0.0013504299530659393,1.1052483525836674,0.02883831039071083,0.9273301952577021,4,0.1161740829993505
0.004492343869060278,0.0019983393140137196,0.02443406730890274,0.02389504760503769,expansion,0.2642759680747986,0.02985047921538353,farneback,clean,1.6215427357588008e-05,1.2703438411937338,0.942877471446991,0.09245663723001524,5,0.028206500006490387
0.006281568668782711,0.003288548206910491,0.030213357880711555,0.0387255921959877,expansion,0.2642759680747986,0.02985047921538353,lucas_kanade,clean,0.00017296455848093877,1.2703438411937338,0.8446924686431885,0.11432502963023942,5,0.06957562500610948
0.002587259281426668,0.0005823769024573267,0.018618032336235046,0.013133697211742401,expansion,0.2642759680747986,0.02985047921538353,dis,clean,0.0,1.2703438411937338,0.9266632199287415,0.07044920683429508,5,0.021386209002230316
0.010112947784364223,0.0045790658332407475,0.05436112731695175,0.026554293930530548,expansion,0.2642759680747986,0.02985047921538353,tvl1,clean,3.2430854715176015e-05,1.2703438411937338,0.9109041094779968,0.20569833766181042,5,1.1777589580015047
0.009441020898520947,0.0029030947480350733,0.061717405915260315,0.027891987934708595,expansion,0.2642759680747986,0.02985047921538353,demons,clean,0.0,1.2703438411937338,0.9570210576057434,0.2335339318397362,5,0.24235762500029523
0.036755938082933426,0.015826528891921043,0.2041047215461731,0.10194075107574463,expansion,0.2642759680747986,0.02985047921538353,raft,clean,0.001637758163116389,1.2703438411937338,0.05199450999498367,0.7723166167284833,5,0.11572349999914877
0.014284870587289333,0.012721877545118332,0.026782358065247536,0.026966188102960587,expansion,0.2642759680747986,0.02985047921538353,farneback,low,1.6215427357588008e-05,1.2703438411937338,0.9387083053588867,0.1013423893982947,5,0.02734487499401439
0.011765746399760246,0.009377140551805496,0.030864721164107323,0.03947892040014267,expansion,0.2642759680747986,0.02985047921538353,lucas_kanade,low,0.00017296455848093877,1.2703438411937338,0.8415398001670837,0.11678973835173546,5,0.0727305409964174
0.009611126035451889,0.008312813006341457,0.01999226026237011,0.0161368977278471,expansion,0.2642759680747986,0.02985047921538353,dis,low,0.0,1.2703438411937338,0.9244807958602905,0.07564917993872095,5,0.024978708010166883
0.03624143451452255,0.03357318788766861,0.057576362043619156,0.04501612111926079,expansion,0.2642759680747986,0.02985047921538353,tvl1,low,3.2430854715176015e-05,1.2703438411937338,0.9097568392753601,0.21786453934140237,5,1.2320675840019248
0.043201345950365067,0.040221814066171646,0.06702527403831482,0.05623853579163551,expansion,0.2642759680747986,0.02985047921538353,demons,low,0.0,1.2703438411937338,0.9561657309532166,0.2536184978398963,5,0.24335991700354498
0.03703689202666283,0.01602102257311344,0.20507700741291046,0.10217752307653427,expansion,0.2642759680747986,0.02985047921538353,raft,low,0.0016431633055689183,1.2703438411937338,0.05231916159391403,0.775995671898805,5,0.11659716701251455
0.033752575516700745,0.03275618329644203,0.04171959310770035,0.043482255190610886,expansion,0.2642759680747986,0.02985047921538353,farneback,medium,1.0810284905058673e-05,1.2703438411937338,0.9365974068641663,0.15786374149575477,5,0.02709229101310484
0.02380351349711418,0.022050421684980392,0.037821006029844284,0.046082641929388046,expansion,0.2642759680747986,0.02985047921538353,lucas_kanade,medium,0.0001783697009334681,1.2703438411937338,0.8337792158126831,0.1431117869148803,5,0.07364858400251251
0.020104512572288513,0.01912791281938553,0.027913274243474007,0.026086371392011642,expansion,0.2642759680747986,0.02985047921538353,dis,medium,0.0,1.2703438411937338,0.9210003614425659,0.10562168950441099,5,0.023654624994378537
0.06124022603034973,0.060114603489637375,0.0702405646443367,0.07194598764181137,expansion,0.2642759680747986,0.02985047921538353,tvl1,medium,3.7835997167705354e-05,1.2703438411937338,0.8947429656982422,0.26578491096268114,5,1.231905500011635
0.08267436921596527,0.08161832392215729,0.09111833572387695,0.09855373948812485,expansion,0.2642759680747986,0.02985047921538353,demons,medium,0.0,1.2703438411937338,0.953577995300293,0.3447847959375842,5,0.2464473750005709
0.03684152662754059,0.014373598620295525,0.21649202704429626,0.10454554855823517,expansion,0.2642759680747986,0.02985047921538353,raft,medium,0.0016809993027366236,1.2703438411937338,0.04548740014433861,0.8191892309444575,5,0.11828770898864605
0.1290624737739563,0.12899285554885864,0.12961897253990173,0.1486777663230896,expansion,0.2642759680747986,0.02985047921538353,farneback,high,3.7835997167705354e-05,1.2703438411937338,0.9192283153533936,0.49046825363710483,5,0.027297541993902996
0.08035992830991745,0.07977914065122604,0.08500383049249649,0.09722718596458435,expansion,0.2642759680747986,0.02985047921538353,lucas_kanade,high,0.00016755941602840944,1.2703438411937338,0.8255312442779541,0.3216479769679159,5,0.09813241599476896
0.07549110800027847,0.0758533775806427,0.07259444147348404,0.08717358112335205,expansion,0.2642759680747986,0.02985047921538353,dis,high,1.0810284905058673e-05,1.2703438411937338,0.8853630423545837,0.27469180040213675,5,0.025028083007782698
0.11706048995256424,0.11652028560638428,0.12137994170188904,0.13296492397785187,expansion,0.2642759680747986,0.02985047921538353,tvl1,high,7.567199433541071e-05,1.2703438411937338,0.8515818119049072,0.4592923926686161,5,1.3453891660028603
0.20280440151691437,0.20277659595012665,0.2030268758535385,0.23249314725399017,expansion,0.2642759680747986,0.02985047921538353,demons,high,5.94565669778227e-05,1.2703438411937338,0.9686571955680847,0.7682381312707003,5,0.24317787500331178
0.0408993735909462,0.019185390323400497,0.21452146768569946,0.10584138333797455,expansion,0.2642759680747986,0.02985047921538353,raft,high,0.001702619872546741,1.2703438411937338,0.05093091353774071,0.8117327854229371,5,0.11634704199968837
0.011421237140893936,0.0062114279717206955,0.05510588362812996,0.05670396611094475,expansion,0.40193384885787964,0.04429297149181366,farneback,clean,0.0002036028000232689,1.9243301628841232,0.8621318340301514,0.13710187331750437,6,0.026580874997307546
0.015834301710128784,0.009356622584164143,0.07015015184879303,0.07454826682806015,expansion,0.40193384885787964,0.04429297149181366,lucas_kanade,clean,0.0009501464001085882,1.9243301628841232,0.6861051321029663,0.17453158535447838,6,0.06424887500179466
0.006439149379730225,0.002271613571792841,0.041384257376194,0.03602216765284538,expansion,0.40193384885787964,0.04429297149181366,dis,clean,0.0002036028000232689,1.9243301628841232,0.8170763850212097,0.10296285693227872,6,0.024535374992410652
0.01489733811467886,0.006751327309757471,0.08320227265357971,0.04887848719954491,expansion,0.40193384885787964,0.04429297149181366,tvl1,clean,0.0005235500572026914,1.9243301628841232,0.780310332775116,0.20700489120287882,6,1.1783619580091909
0.015123519115149975,0.007057250011712313,0.0827598050236702,0.0480474978685379,expansion,0.40193384885787964,0.04429297149181366,demons,clean,0.00011634445715615365,1.9243301628841232,0.8526438474655151,0.2059040443068863,6,0.24673479099874385
0.058774881064891815,0.02713831141591072,0.3240499794483185,0.1554223597049713,expansion,0.40193384885787964,0.04429297149181366,raft,clean,0.004605301429097749,1.9243301628841232,0.01868879422545433,0.8062271450118643,6,0.11874462501145899
0.023295782506465912,0.019135024398565292,0.05818406492471695,0.0589362233877182,expansion,0.40193384885787964,0.04429297149181366,farneback,low,0.0001939074285935894,1.9243301628841232,0.8583434224128723,0.14476030095512143,6,0.026773250006954186
0.022432556375861168,0.016543634235858917,0.07181164622306824,0.07533123344182968,expansion,0.40193384885787964,0.04429297149181366,lucas_kanade,low,0.0009695371429679471,1.9243301628841232,0.682917058467865,0.17866533616694777,6,0.06323941600567196
0.015059110708534718,0.011641076765954494,0.04371959716081619,0.03861828148365021,expansion,0.40193384885787964,0.04429297149181366,dis,low,0.000164821314304551,1.9243301628841232,0.8114984035491943,0.10877311598674305,6,0.024000042001716793
0.04611189663410187,0.04125161096453667,0.08686574548482895,0.06582629680633545,expansion,0.40193384885787964,0.04429297149181366,tvl1,low,0.0005041593143433325,1.9243301628841232,0.7768163084983826,0.21611950755494577,6,1.2155862499930663
0.05359107628464699,0.04928181692957878,0.08972454816102982,0.07441297918558121,expansion,0.40193384885787964,0.04429297149181366,demons,low,0.00014543057144519208,1.9243301628841232,0.8481795191764832,0.22323212741596105,6,0.2440791669941973
0.05717388913035393,0.024090055376291275,0.33458441495895386,0.15663568675518036,expansion,0.40193384885787964,0.04429297149181366,raft,low,0.004614996800527428,1.9243301628841232,0.01730596087872982,0.8324365213571749,6,0.11954770800366532
0.04471796378493309,0.041829612106084824,0.06893701106309891,0.07131248712539673,expansion,0.40193384885787964,0.04429297149181366,farneback,medium,0.0001939074285935894,1.9243301628841232,0.8569416999816895,0.17151332553599993,6,0.027328249998390675
0.03488841652870178,0.030073458328843117,0.07526218891143799,0.07939872145652771,expansion,0.40193384885787964,0.04429297149181366,lucas_kanade,medium,0.0009404510286789087,1.9243301628841232,0.6813279390335083,0.18725018837129603,6,0.06622870799037628
0.027274826541543007,0.02411653846502304,0.053757309913635254,0.047977302223443985,expansion,0.40193384885787964,0.04429297149181366,dis,medium,0.00029086114289038416,1.9243301628841232,0.7919195890426636,0.1337466602188147,6,0.02584258301067166
0.0697772279381752,0.0668460950255394,0.09435498714447021,0.08937457948923111,expansion,0.40193384885787964,0.04429297149181366,tvl1,medium,0.0007368482286556398,1.9243301628841232,0.7406298518180847,0.23475252809034586,6,1.2339516249921871
0.09661836922168732,0.09456060826778412,0.1138729378581047,0.11909949779510498,expansion,0.40193384885787964,0.04429297149181366,demons,medium,0.0002036028000232689,1.9243301628841232,0.8433376550674438,0.28331263510570664,6,0.2427424999914365
0.05801941454410553,0.022757668048143387,0.3536919355392456,0.1603298932313919,expansion,0.40193384885787964,0.04429297149181366,raft,medium,0.00475073200054294,1.9243301628841232,0.01229681633412838,0.8799754898580538,6,0.11679737499798648
0.15545743703842163,0.15274657309055328,0.17818817496299744,0.1838185042142868,expansion,0.40193384885787964,0.04429297149181366,farneback,high,0.00041690097147621723,1.9243301628841232,0.8554600477218628,0.44332711830399546,6,0.027092083997558802
0.10171952843666077,0.09833252429962158,0.1301199197769165,0.13105586171150208,expansion,0.40193384885787964,0.04429297149181366,lucas_kanade,high,0.001134358457272498,1.9243301628841232,0.6969771981239319,0.32373466466350237,6,0.11331720900489017
0.09876875579357147,0.0970928743481636,0.11282116919755936,0.11951529234647751,expansion,0.40193384885787964,0.04429297149181366,dis,high,0.0007659343429446782,1.9243301628841232,0.7334575653076172,0.28069586455121365,6,0.024498958999174647
0.1254909187555313,0.12257722020149231,0.14992253482341766,0.14902696013450623,expansion,0.40193384885787964,0.04429297149181366,tvl1,high,0.0010664908572647418,1.9243301628841232,0.6380982995033264,0.3730030084538339,6,1.2608914580050623
0.23202455043792725,0.22920899093151093,0.25563332438468933,0.26935237646102905,expansion,0.40193384885787964,0.04429297149181366,demons,high,0.0008919741715305114,1.9243301628841232,0.7866109609603882,0.6360084504230921,6,0.24762054199527483
0.06122110038995743,0.02273283153772354,0.3839482069015503,0.164455845952034,expansion,0.40193384885787964,0.04429297149181366,raft,high,0.004731341257683582,1.9243301628841232,0.02010864019393921,0.955252233651292,6,0.11796800000593066
0.02668982930481434,0.00859635416418314,0.1169196367263794,0.2016640603542328,expansion,1.3820281028747559,0.23375140130519867,farneback,clean,0.00230442962583633,7.1066826400918615,0.8422308564186096,0.08460004285236669,7,0.027379084000131115
0.03952551633119583,0.01575450226664543,0.1580684781074524,0.3055519163608551,expansion,1.3820281028747559,0.23375140130519867,lucas_kanade,clean,0.004230353902501475,7.1066826400918615,0.7674893140792847,0.11437428644081422,7,0.06455879099667072
0.013851978816092014,0.003103299532085657,0.0674542561173439,0.10367829352617264,expansion,1.3820281028747559,0.23375140130519867,dis,clean,0.001213443619401739,7.1066826400918615,0.9170721173286438,0.0488081653166331,7,0.02354370900138747
0.025532543659210205,0.00597698288038373,0.12305358052253723,0.23825861513614655,expansion,1.3820281028747559,0.23375140130519867,tvl1,clean,0.0015362864172242198,7.1066826400918615,0.8114796280860901,0.08903840686493535,7,1.1748774579900783
0.026213450357317924,0.008457431569695473,0.1147603914141655,0.14903755486011505,expansion,1.3820281028747559,0.23375140130519867,demons,clean,0.0018591292150467009,7.1066826400918615,0.8781325221061707,0.08303766846379786,7,0.23051974999543745
0.11789395660161972,0.02129501849412918,0.5996202826499939,0.45628511905670166,expansion,1.3820281028747559,0.23375140130519867,raft,clean,0.02348959666915293,7.1066826400918615,0.26431331038475037,0.4338698188573185,7,0.11794379199272953
0.03719410300254822,0.02079334296286106,0.11898257583379745,0.20298989117145538,expansion,1.3820281028747559,0.23375140130519867,farneback,low,0.002348959666915293,7.1066826400918615,0.8407420516014099,0.08609273254740758,7,0.026750208999146707
0.04548599570989609,0.022996576502919197,0.1576378345489502,0.30540403723716736,expansion,1.3820281028747559,0.23375140130519867,lucas_kanade,low,0.004241486412771216,7.1066826400918615,0.7687926888465881,0.11406268383475547,7,0.06448287499370053
0.021773725748062134,0.012312131002545357,0.06895747035741806,0.10477488487958908,expansion,1.3820281028747559,0.23375140130519867,dis,low,0.0013470337426386275,7.1066826400918615,0.9189630746841431,0.04989585248952584,7,0.02437120799731929
0.05503208190202713,0.04011058062314987,0.1294437050819397,0.24184519052505493,expansion,1.3820281028747559,0.23375140130519867,tvl1,low,0.0015808164583031828,7.1066826400918615,0.8094715476036072,0.09366213669076912,7,1.2704149589990266
0.0630962997674942,0.05159783363342285,0.12043765932321548,0.16166487336158752,expansion,1.3820281028747559,0.23375140130519867,demons,low,0.0018591292150467009,7.1066826400918615,0.8726110458374023,0.087145593546682,7,0.24125249999633525
0.12418072670698166,0.019138386473059654,0.6480133533477783,0.491131067276001,expansion,1.3820281028747559,0.23375140130519867,raft,low,0.02719672258897659,7.1066826400918615,0.18767786026000977,0.4688858005129173,7,0.11883183299505617
0.05649712681770325,0.0426139235496521,0.12573085725307465,0.20135162770748138,expansion,1.3820281028747559,0.23375140130519867,farneback,medium,0.0025716098723101073,7.1066826400918615,0.8481213450431824,0.09097561546797925,7,0.026713375002145767
0.057795148342847824,0.03716130182147026,0.1606934666633606,0.3157067894935608,expansion,1.3820281028747559,0.23375140130519867,lucas_kanade,medium,0.004497534148975252,7.1066826400918615,0.7764829993247986,0.11627366066515016,7,0.06541958400339354
0.03345826268196106,0.024188801646232605,0.07968386262655258,0.11177071183919907,expansion,1.3820281028747559,0.23375140130519867,dis,medium,0.001569683948033442,7.1066826400918615,0.9089494347572327,0.057657194134332165,7,0.027215624999371357
0.07733553647994995,0.0632118210196495,0.14776870608329773,0.26500189304351807,expansion,1.3820281028747559,0.23375140130519867,tvl1,medium,0.0018368641945072195,7.1066826400918615,0.7670139074325562,0.10692163623585087,7,1.2570632499991916
0.10467225313186646,0.0961441695690155,0.14720062911510468,0.18852676451206207,expansion,1.3820281028747559,0.23375140130519867,demons,medium,0.0019704543177441083,7.1066826400918615,0.8724531531333923,0.10651059034828071,7,0.24293312498775776
0.11256245523691177,0.014201869256794453,0.6030738949775696,0.49450474977493286,expansion,1.3820281028747559,0.23375140130519867,raft,medium,0.02445812506262037,7.1066826400918615,0.16767850518226624,0.4363687639369387,7,0.11563791699882131
0.16542840003967285,0.1540990173816681,0.22192658483982086,0.2612529397010803,expansion,1.3820281028747559,0.23375140130519867,farneback,high,0.00338428312200118,7.1066826400918615,0.8433998227119446,0.16058037052806054,7,0.026329792002798058
0.1234043538570404,0.10547571629285812,0.21281209588050842,0.34307119250297546,expansion,1.3820281028747559,0.23375140130519867,lucas_kanade,high,0.005666447727298028,7.1066826400918615,0.7831842303276062,0.15398536067236124,7,0.1164750419993652
0.10767453908920288,0.09902636706829071,0.1508018970489502,0.1674438863992691,expansion,1.3820281028747559,0.23375140130519867,dis,high,0.0020483818896322933,7.1066826400918615,0.8924036026000977,0.10911637522801979,7,0.024227165995398536
0.14224128425121307,0.12211532890796661,0.24260684847831726,0.3210955262184143,expansion,1.3820281028747559,0.23375140130519867,tvl1,high,0.0038963785944092534,7.1066826400918615,0.615063488483429,0.17554407755795334,7,1.2597479169926373
0.2421293556690216,0.237044557929039,0.26748669147491455,0.3088882565498352,expansion,1.3820281028747559,0.23375140130519867,demons,high,0.0025938748928495885,7.1066826400918615,0.8783652782440186,0.19354649223016207,7,0.2417523330077529
0.13671347498893738,0.02622039057314396,0.6877281665802002,0.5200201272964478,expansion,1.3820281028747559,0.23375140130519867,raft,high,0.02859941888296392,7.1066826400918615,0.10434317588806152,0.4976224182052863,7,0.12243762500293087
0.0070579578168690205,0.0029339008033275604,0.04721403494477272,0.058044370263814926,expansion,0.4396354854106903,0.04113577678799629,farneback,clean,0.0006706813747561159,2.080991479008563,0.8760265707969666,0.1073935942651836,8,0.026057791998027824
0.009266204200685024,0.004435826558619738,0.05629975348711014,0.0863906592130661,expansion,0.4396354854106903,0.04113577678799629,lucas_kanade,clean,0.0010224373405372956,2.080991479008563,0.7570982575416565,0.12806007557492113,8,0.07082266699580941
0.00410517118871212,0.0009653891320340335,0.03467733785510063,0.04369685426354408,expansion,0.4396354854106903,0.04113577678799629,dis,clean,0.00022981389764370404,2.080991479008563,0.8686832189559937,0.0788774769231979,8,0.023967917004483752
0.008024720475077629,0.002480089198797941,0.06201298534870148,0.056280266493558884,expansion,0.4396354854106903,0.04113577678799629,tvl1,clean,0.00023919405673120217,2.080991479008563,0.8236603140830994,0.14105545936714223,8,1.190527208003914
0.01133605744689703,0.003735987702384591,0.08533819019794464,0.053549159318208694,expansion,0.4396354854106903,0.04113577678799629,demons,clean,0.0002954750112561909,2.080991479008563,0.88527512550354,0.19411124222200815,8,0.22876066599565092
0.03686752915382385,0.011293821036815643,0.28587958216667175,0.15297025442123413,expansion,0.4396354854106903,0.04113577678799629,raft,clean,0.004207001350742909,2.080991479008563,0.06364328414201736,0.6502650301297089,8,0.11887195800954942
0.018275577574968338,0.014985475689172745,0.05031140521168709,0.059999119490385056,expansion,0.4396354854106903,0.04113577678799629,farneback,low,0.0006706813747561159,2.080991479008563,0.8764292001724243,0.11443890878073261,8,0.02756791601132136
0.016044454649090767,0.01174530666321516,0.05790539085865021,0.0809662714600563,expansion,0.4396354854106903,0.04113577678799629,lucas_kanade,low,0.0010083671019060483,2.080991479008563,0.7563762664794922,0.1317122770573382,8,0.07439124998927582
0.011975090019404888,0.009487171657383442,0.036200039088726044,0.04647022485733032,expansion,0.4396354854106903,0.04113577678799629,dis,low,0.00023919405673120217,2.080991479008563,0.8658515810966492,0.08234103089951754,8,0.02587962499819696
0.03574833646416664,0.03258400782942772,0.06655950099229813,0.06780754774808884,expansion,0.4396354854106903,0.04113577678799629,tvl1,low,0.00023919405673120217,2.080991479008563,0.8238369822502136,0.15139701684935836,8,1.2258476249990053
0.06713413447141647,0.06324467062950134,0.1050059050321579,0.10255257040262222,expansion,0.4396354854106903,0.04113577678799629,demons,low,0.00031892540897493623,2.080991479008563,0.9036793112754822,0.2388476556528768,8,0.24406537499453407
0.03717513382434845,0.01148235984146595,0.2873465418815613,0.1542656421661377,expansion,0.4396354854106903,0.04113577678799629,raft,low,0.004230451748461654,2.080991479008563,0.05446619540452957,0.6536017937977262,8,0.11883283298811875
0.03879290819168091,0.036263175308704376,0.0634249672293663,0.06962969154119492,expansion,0.4396354854106903,0.04113577678799629,farneback,medium,0.0006941317724748612,2.080991479008563,0.8690886497497559,0.1442671698125486,8,0.027016084000933915
0.02896326407790184,0.025245048105716705,0.0651676207780838,0.1439497321844101,expansion,0.4396354854106903,0.04113577678799629,lucas_kanade,medium,0.0010318174996247936,2.080991479008563,0.7517096996307373,0.14823102988878786,8,0.07649958299589343
0.02329331263899803,0.021055685356259346,0.04508115351200104,0.05031195282936096,expansion,0.4396354854106903,0.04113577678799629,dis,medium,0.00027671469308119466,2.080991479008563,0.8509399890899658,0.10254211729494034,8,0.024323916994035244
0.05417977273464203,0.05160551890730858,0.07924539595842361,0.08641070127487183,expansion,0.4396354854106903,0.04113577678799629,tvl1,medium,0.0003283055680624343,2.080991479008563,0.7725083231925964,0.18025250142034294,8,1.2559070830029668
0.11374091356992722,0.1108587309718132,0.14180496335029602,0.15382540225982666,expansion,0.4396354854106903,0.04113577678799629,demons,medium,0.0009473960678373105,2.080991479008563,0.873277485370636,0.3225512226744558,8,0.24589533399557695
0.03672125190496445,0.00970473513007164,0.2997819781303406,0.1562633514404297,expansion,0.4396354854106903,0.04113577678799629,raft,medium,0.004314873180249137,2.080991479008563,0.04453488811850548,0.6818875820506071,8,0.127785541000776
0.14052559435367584,0.13867926597595215,0.15850329399108887,0.16804064810276031,expansion,0.4396354854106903,0.04113577678799629,farneback,high,0.0006566111361248686,2.080991479008563,0.8679761290550232,0.3605334402044941,8,0.027570625010412186
0.09117358922958374,0.08847063034772873,0.11749240010976791,0.2099817991256714,expansion,0.4396354854106903,0.04113577678799629,lucas_kanade,high,0.001055267897343539,2.080991479008563,0.7413409352302551,0.2672495829130151,8,0.0916106660006335
0.08837965875864029,0.08662568777799606,0.10545815527439117,0.11005116254091263,expansion,0.4396354854106903,0.04113577678799629,dis,high,0.00031892540897493623,2.080991479008563,0.8101223111152649,0.2398763493257972,8,0.02446687500923872
0.11008236557245255,0.10764351487159729,0.13382957875728607,0.1411575824022293,expansion,0.4396354854106903,0.04113577678799629,tvl1,high,0.0005440492270748912,2.080991479008563,0.6713632941246033,0.3044103199091577,8,1.3103978339931928
0.2438732236623764,0.24103723466396332,0.2714872360229492,0.29140713810920715,expansion,0.4396354854106903,0.04113577678799629,demons,high,0.003203324328380609,2.080991479008563,0.9264758825302124,0.6175280318178512,8,0.24612883299414534
0.0384453646838665,0.013958235271275043,0.2768773138523102,0.14781883358955383,expansion,0.4396354854106903,0.04113577678799629,raft,high,0.004075679123517935,2.080991479008563,0.09388820827007294,0.6297883656813148,8,0.12049395899521187
0.023164503276348114,0.009635679423809052,0.09494980424642563,0.2595791220664978,expansion,1.3075621128082275,0.20883408188819885,farneback,clean,0.0028536713669225504,7.410329674463435,0.9069725275039673,0.07261590353249349,9,0.026909916996373795
0.03133703023195267,0.012557229958474636,0.13098454475402832,0.3858596384525299,expansion,1.3075621128082275,0.20883408188819885,lucas_kanade,clean,0.0035007518236961793,7.410329674463435,0.8752825260162354,0.10017462533593542,9,0.07462724999641068
0.01306331716477871,0.0026853394228965044,0.06812991201877594,0.17054571211338043,expansion,1.3075621128082275,0.20883408188819885,dis,clean,0.0015688209635446974,7.410329674463435,0.8903483748435974,0.052104532053513355,9,0.023828916004276834
0.0181496012955904,0.004519790410995483,0.09047074615955353,0.18041500449180603,expansion,1.3075621128082275,0.20883408188819885,tvl1,clean,0.0012336425974461271,7.410329674463435,0.892835795879364,0.06919040042025318,9,1.1972899590036832
0.031045766547322273,0.007980243302881718,0.15343374013900757,0.22180920839309692,expansion,1.3075621128082275,0.20883408188819885,demons,clean,0.004441113350806058,7.410329674463435,0.9895344972610474,0.11734336643441029,9,0.23034079201170243
0.08018063008785248,0.012815641239285469,0.4376260042190552,0.47886982560157776,expansion,1.3075621128082275,0.20883408188819885,raft,clean,0.01458025892528781,7.410329674463435,0.17130409181118011,0.3346885015497839,9,0.11708204199385364
0.0328872911632061,0.02081654593348503,0.09693587571382523,0.2589995265007019,expansion,1.3075621128082275,0.20883408188819885,farneback,low,0.002858326622007253,7.410329674463435,0.906975507736206,0.0741348152904475,9,0.027987958994344808
0.03734799847006798,0.01952909491956234,0.13189686834812164,0.3858737051486969,expansion,1.3075621128082275,0.20883408188819885,lucas_kanade,low,0.0034867860584420723,7.410329674463435,0.8751986026763916,0.10087235402136968,9,0.07528862499748357
0.020348142832517624,0.011042696423828602,0.06972377747297287,0.17538456618785858,expansion,1.3075621128082275,0.20883408188819885,dis,low,0.0015781314737141022,7.410329674463435,0.8855375051498413,0.053323491702607057,9,0.027624999987892807
0.043254606425762177,0.033414121717214584,0.09546925127506256,0.1850641965866089,expansion,1.3075621128082275,0.20883408188819885,tvl1,low,0.0012615741279543412,7.410329674463435,0.8905928134918213,0.0730131672827572,9,1.2405974590074038
0.08257324248552322,0.06662822514772415,0.16717907786369324,0.23986124992370605,expansion,1.3075621128082275,0.20883408188819885,demons,low,0.004585426258431831,7.410329674463435,0.9914777278900146,0.12785555364910792,9,0.2446946249983739
0.08240348845720291,0.013607456348836422,0.4474421739578247,0.4852052628993988,expansion,1.3075621128082275,0.20883408188819885,raft,low,0.015134234280367392,7.410329674463435,0.15499359369277954,0.3421957317169899,9,0.11789116699947044
0.0513155534863472,0.040746938437223434,0.10739371925592422,0.2660560607910156,expansion,1.3075621128082275,0.20883408188819885,farneback,medium,0.002937465958447193,7.410329674463435,0.9073944091796875,0.08213278604813401,9,0.026506374997552484
0.04908224195241928,0.03253902867436409,0.1368621587753296,0.3989195227622986,expansion,1.3075621128082275,0.20883408188819885,lucas_kanade,medium,0.003570580649966715,7.410329674463435,0.8843169808387756,0.10466971888730639,9,0.07755049999104813
0.03393424674868584,0.02167654037475586,0.09897486120462418,0.3010128438472748,expansion,1.3075621128082275,0.20883408188819885,dis,medium,0.0016479602999846376,7.410329674463435,0.8334812521934509,0.07569419474234967,9,0.025929166993591934
0.06351891160011292,0.05289347469806671,0.11989852041006088,0.23227250576019287,expansion,1.3075621128082275,0.20883408188819885,tvl1,medium,0.0013546792296483885,7.410329674463435,0.8238965272903442,0.09169623319274448,9,1.2513601670070784
0.12326119840145111,0.10985445231199265,0.19439873099327087,0.26245686411857605,expansion,1.3075621128082275,0.20883408188819885,demons,medium,0.00486008630842927,7.410329674463435,0.9948850870132446,0.14867265508004376,9,0.2432712080044439
0.07173913717269897,0.011822093278169632,0.389664888381958,0.44329673051834106,expansion,1.3075621128082275,0.20883408188819885,raft,medium,0.010860710112610621,7.410329674463435,0.3429589867591858,0.298008702275016,9,0.11613412499718834
0.1492280811071396,0.1410025805234909,0.19287344813346863,0.30594325065612793,expansion,1.3075621128082275,0.20883408188819885,farneback,high,0.003086434121157669,7.410329674463435,0.905244767665863,0.14750614616634755,9,0.026255499993567355
0.10735845565795898,0.09361423552036285,0.1802867352962494,0.37507951259613037,expansion,1.3075621128082275,0.20883408188819885,lucas_kanade,high,0.003621788455898441,7.410329674463435,0.8975687026977539,0.13788005443890602,9,0.09184570799698122
0.09627626836299896,0.08877144753932953,0.13609759509563446,0.21189799904823303,expansion,1.3075621128082275,0.20883408188819885,dis,high,0.0023043512669276714,7.410329674463435,0.8864514827728271,0.10408499432836893,9,0.02510370800155215
0.12679432332515717,0.11178065091371536,0.20645834505558014,0.3501652777194977,expansion,1.3075621128082275,0.20883408188819885,tvl1,high,0.0020808990228619578,7.410329674463435,0.6664067506790161,0.1578956311392147,9,1.327727166004479
0.2500361204147339,0.23981505632400513,0.30427002906799316,0.3550886809825897,expansion,1.3075621128082275,0.20883408188819885,demons,high,0.008393424917718367,7.410329674463435,0.9830750226974487,0.23270024887346874,9,0.2427585419936804
0.07177066057920456,0.01959143579006195,0.3486388325691223,0.39218515157699585,expansion,1.3075621128082275,0.20883408188819885,raft,high,0.007415821349930869,7.410329674463435,0.5270703434944153,0.2666327122467299,9,0.11748995899688452
0.01503300666809082,0.0044389162212610245,0.15670613944530487,0.19138392806053162,expansion,1.0425362586975098,0.0738016664981842,farneback,clean,0.0016937018735485674,4.172729822435298,0.6760625243186951,0.1503124118110629,10,0.02659979200689122
0.01889135129749775,0.006981061305850744,0.17816582322120667,0.18719546496868134,expansion,1.0425362586975098,0.0738016664981842,lucas_kanade,clean,0.001973075378463795,4.172729822435298,0.566226601600647,0.17089652444683096,10,0.0687920829950599
0.00861397199332714,0.001797563978470862,0.0997687503695488,0.13071028888225555,expansion,1.0425362586975098,0.0738016664981842,dis,clean,0.0012280793653565213,4.172729822435298,0.7082535624504089,0.09569811077285183,10,0.0232542919984553
0.01258725207298994,0.003565749851986766,0.13323041796684265,0.15325325727462769,expansion,1.0425362586975098,0.0738016664981842,tvl1,clean,0.0012746416161757259,4.172729822435298,0.6534519195556641,0.1277945173180775,10,1.1812364170036744
0.014593933708965778,0.005428529344499111,0.1371614634990692,0.1273198127746582,expansion,1.0425362586975098,0.0738016664981842,demons,clean,0.0013910472432237374,4.172729822435298,0.7049854397773743,0.13156517325395625,10,0.2262037079926813
0.04938933998346329,0.01182982325553894,0.5516669154167175,0.2863748073577881,expansion,1.0425362586975098,0.0738016664981842,raft,clean,0.011157479352551902,4.172729822435298,0.019455648958683014,0.5291584928719326,10,0.12298312500934117
0.025733686983585358,0.015806324779987335,0.15849076211452484,0.19170282781124115,expansion,1.0425362586975098,0.0738016664981842,farneback,low,0.0016762410294913657,4.172729822435298,0.6743471026420593,0.1520242205412931,10,0.02794362499844283
0.025561584159731865,0.014088810421526432,0.17898522317409515,0.18647417426109314,expansion,1.0425362586975098,0.0738016664981842,lucas_kanade,low,0.0019963565038733973,4.172729822435298,0.5651810765266418,0.17168249226910334,10,0.0741521249874495
0.016721684485673904,0.010312619619071484,0.10242913663387299,0.13234232366085052,expansion,1.0425362586975098,0.0738016664981842,dis,low,0.0012397199280613225,4.172729822435298,0.7060707807540894,0.09824995128883343,10,0.024954916996648535
0.040484875440597534,0.033138152211904526,0.1387314349412918,0.15638171136379242,expansion,1.0425362586975098,0.0738016664981842,tvl1,low,0.0012746416161757259,4.172729822435298,0.6559550762176514,0.13307108868771203,10,1.243754083989188
0.06749299168586731,0.060812197625637054,0.15683431923389435,0.15198540687561035,expansion,1.0425362586975098,0.0738016664981842,demons,low,0.001396867524576138,4.172729822435298,0.7117445468902588,0.15043536176845776,10,0.2543197909981245
0.04966748505830765,0.011709637939929962,0.5572718977928162,0.2878740727901459,expansion,1.0425362586975098,0.0738016664981842,raft,low,0.011209861884723508,4.172729822435298,0.017514823004603386,0.5345347877771105,10,0.11974233399087097
0.04534134268760681,0.03606707602739334,0.16936475038528442,0.1946396380662918,expansion,1.0425362586975098,0.0738016664981842,farneback,medium,0.001740264124367772,4.172729822435298,0.6740759611129761,0.16245454196181136,10,0.0280450410064077
0.03779015690088272,0.026699500158429146,0.18610380589962006,0.17851299047470093,expansion,1.0425362586975098,0.0738016664981842,lucas_kanade,medium,0.002136043256331011,4.172729822435298,0.5649405717849731,0.1785106314979667,10,0.0737054169876501
0.02824717015028,0.02154369279742241,0.11789176613092422,0.13553272187709808,expansion,1.0425362586975098,0.0738016664981842,dis,medium,0.0012979227415853283,4.172729822435298,0.7013076543807983,0.11308169394339533,10,0.024468457995681092
0.060381919145584106,0.05290435999631882,0.16037815809249878,0.1699809432029724,expansion,1.0425362586975098,0.0738016664981842,tvl1,medium,0.0013619458364617346,4.172729822435298,0.5932977795600891,0.1538346093524525,10,1.2542212910047965
0.1119103655219078,0.10606715083122253,0.19005067646503448,0.190303236246109,expansion,1.0425362586975098,0.0738016664981842,demons,medium,0.00151909343297655,4.172729822435298,0.6924279928207397,0.1822964667938493,10,0.2422237909922842
0.05304998159408569,0.015529771335422993,0.5548020601272583,0.28764528036117554,expansion,1.0425362586975098,0.0738016664981842,raft,medium,0.011291345823657116,4.172729822435298,0.017924411222338676,0.5321657213346219,10,0.11918012499518227
0.14568793773651123,0.13787513971328735,0.2501673996448517,0.24084945023059845,expansion,1.0425362586975098,0.0738016664981842,farneback,high,0.0017751858124821754,4.172729822435298,0.6761356592178345,0.23996038272798084,10,0.026709124998888
0.09687468409538269,0.08752154558897018,0.22195275127887726,0.19662733376026154,expansion,1.0425362586975098,0.0738016664981842,lucas_kanade,high,0.0023921356358366365,4.172729822435298,0.5780582427978516,0.21289691310705433,10,0.1000514579936862
0.09163295477628708,0.0852246880531311,0.17732970416545868,0.16711418330669403,expansion,1.0425362586975098,0.0738016664981842,dis,high,0.0014783514635097461,4.172729822435298,0.6875771880149841,0.170094519673594,10,0.025700666999910027
0.11796048283576965,0.1100139170885086,0.22422896325588226,0.20807713270187378,expansion,1.0425362586975098,0.0738016664981842,tvl1,high,0.001891591439530187,4.172729822435298,0.509387731552124,0.2150802539338269,10,1.3226531670079567
0.2413228303194046,0.23611247539520264,0.31099963188171387,0.3068404495716095,expansion,1.0425362586975098,0.0738016664981842,demons,high,0.004813372678435276,4.172729822435298,0.6986218690872192,0.29831061441475476,10,0.24493033399630804
0.03787683695554733,0.014168350957334042,0.35492679476737976,0.2209177315235138,expansion,1.0425362586975098,0.0738016664981842,raft,high,0.004737709020854068,4.172729822435298,0.2796344459056854,0.3404455162171594,10,0.12631129199871793
0.010298145934939384,0.004452071618288755,0.13991497457027435,0.08501426130533218,expansion,0.8654650449752808,0.038604047149419785,farneback,clean,0.0013503213764876041,3.0723065289827516,0.6887031197547913,0.16166450093229423,11,0.027407250003307126
0.015017956495285034,0.006665663328021765,0.20020164549350739,0.11453315615653992,expansion,0.8654650449752808,0.038604047149419785,lucas_kanade,clean,0.0023645627659382934,3.0723065289827516,0.47536855936050415,0.231322624357666,11,0.06744279200211167
0.006488777697086334,0.001595062087289989,0.11499028652906418,0.07856293767690659,expansion,0.8654650449752808,0.038604047149419785,dis,clean,0.0009362228210314055,3.0723065289827516,0.624762773513794,0.13286531581682598,11,0.023376416007522494
0.011229457333683968,0.005079701542854309,0.1475794017314911,0.0874016135931015,expansion,0.8654650449752808,0.038604047149419785,tvl1,clean,0.0007741842558528929,3.0723065289827516,0.6551492214202881,0.17052034924842774,11,1.1945217920001596
0.009763317182660103,0.004131048917770386,0.13463975489139557,0.07026143372058868,expansion,0.8654650449752808,0.038604047149419785,demons,clean,0.0007621813991730031,3.0723065289827516,0.7182489633560181,0.15556925802270977,11,0.22716395900351927
0.051192812621593475,0.01586693897843361,0.8344239592552185,0.22242780029773712,expansion,0.8654650449752808,0.038604047149419785,raft,clean,0.009488258205452897,3.0723065289827516,0.008233118802309036,0.9641336343965817,11,0.1192019580048509
0.022707639262080193,0.017390597611665726,0.14059500396251678,0.08621196448802948,expansion,0.8654650449752808,0.038604047149419785,farneback,low,0.0013743270898473837,3.0723065289827516,0.6911153793334961,0.1624502396472089,11,0.02771641699655447
0.021959008648991585,0.013906832784414291,0.20048868656158447,0.1147526204586029,expansion,0.8654650449752808,0.038604047149419785,lucas_kanade,low,0.0023585613375983485,3.0723065289827516,0.47577324509620667,0.23165428543368935,11,0.07069150000461377
0.015199890360236168,0.010650633834302425,0.11606419831514359,0.07847044616937637,expansion,0.8654650449752808,0.038604047149419785,dis,low,0.0009302213926914606,3.0723065289827516,0.6271737813949585,0.1341061652217954,11,0.024770125004579313
0.04476778954267502,0.040025632828474045,0.14990895986557007,0.09787624329328537,expansion,0.8654650449752808,0.038604047149419785,tvl1,low,0.0007801856841928379,3.0723065289827516,0.6521923542022705,0.1732120329248557,11,1.2557904580025934
0.05182056874036789,0.04800275340676308,0.13646762073040009,0.09008695185184479,expansion,0.8654650449752808,0.038604047149419785,demons,low,0.0007921885408727277,3.0723065289827516,0.7197701930999756,0.15768126225629117,11,0.24464608299604151
0.05050411820411682,0.015163292177021503,0.8340669274330139,0.22258839011192322,expansion,0.8654650449752808,0.038604047149419785,raft,low,0.009530268203832511,3.0723065289827516,0.006700893864035606,0.9637211026319802,11,0.11816258299222682
0.04471634328365326,0.03977738693356514,0.1542208194732666,0.09676389396190643,expansion,0.8654650449752808,0.038604047149419785,farneback,medium,0.0013923313748672183,3.0723065289827516,0.6901336908340454,0.17819416320583048,11,0.027894041006220505
0.034943804144859314,0.02727307192981243,0.20501618087291718,0.11829652637243271,expansion,0.8654650449752808,0.038604047149419785,lucas_kanade,medium,0.0024425813343575773,3.0723065289827516,0.48879408836364746,0.23688557043776715,11,0.07189375000598375
0.027296243235468864,0.022776950150728226,0.12749622762203217,0.08259309828281403,expansion,0.8654650449752808,0.038604047149419785,dis,medium,0.0009302213926914606,3.0723065289827516,0.6274652481079102,0.1473152825319175,11,0.023803375006536953
0.07046853750944138,0.06590353697538376,0.17168202996253967,0.1193193644285202,expansion,0.8654650449752808,0.038604047149419785,tvl1,medium,0.0010082399611107443,3.0723065289827516,0.5741315484046936,0.19836968686290873,11,1.2641150829877006
0.09711020439863205,0.09392331540584564,0.1677687168121338,0.13238289952278137,expansion,0.8654650449752808,0.038604047149419785,demons,medium,0.0008401999675922869,3.0723065289827516,0.7108367085456848,0.19384805635555802,11,0.241715625001234
0.047612711787223816,0.011789084412157536,0.8418799638748169,0.22355198860168457,expansion,0.8654650449752808,0.038604047149419785,raft,medium,0.009656298198971356,3.0723065289827516,0.005979504436254501,0.9727486612689973,11,0.11652320899884216
0.1524484008550644,0.1487889289855957,0.23358476161956787,0.19040872156620026,expansion,0.8654650449752808,0.038604047149419785,farneback,high,0.0017764227886236923,3.0723065289827516,0.6789803504943848,0.2698950847012423,11,0.027201040997169912
0.09955649822950363,0.09327962249517441,0.23872481286525726,0.15506872534751892,expansion,0.8654650449752808,0.038604047149419785,lucas_kanade,high,0.0027246484663349876,3.0723065289827516,0.496347576379776,0.27583414749243357,11,0.1011328749882523
0.09468544274568558,0.09058317542076111,0.18563923239707947,0.12988729774951935,expansion,0.8654650449752808,0.038604047149419785,dis,high,0.0012602999513884304,3.0723065289827516,0.6063302755355835,0.21449651083526045,11,0.022717583007761277
0.1278795599937439,0.12192768603563309,0.259842187166214,0.1751246154308319,expansion,0.8654650449752808,0.038604047149419785,tvl1,high,0.0020764942056209377,3.0723065289827516,0.39607250690460205,0.30023417892473697,11,1.3281726249988424
0.22831350564956665,0.22571365535259247,0.285956472158432,0.2707662284374237,expansion,0.8654650449752808,0.038604047149419785,demons,high,0.0014883542283063368,3.0723065289827516,0.6542358994483948,0.3304078816569645,11,0.24366116599412635
0.05106738582253456,0.015361154451966286,0.842731773853302,0.2231883555650711,expansion,0.8654650449752808,0.038604047149419785,raft,high,0.009656298198971356,3.0723065289827516,0.012040757574141026,0.9737328835474481,11,0.11670337499526795
0.005483382381498814,0.001884430879727006,0.020460011437535286,0.029155990108847618,expansion,0.18760792911052704,0.0365435853600502,farneback,clean,0.00011686160537360147,1.2157336620538477,0.9178968071937561,0.10905728523596413,12,0.02654225000878796
0.006395235657691956,0.002643813146278262,0.022006355226039886,0.038986921310424805,expansion,0.18760792911052704,0.0365435853600502,lucas_kanade,clean,0.00016767099901429777,1.2157336620538477,0.8342717885971069,0.1172997075889852,12,0.06956720899324864
0.0035984916612505913,0.0009537296136841178,0.014604365453124046,0.02460184320807457,expansion,0.18760792911052704,0.0365435853600502,dis,clean,0.00012702348410174074,1.2157336620538477,0.9057726263999939,0.07784513971432441,12,0.02296704200853128
0.009287442080676556,0.0029632996302098036,0.03560464456677437,0.02626262977719307,expansion,0.18760792911052704,0.0365435853600502,tvl1,clean,3.0485636184417775e-05,1.2157336620538477,0.8816339373588562,0.18978219489752113,12,1.1828324579983018
0.012323410250246525,0.0035328774247318506,0.04890422150492668,0.0361630916595459,expansion,0.18760792911052704,0.0365435853600502,demons,clean,6.605221173290519e-05,1.2157336620538477,0.9152083396911621,0.26067246590689314,12,0.23891037500288803
0.03972181677818298,0.018802044913172722,0.1267770677804947,0.09572497010231018,expansion,0.18760792911052704,0.0365435853600502,raft,clean,0.001356610810206591,1.2157336620538477,0.1333579570055008,0.675755381883702,12,0.12446087499847636
0.01484216284006834,0.012668808922171593,0.023886332288384438,0.03168635070323944,expansion,0.18760792911052704,0.0365435853600502,farneback,low,0.00011686160537360147,1.2157336620538477,0.916938066482544,0.1273204837430516,12,0.026846292006666772
0.01204564981162548,0.009296809323132038,0.02348463609814644,0.0396740548312664,expansion,0.18760792911052704,0.0365435853600502,lucas_kanade,low,0.00016259005965022814,1.2157336620538477,0.8331269025802612,0.1251793365530448,12,0.07232862499949988
0.010426055639982224,0.008931725285947323,0.016644539311528206,0.026076892390847206,expansion,0.18760792911052704,0.0365435853600502,dis,low,0.0001219425447376711,1.2157336620538477,0.9052817225456238,0.08871980726210281,12,0.024200625004596077
0.034004535526037216,0.03170458599925041,0.04357552155852318,0.043573614209890366,expansion,0.18760792911052704,0.0365435853600502,tvl1,low,3.0485636184417775e-05,1.2157336620538477,0.8834714293479919,0.2322690824695963,12,1.2506224579992704
0.05753288418054581,0.05531778931617737,0.06675072759389877,0.08294493705034256,expansion,0.18760792911052704,0.0365435853600502,demons,low,9.653784791732296e-05,1.2157336620538477,0.9173354506492615,0.3557990747532497,12,0.24639166599081364
0.04010317474603653,0.01868482492864132,0.1292332112789154,0.09786046296358109,expansion,0.18760792911052704,0.0365435853600502,raft,low,0.0014125011432113569,1.2157336620538477,0.11645198613405228,0.6888472778929251,12,0.12346141700982116
0.0338132306933403,0.03259113430976868,0.03889884427189827,0.04630116745829582,expansion,0.18760792911052704,0.0365435853600502,farneback,medium,0.00011178066600953184,1.2157336620538477,0.919421911239624,0.20734115267047942,12,0.026348667001002468
0.023488374426960945,0.021586904302239418,0.0314011313021183,0.044825464487075806,expansion,0.18760792911052704,0.0365435853600502,lucas_kanade,medium,0.00017783287774243703,1.2157336620538477,0.8328149914741516,0.16737635477879342,12,0.07370245900528971
0.020665312185883522,0.019550636410713196,0.025303909555077553,0.03472953289747238,expansion,0.18760792911052704,0.0365435853600502,dis,medium,0.00014734724155801926,1.2157336620538477,0.8914037346839905,0.13487654639676794,12,0.025056124999537133
0.05424461513757706,0.05289430916309357,0.05986371263861656,0.06566660851240158,expansion,0.18760792911052704,0.0365435853600502,tvl1,medium,5.589033300476592e-05,1.2157336620538477,0.8694124817848206,0.31908945918457715,12,1.2512128749949625
0.09994138032197952,0.09893953800201416,0.10411044210195541,0.12955358624458313,expansion,0.18760792911052704,0.0365435853600502,demons,medium,0.00032009917993638666,1.2157336620538477,0.9439252614974976,0.5549362577347141,12,0.25865904201054946
0.03995879739522934,0.018129372969269753,0.13079945743083954,0.0967695489525795,expansion,0.18760792911052704,0.0365435853600502,raft,medium,0.0013515298708425213,1.2157336620538477,0.13930150866508484,0.6971957851194048,12,0.11599541599571239
0.13313795626163483,0.13366243243217468,0.13095541298389435,0.15400612354278564,expansion,0.18760792911052704,0.0365435853600502,farneback,high,0.00015750912028615851,1.2157336620538477,0.8939779996871948,0.6980270695634804,12,0.027636792001430877
0.08479684591293335,0.0843094065785408,0.08682529628276825,0.10416924953460693,expansion,0.18760792911052704,0.0365435853600502,lucas_kanade,high,0.00019815663519871554,1.2157336620538477,0.8249530792236328,0.4628018479518322,12,0.09384029200009536
0.08116595447063446,0.08178775012493134,0.07857843488454819,0.09623836725950241,expansion,0.18760792911052704,0.0365435853600502,dis,high,7.113315109697481e-05,1.2157336620538477,0.8596491813659668,0.41884389032541697,12,0.02516012500564102
0.11176445335149765,0.1110241562128067,0.11484510451555252,0.12883350253105164,expansion,0.18760792911052704,0.0365435853600502,tvl1,high,0.00017783287774243703,1.2157336620538477,0.8307847380638123,0.6121548543286401,12,1.3373242079978809
0.2256886214017868,0.22742421925067902,0.21846619248390198,0.2668903172016144,expansion,0.18760792911052704,0.0365435853600502,demons,high,0.001397258325119148,1.2157336620538477,0.9359415769577026,1.1644827247956837,12,0.2461606249999022
0.039396900683641434,0.016997918486595154,0.13260772824287415,0.09487870335578918,expansion,0.18760792911052704,0.0365435853600502,raft,high,0.0011025638420031096,1.2157336620538477,0.18597395718097687,0.7068343479488537,12,0.11598949998733588
0.005569611210376024,0.0027405419386923313,0.06093057990074158,0.03480337932705879,expansion,0.4876868724822998,0.024692032486200333,farneback,clean,7.928134509949809e-05,1.6648129259946383,0.8394084572792053,0.12493791270330534,13,0.02725845799432136
0.008709902875125408,0.004806848242878914,0.08508726209402084,0.052919644862413406,expansion,0.4876868724822998,0.024692032486200333,lucas_kanade,clean,0.00036591390045922193,1.6648129259946383,0.6875002980232239,0.17447109384128237,13,0.06516341700626072
0.0033592202235013247,0.0011533055221661925,0.046525925397872925,0.024037005379796028,expansion,0.4876868724822998,0.024692032486200333,dis,clean,6.098565007653699e-06,1.6648129259946383,0.8393123149871826,0.09540122571078954,13,0.022132707992568612
0.0072483401745557785,0.0035773308482021093,0.07908492535352707,0.027749095112085342,expansion,0.4876868724822998,0.024692032486200333,tvl1,clean,0.0,1.6648129259946383,0.8230259418487549,0.16216332613381426,13,1.1911799160006922
0.008075586520135403,0.003913255874067545,0.08952664583921432,0.032588522881269455,expansion,0.4876868724822998,0.024692032486200333,demons,clean,0.0,1.6648129259946383,0.8773288130760193,0.1835740326236967,13,0.24354116698668804
0.035002805292606354,0.013268493115901947,0.46031317114830017,0.12999610602855682,expansion,0.4876868724822998,0.024692032486200333,raft,clean,0.0032810279741176903,1.6648129259946383,0.01692417822778225,0.9438703338585495,13,0.11895358300535008
0.01597410999238491,0.013613979332149029,0.06215861812233925,0.03706895187497139,expansion,0.4876868724822998,0.024692032486200333,farneback,low,7.928134509949809e-05,1.6648129259946383,0.8428727388381958,0.12745600021168346,13,0.02915375000156928
0.015064693987369537,0.0114752734079957,0.08530467748641968,0.053468964993953705,expansion,0.4876868724822998,0.024692032486200333,lucas_kanade,low,0.00037201246546687567,1.6648129259946383,0.6891311407089233,0.1749169032420813,13,0.07152300000598188
0.011024771258234978,0.009129819460213184,0.0481063537299633,0.02626422420144081,expansion,0.4876868724822998,0.024692032486200333,dis,low,6.098565007653699e-06,1.6648129259946383,0.8387369513511658,0.09864188774470095,13,0.02242816700891126
0.03410830348730087,0.03173668310046196,0.08051761984825134,0.04474977031350136,expansion,0.4876868724822998,0.024692032486200333,tvl1,low,0.0,1.6648129259946383,0.8263707756996155,0.16510106051947024,13,1.2445518330059713
0.05773778259754181,0.0556146539747715,0.09928452968597412,0.08521240949630737,expansion,0.4876868724822998,0.024692032486200333,demons,low,4.2689955053575894e-05,1.6648129259946383,0.8755079507827759,0.20358253479455216,13,0.24370658300176729
0.03472030907869339,0.012892764993011951,0.4618551433086395,0.13022619485855103,expansion,0.4876868724822998,0.024692032486200333,raft,low,0.003287126539125344,1.6648129259946383,0.016133973374962807,0.9470321416646338,13,0.11964037499274127
0.03462465852499008,0.032749347388744354,0.07132185995578766,0.049948159605264664,expansion,0.4876868724822998,0.024692032486200333,farneback,medium,7.318278009184438e-05,1.6648129259946383,0.837028980255127,0.14624519128998337,13,0.026919915995677002
0.026742951944470406,0.02353024110198021,0.08961129933595657,0.05785509943962097,expansion,0.4876868724822998,0.024692032486200333,lucas_kanade,medium,0.00038420959548218303,1.6648129259946383,0.6906042695045471,0.1837476142834026,13,0.06887670799915213
0.021757666021585464,0.01996186189353466,0.056899067014455795,0.034857820719480515,expansion,0.4876868724822998,0.024692032486200333,dis,medium,6.098565007653699e-06,1.6648129259946383,0.8228015899658203,0.11667131150125616,13,0.025964583997847512
0.05504864454269409,0.05331128090620041,0.08904626220464706,0.06693116575479507,expansion,0.4876868724822998,0.024692032486200333,tvl1,medium,0.0,1.6648129259946383,0.7834972143173218,0.18258900788410892,13,1.248031750001246
0.09938837587833405,0.09813086688518524,0.12399613112211227,0.12800249457359314,expansion,0.4876868724822998,0.024692032486200333,demons,medium,4.878852006122959e-05,1.6648129259946383,0.8936222791671753,0.254253575641638,13,0.2509988340025302
0.034389428794384,0.012204145081341267,0.4685247242450714,0.13114894926548004,expansion,0.4876868724822998,0.024692032486200333,raft,medium,0.003323717929171266,1.6648129259946383,0.016229882836341858,0.960708090952512,13,0.11784974999318365
0.13140781223773956,0.1305619180202484,0.14796079695224762,0.1524035781621933,expansion,0.4876868724822998,0.024692032486200333,farneback,high,0.00011587273514542028,1.6648129259946383,0.8569148182868958,0.30339302798768225,13,0.02783537500363309
0.08534230291843414,0.08329992741346359,0.12530867755413055,0.10556522011756897,expansion,0.4876868724822998,0.024692032486200333,lucas_kanade,high,0.00034151964042860715,1.6648129259946383,0.7212287783622742,0.256944946900695,13,0.09811799999442883
0.08173869550228119,0.0806952714920044,0.10215708613395691,0.0963413417339325,expansion,0.4876868724822998,0.024692032486200333,dis,high,3.659139004592219e-05,1.6648129259946383,0.8028497695922852,0.2094727004111939,13,0.025063166991458274
0.11175031960010529,0.11010487377643585,0.14394943416118622,0.12923181056976318,expansion,0.4876868724822998,0.024692032486200333,tvl1,high,9.147847511480548e-05,1.6648129259946383,0.6894187927246094,0.29516774447606386,13,1.322540332999779
0.22318294644355774,0.22307215631008148,0.2253505140542984,0.26521924138069153,expansion,0.4876868724822998,0.024692032486200333,demons,high,0.0018905551523726468,1.6648129259946383,0.8908528089523315,0.46208033631759754,13,0.24417737500334624
0.03776274248957634,0.015604063868522644,0.47137749195098877,0.1318366378545761,expansion,0.4876868724822998,0.024692032486200333,raft,high,0.003342013624194227,1.6648129259946383,0.015942392870783806,0.9665576798319439,13,0.11922666600730736
0.006572655867785215,0.002087182132527232,0.021690301597118378,0.033806655555963516,expansion,0.21429695188999176,0.049454256892204285,farneback,clean,0.00015552099533437013,1.4738152334852543,0.9354422092437744,0.10121609946301514,14,0.026717790999100544
0.007176754996180534,0.0032101559918373823,0.020545611158013344,0.04483793303370476,expansion,0.21429695188999176,0.049454256892204285,lucas_kanade,clean,0.0002574140612430954,1.4738152334852543,0.8856241703033447,0.0958744908726482,14,0.06967458299186546
0.0039269449189305305,0.0007629346218891442,0.014590788632631302,0.027041694149374962,expansion,0.21429695188999176,0.049454256892204285,dis,clean,0.00013406982356411218,1.4738152334852543,0.9268625378608704,0.06808677633511749,14,0.021233667008345947
0.010930370539426804,0.002788191894069314,0.03837241604924202,0.04076074808835983,expansion,0.21429695188999176,0.049454256892204285,tvl1,clean,0.00021451171770257952,1.4738152334852543,0.8844175338745117,0.17906188450566624,14,1.1996898749930551
0.016461294144392014,0.0040835184045135975,0.05817880854010582,0.03956115245819092,expansion,0.21429695188999176,0.049454256892204285,demons,clean,4.826513648308039e-05,1.4738152334852543,0.9720137715339661,0.27148686916448356,14,0.2275907089933753
0.04891018941998482,0.02595573104918003,0.12627491354942322,0.11832305788993835,expansion,0.21429695188999176,0.049454256892204285,raft,clean,0.0022899125864750364,1.4738152334852543,0.062120649963617325,0.5892520282521134,14,0.12358208300429396
0.017339564859867096,0.0148276686668396,0.025805549696087837,0.036936867982149124,expansion,0.21429695188999176,0.049454256892204285,farneback,low,0.00015552099533437013,1.4738152334852543,0.9376349449157715,0.1204195835194846,14,0.026718249995610677
0.01334704365581274,0.010668467730283737,0.022374801337718964,0.045598104596138,expansion,0.21429695188999176,0.049454256892204285,lucas_kanade,low,0.0002627768541856599,1.4738152334852543,0.8875108957290649,0.10441026407694755,14,0.06856870799674653
0.011437500827014446,0.009783221408724785,0.017013009637594223,0.02949867956340313,expansion,0.21429695188999176,0.049454256892204285,dis,low,0.00013406982356411218,1.4738152334852543,0.9262335300445557,0.07938988159909882,14,0.024747832998400554
0.03800433874130249,0.03520230948925018,0.04744819179177284,0.05572379380464554,expansion,0.21429695188999176,0.049454256892204285,tvl1,low,0.00020378613181745053,1.4738152334852543,0.8940236568450928,0.22141328363891116,14,1.231065582993324
0.061733927577733994,0.05678732693195343,0.07840574532747269,0.08595453947782516,expansion,0.21429695188999176,0.049454256892204285,demons,low,6.971630825333834e-05,1.4738152334852543,0.9781471490859985,0.3658742909592194,14,0.24916983299772255
0.04961404576897621,0.026754047721624374,0.12666039168834686,0.11889837682247162,expansion,0.21429695188999176,0.049454256892204285,raft,low,0.002300638172360165,1.4738152334852543,0.060263387858867645,0.5910508319006205,14,0.12466404199949466
0.038761917501688004,0.037203799933195114,0.04401332885026932,0.053457289934158325,expansion,0.21429695188999176,0.049454256892204285,farneback,medium,0.00015552099533437013,1.4738152334852543,0.9386594891548157,0.20538476381532172,14,0.026699166002799757
0.02620057947933674,0.024486741051077843,0.03197683021426201,0.05144484341144562,expansion,0.21429695188999176,0.049454256892204285,lucas_kanade,medium,0.00026813964712822435,1.4738152334852543,0.8879034519195557,0.14921738238571472,14,0.06952533300500363
0.02288995496928692,0.021644338965415955,0.027088122442364693,0.03914913907647133,expansion,0.21429695188999176,0.049454256892204285,dis,medium,0.00015552099533437013,1.4738152334852543,0.9064244627952576,0.12640460913447915,14,0.0253204999899026
0.056602843105793,0.05478747561573982,0.06272128969430923,0.07339011877775192,expansion,0.21429695188999176,0.049454256892204285,tvl1,medium,0.00022523730358770848,1.4738152334852543,0.8702253699302673,0.29268400292742797,14,1.2412224580039037
0.1038217544555664,0.10147080570459366,0.11174526810646057,0.1316996067762375,expansion,0.21429695188999176,0.049454256892204285,demons,medium,0.00018769775298975707,1.4738152334852543,0.9435949325561523,0.5214505718393252,14,0.2421886249940144
0.04940712824463844,0.021265236660838127,0.1442553550004959,0.12336572259664536,expansion,0.21429695188999176,0.049454256892204285,raft,medium,0.002386442859441197,1.4738152334852543,0.03816765919327736,0.6731563549002259,14,0.12409941699297633
0.14418508112430573,0.1434033364057541,0.1468198001384735,0.16854628920555115,expansion,0.21429695188999176,0.049454256892204285,farneback,high,0.00024132568241540194,1.4738152334852543,0.9222332239151001,0.6851231379802486,14,0.026355541005614214
0.08961009979248047,0.08862291276454926,0.09293729066848755,0.11027304828166962,expansion,0.21429695188999176,0.049454256892204285,lucas_kanade,high,0.00032713036949643374,1.4738152334852543,0.871161162853241,0.4336846130979802,14,0.09351191599853337
0.09101135283708572,0.09137655049562454,0.0897805467247963,0.10830233991146088,expansion,0.21429695188999176,0.049454256892204285,dis,high,0.00024132568241540194,1.4738152334852543,0.8548288345336914,0.41895391387034137,14,0.025400790997082368
0.11218836158514023,0.1113857552409172,0.11489345878362656,0.13218629360198975,expansion,0.21429695188999176,0.049454256892204285,tvl1,high,0.00037003271303694964,1.4738152334852543,0.8326666951179504,0.536141357916311,14,1.3034557500068331
0.23761087656021118,0.23763315379619598,0.23753587901592255,0.2779584228992462,expansion,0.21429695188999176,0.049454256892204285,demons,high,0.0012602563415026547,1.4738152334852543,0.9718407392501831,1.1084426396221463,14,0.24553587500122376
0.05697442218661308,0.02159697189927101,0.17620904743671417,0.12957754731178284,expansion,0.21429695188999176,0.049454256892204285,raft,high,0.002343540515900681,1.4738152334852543,0.04158204421401024,0.8222657666506157,14,0.12286474999564234
0.012049200013279915,0.005954370368272066,0.02807588502764702,0.07832399010658264,expansion,0.35460811853408813,0.09845741093158722,farneback,clean,0.0010144731502772894,2.5194365335629567,0.9530616402626038,0.07917440002138053,15,0.02667770801053848
0.014329260215163231,0.00781986489892006,0.03144606947898865,0.09203950315713882,expansion,0.35460811853408813,0.09845741093158722,lucas_kanade,clean,0.0008792100635736507,2.5194365335629567,0.8987128138542175,0.08867836869889872,15,0.06560658301168587
0.006370994728058577,0.001407033298164606,0.01942400448024273,0.031466782093048096,expansion,0.35460811853408813,0.09845741093158722,dis,clean,0.00021792386191141772,2.5194365335629567,0.950954258441925,0.05477597230582164,15,0.02345820800110232
0.015577119775116444,0.00425375672057271,0.045352522283792496,0.03766149654984474,expansion,0.35460811853408813,0.09845741093158722,tvl1,clean,0.0001052046229917189,2.5194365335629567,0.9443891644477844,0.12789476583693277,15,1.1835316669894382
0.022564604878425598,0.006637950427830219,0.06444461643695831,0.052506718784570694,expansion,0.35460811853408813,0.09845741093158722,demons,clean,0.00021792386191141772,2.5194365335629567,0.9749324917793274,0.18173474624147196,15,0.23698920798779
0.03824392706155777,0.01642935909330845,0.09560655057430267,0.1379462629556656,expansion,0.35460811853408813,0.09845741093158722,raft,clean,0.0024272209447375147,2.5194365335629567,0.5304062366485596,0.2696118491858841,15,0.12602379199233837
0.0207660011947155,0.016963763162493706,0.03076418861746788,0.07930774986743927,expansion,0.35460811853408813,0.09845741093158722,farneback,low,0.0010069585343493094,2.5194365335629567,0.9536623358726501,0.08675545485152379,15,0.02837141700729262
0.019534433260560036,0.014606655575335026,0.032492298632860184,0.09259425848722458,expansion,0.35460811853408813,0.09845741093158722,lucas_kanade,low,0.0008867246795016307,2.5194365335629567,0.8990821838378906,0.09162874997667807,15,0.06772579200332984
0.012678628787398338,0.009691094979643822,0.020534509792923927,0.03307546302676201,expansion,0.35460811853408813,0.09845741093158722,dis,low,0.00020289463005545788,2.5194365335629567,0.9516043663024902,0.057907613276908,15,0.02144958300050348
0.03684524819254875,0.03197618946433067,0.0496487095952034,0.0495230071246624,expansion,0.35460811853408813,0.09845741093158722,tvl1,low,7.51461592797992e-05,2.5194365335629567,0.9465038776397705,0.14001007591266051,15,1.2287647500052117
0.06470970809459686,0.05881329998373985,0.08021461963653564,0.09377461671829224,expansion,0.35460811853408813,0.09845741093158722,demons,low,0.000285555405263237,2.5194365335629567,0.9667893648147583,0.2262063823246187,15,0.24433816599776037
0.04060030356049538,0.016587508842349052,0.10374325513839722,0.14088287949562073,expansion,0.35460811853408813,0.09845741093158722,raft,low,0.0026376301907209522,2.5194365335629567,0.4990589916706085,0.2925574732108805,15,0.12411995799629949
0.038702938705682755,0.03666728734970093,0.04405579715967178,0.08774345368146896,expansion,0.35460811853408813,0.09845741093158722,farneback,medium,0.0010295023821332492,2.5194365335629567,0.9530191421508789,0.12423798231634886,15,0.027087541995570064
0.030637305229902267,0.027163950726389885,0.03977067768573761,0.10232242941856384,expansion,0.35460811853408813,0.09845741093158722,lucas_kanade,medium,0.0010896193095570885,2.5194365335629567,0.8995960354804993,0.11215388370166289,15,0.0663782089977758
0.023170603439211845,0.020817825570702553,0.02935735695064068,0.045732926577329636,expansion,0.35460811853408813,0.09845741093158722,dis,medium,0.00035318694861505626,2.5194365335629567,0.9376809597015381,0.08278816929516684,15,0.025872500002151355
0.05541740357875824,0.05246620252728462,0.06317776441574097,0.07088588178157806,expansion,0.35460811853408813,0.09845741093158722,tvl1,medium,0.00017283616634353817,2.5194365335629567,0.9337471723556519,0.17816220530119575,15,1.2653944579942618
0.10420636832714081,0.10221090167760849,0.10945354402065277,0.13576488196849823,expansion,0.35460811853408813,0.09845741093158722,demons,medium,0.0003306431008311165,2.5194365335629567,0.9569944143295288,0.30866057007696823,15,0.24573429200972896
0.043367281556129456,0.016630273312330246,0.11367372423410416,0.13882091641426086,expansion,0.35460811853408813,0.09845741093158722,raft,medium,0.0022168116987540767,2.5194365335629567,0.548819899559021,0.3205615390420815,15,0.12605087499832734
0.13711784780025482,0.13910867273807526,0.13188283145427704,0.1735144704580307,expansion,0.35460811853408813,0.09845741093158722,farneback,high,0.0013601454829643657,2.5194365335629567,0.9823430180549622,0.3719114835821202,15,0.027507792008691467
0.0920402929186821,0.09295179694890976,0.0896434485912323,0.14414942264556885,expansion,0.35460811853408813,0.09845741093158722,lucas_kanade,high,0.0015555254970918437,2.5194365335629567,0.92173171043396,0.252795815735434,15,0.10542658300255425
0.08570119738578796,0.08943292498588562,0.07588844746351242,0.10896510630846024,expansion,0.35460811853408813,0.09845741093158722,dis,high,0.000661286201662233,2.5194365335629567,0.9419713020324707,0.21400651450741487,15,0.024506083005690016
0.11288667470216751,0.11288928985595703,0.11287979781627655,0.1357164978981018,expansion,0.35460811853408813,0.09845741093158722,tvl1,high,0.00035318694861505626,2.5194365335629567,0.9045978784561157,0.3183226551126621,15,1.278168042001198
0.23114410042762756,0.23382048308849335,0.22410644590854645,0.27659448981285095,expansion,0.35460811853408813,0.09845741093158722,demons,high,0.0028104663570644906,2.5194365335629567,1.0041794776916504,0.631983404201174,15,0.2447313330048928
0.06562772393226624,0.036365531384944916,0.1425742655992508,0.15182240307331085,expansion,0.35460811853408813,0.09845741093158722,raft,high,0.003328974856095105,2.5194365335629567,0.45617446303367615,0.4020614818088133,15,0.12317416700534523
0.00842949841171503,0.00372585142031312,0.024793924763798714,0.031700778752565384,expansion,0.1830976903438568,0.041591230779886246,farneback,clean,0.0,1.1580306776524942,0.8740857839584351,0.13541364021160404,16,0.026854541996726766
0.010598980821669102,0.005440783221274614,0.028544832020998,0.04490603134036064,expansion,0.1830976903438568,0.041591230779886246,lucas_kanade,clean,0.00015125977786421195,1.1580306776524942,0.7361199259757996,0.1558994652930406,16,0.059225583012448624
0.00530353793874383,0.0016856543952599168,0.01789049245417118,0.021961553022265434,expansion,0.1830976903438568,0.041591230779886246,dis,clean,0.0,1.1580306776524942,0.8337875604629517,0.09771009356028959,16,0.023723000005702488
0.01284184679389,0.004969203379005194,0.04023151472210884,0.03106844052672386,expansion,0.1830976903438568,0.041591230779886246,tvl1,clean,0.0,1.1580306776524942,0.8039804697036743,0.21972704651027655,16,1.176830374999554
0.016500702127814293,0.006212543696165085,0.05229417234659195,0.03562828525900841,expansion,0.1830976903438568,0.041591230779886246,demons,clean,0.0,1.1580306776524942,0.8986789584159851,0.2856080393389107,16,0.22959916699619498
0.04862125217914581,0.022765085101127625,0.13857729732990265,0.09850788861513138,expansion,0.1830976903438568,0.041591230779886246,raft,clean,0.0014045550801676822,1.1580306776524942,0.06565743684768677,0.7568489644498244,16,0.11792566700023599
0.01896517351269722,0.01612449809908867,0.028848152607679367,0.03500581160187721,expansion,0.1830976903438568,0.041591230779886246,farneback,low,0.0,1.1580306776524942,0.8756559491157532,0.15755607049713538,16,0.026490332995308563
0.016518374904990196,0.012647971510887146,0.0299838799983263,0.04572836682200432,expansion,0.1830976903438568,0.041591230779886246,lucas_kanade,low,0.00016206404771165566,1.1580306776524942,0.7374945282936096,0.1637589198532034,16,0.058305916987592354
0.013073139823973179,0.01095265056937933,0.020450523123145103,0.025239372625947,expansion,0.1830976903438568,0.041591230779886246,dis,low,0.0,1.1580306776524942,0.8347092270851135,0.11169186833945909,16,0.025065166992135346
0.040413230657577515,0.037648580968379974,0.050031691789627075,0.05063790827989578,expansion,0.1830976903438568,0.041591230779886246,tvl1,low,0.0,1.1580306776524942,0.8179845213890076,0.2732513539393519,16,1.249337707995437
0.053614839911460876,0.04963361471891403,0.0674658939242363,0.06883705407381058,expansion,0.1830976903438568,0.041591230779886246,demons,low,0.0,1.1580306776524942,0.9227163791656494,0.3684693881038892,16,0.23763929199776612
0.048401545733213425,0.01999218389391899,0.14724038541316986,0.10099926590919495,expansion,0.1830976903438568,0.041591230779886246,raft,low,0.0013937508103202385,1.1580306776524942,0.05490483343601227,0.8041629860903922,16,0.11871045800216962
0.04022104665637016,0.03819157928228378,0.04728175327181816,0.052766282111406326,expansion,0.1830976903438568,0.041591230779886246,farneback,medium,0.0,1.1580306776524942,0.8512179255485535,0.2582323850345856,16,0.02660466700035613
0.02867739088833332,0.025684984400868416,0.039088260382413864,0.051407430320978165,expansion,0.1830976903438568,0.041591230779886246,lucas_kanade,medium,0.00015125977786421195,1.1580306776524942,0.7180413603782654,0.2134830882301478,16,0.059815041997353546
0.024819623678922653,0.022684549912810326,0.03224774822592735,0.03625847399234772,expansion,0.1830976903438568,0.041591230779886246,dis,medium,0.0,1.1580306776524942,0.7923117280006409,0.1761231841066165,16,0.02358904200082179
0.06125592812895775,0.0593973770737648,0.06772197037935257,0.07277239859104156,expansion,0.1830976903438568,0.041591230779886246,tvl1,medium,0.0,1.1580306776524942,0.7795564532279968,0.36986796639635894,16,1.2587967080035014
0.09922406822443008,0.09664201736450195,0.10820722579956055,0.11982827633619308,expansion,0.1830976903438568,0.041591230779886246,demons,medium,2.160853969488742e-05,1.1580306776524942,0.8867908716201782,0.5909808343095304,16,0.24563908300478943
0.048974182456731796,0.015679284930229187,0.16481028497219086,0.10677574574947357,expansion,0.1830976903438568,0.041591230779886246,raft,medium,0.0015125977786421194,1.1580306776524942,0.02621358633041382,0.9001221406052569,16,0.11783408399787731
0.14838489890098572,0.1481429785490036,0.14922653138637543,0.1721082329750061,expansion,0.1830976903438568,0.041591230779886246,farneback,high,0.0,1.1580306776524942,0.8961753845214844,0.8150104521041666,16,0.027205750011489727
0.09362499415874481,0.09152441471815109,0.10093308240175247,0.11141247302293777,expansion,0.1830976903438568,0.041591230779886246,lucas_kanade,high,0.00015125977786421195,1.1580306776524942,0.7477531433105469,0.5512526248266731,16,0.11176512499514502
0.0942876935005188,0.09400074928998947,0.09528598934412003,0.10955147445201874,expansion,0.1830976903438568,0.041591230779886246,dis,high,0.0,1.1580306776524942,0.7778802514076233,0.5204106570933433,16,0.024354041990591213
0.11662568151950836,0.11586504429578781,0.1192719116806984,0.13335171341896057,expansion,0.1830976903438568,0.041591230779886246,tvl1,high,4.321707938977484e-05,1.1580306776524942,0.7519989609718323,0.651411339251228,16,1.2542944169981638
0.2324935346841812,0.23190754652023315,0.23453223705291748,0.26877424120903015,expansion,0.1830976903438568,0.041591230779886246,demons,high,0.0002484982064912053,1.1580306776524942,0.9601998329162598,1.280913137748853,16,0.255533874995308
0.05145668610930443,0.01760924607515335,0.1692150980234146,0.1092064306139946,expansion,0.1830976903438568,0.041591230779886246,raft,high,0.0015234020484895631,1.1580306776524942,0.021817108616232872,0.924179314909048,16,0.1176927920023445
0.012843516655266285,0.005789624527096748,0.1932131052017212,0.09849381446838379,expansion,0.9964687824249268,0.03946845978498459,farneback,clean,0.0018763061355210632,3.477298725849568,0.6089889407157898,0.19389780052269498,17,0.026075625006342307
0.018581628799438477,0.00887083075940609,0.26688894629478455,0.1252056360244751,expansion,0.9964687824249268,0.03946845978498459,lucas_kanade,clean,0.0024844881242761666,3.477298725849568,0.4435170590877533,0.26783472899703387,17,0.06450083300296683
0.00860462337732315,0.0026990973856300116,0.15961027145385742,0.09177429974079132,expansion,0.9964687824249268,0.03946845978498459,dis,clean,0.00158515518345745,3.477298725849568,0.5748134255409241,0.16017588736241453,17,0.021904000008362345
0.01176473405212164,0.004657469689846039,0.19349908828735352,0.092952199280262,expansion,0.9964687824249268,0.03946845978498459,tvl1,clean,0.0014557547603180662,3.477298725849568,0.5802051424980164,0.19418479705552802,17,1.2097688330104575
0.013748588040471077,0.006587929092347622,0.19684825837612152,0.08779120445251465,expansion,0.9964687824249268,0.03946845978498459,demons,clean,0.001591625204614419,3.477298725849568,0.6200093626976013,0.19754583570303863,17,0.22897208399081137
0.05039078742265701,0.0145705696195364,0.9663219451904297,0.24022126197814941,expansion,0.9964687824249268,0.03946845978498459,raft,clean,0.01164603808254453,3.477298725849568,0.005315779242664576,0.9697463304759693,17,0.12378204199194442
0.024892663583159447,0.018245432525873184,0.19486384093761444,0.09972842037677765,expansion,0.9964687824249268,0.03946845978498459,farneback,low,0.0018633660932071247,3.477298725849568,0.6086790561676025,0.19555438602241945,17,0.02770349998900201
0.025847842916846275,0.016388988122344017,0.26771286129951477,0.12540499866008759,expansion,0.9964687824249268,0.03946845978498459,lucas_kanade,low,0.002510368208904043,3.477298725849568,0.44365084171295166,0.2686615637351229,17,0.06842300000425894
0.01739395037293434,0.011694809421896935,0.1631222665309906,0.0926598533987999,expansion,0.9964687824249268,0.03946845978498459,dis,low,0.0016045652469283574,3.477298725849568,0.5770925283432007,0.16370032800629167,17,0.02448204100073781
0.04236869513988495,0.03628914803266525,0.19782395660877228,0.10107629001140594,expansion,0.9964687824249268,0.03946845978498459,tvl1,low,0.0014622247814750353,3.477298725849568,0.5835372805595398,0.1985249915480179,17,1.240867291999166
0.06919243931770325,0.06395123153924942,0.20321133732795715,0.12126102298498154,expansion,0.9964687824249268,0.03946845978498459,demons,low,0.0016045652469283574,3.477298725849568,0.63544762134552,0.20393146369667325,17,0.24881591700250283
0.051871828734874725,0.016160225495696068,0.9650255441665649,0.24003161489963531,expansion,0.9964687824249268,0.03946845978498459,raft,low,0.011548987765189991,3.477298725849568,0.006811308208853006,0.9684453353552692,17,0.12362120801117271
0.046550389379262924,0.040305692702531815,0.2062286138534546,0.1058819517493248,expansion,0.9964687824249268,0.03946845978498459,farneback,medium,0.0018892461778350015,3.477298725849568,0.6168631315231323,0.20695943263931774,17,0.026453541999217123
0.0394427627325058,0.03030124492943287,0.27319344878196716,0.12763015925884247,expansion,0.9964687824249268,0.03946845978498459,lucas_kanade,medium,0.0026656487166713035,3.477298725849568,0.45136597752571106,0.2741615729467665,17,0.06760312500409782
0.030178500339388847,0.024085581302642822,0.18597577512264252,0.0989469587802887,expansion,0.9964687824249268,0.03946845978498459,dis,medium,0.0015980952257713882,3.477298725849568,0.5588061809539795,0.18663482329076755,17,0.024595750001026317
0.061758872121572495,0.055155474692583084,0.23060943186283112,0.11916521936655045,expansion,0.9964687824249268,0.03946845978498459,tvl1,medium,0.0016757354796550184,3.477298725849568,0.5059622526168823,0.23142664971564733,17,1.2598773329955293
0.11607685685157776,0.11143726855516434,0.23471201956272125,0.16560286283493042,expansion,0.9964687824249268,0.03946845978498459,demons,medium,0.0018116059239513713,3.477298725849568,0.6011552810668945,0.2355437758838213,17,0.24869804200716317
0.052386391907930374,0.016285782679915428,0.9754870533943176,0.24118919670581818,expansion,0.9964687824249268,0.03946845978498459,raft,medium,0.011788378547997852,3.477298725849568,0.007306424900889397,0.9789439173603114,17,0.12419716599106323
0.1530662178993225,0.14835017919540405,0.27365627884864807,0.19411887228488922,expansion,0.9964687824249268,0.03946845978498459,farneback,high,0.0023421476588228445,3.477298725849568,0.633965015411377,0.27462604315882333,17,0.02730504200735595
0.10412793606519699,0.09673051536083221,0.29328155517578125,0.16352401673793793,expansion,0.9964687824249268,0.03946845978498459,lucas_kanade,high,0.0030473799649324853,3.477298725849568,0.46746763586997986,0.29432086619118636,17,0.10371908399974927
0.10384951531887054,0.0985490158200264,0.239384263753891,0.15264992415905,expansion,0.9964687824249268,0.03946845978498459,dis,high,0.0016110352680853265,3.477298725849568,0.5374087691307068,0.24023257725279118,17,0.026413165993290022
0.12116742134094238,0.11346186697483063,0.31820037961006165,0.17843754589557648,expansion,0.9964687824249268,0.03946845978498459,tvl1,high,0.0024909581454331357,3.477298725849568,0.3463369905948639,0.31932799624260644,17,1.292546583004878
0.25218653678894043,0.2491683065891266,0.32936328649520874,0.3076907992362976,expansion,0.9964687824249268,0.03946845978498459,demons,high,0.0062306303741613235,3.477298725849568,0.6372599601745605,0.33053046146984816,17,0.2579903339938028
0.047972649335861206,0.01104410458356142,0.9922440052032471,0.2435552030801773,expansion,0.9964687824249268,0.03946845978498459,raft,high,0.012247750050142664,3.477298725849568,0.002691013040021062,0.9957602513032083,17,0.12406233399815392
0.010435177013278008,0.0024737140629440546,0.045058589428663254,0.10642118006944656,expansion,0.6334956884384155,0.11974678188562393,farneback,clean,0.0006439178238205791,3.910803178826933,0.8818932175636292,0.07112690780853446,18,0.026700834001530893
0.01279404852539301,0.003687427379190922,0.05239761248230934,0.12656618654727936,expansion,0.6334956884384155,0.11974678188562393,lucas_kanade,clean,0.001068815979674975,3.910803178826933,0.81461501121521,0.08271186913911113,18,0.07147541599988472
0.007503566797822714,0.0011644635815173388,0.035071536898612976,0.11085034906864166,expansion,0.6334956884384155,0.11974678188562393,dis,clean,0.0007797100179596127,3.910803178826933,0.8635803461074829,0.0553619188554626,18,0.025119832993368618
0.014349536970257759,0.003128849668428302,0.0631469190120697,0.11217980831861496,expansion,0.6334956884384155,0.11974678188562393,tvl1,clean,0.0006351570371019318,3.910803178826933,0.8728724122047424,0.09968010858563002,18,1.1847334170015529
0.019112851470708847,0.004120913799852133,0.08431092649698257,0.0974809005856514,expansion,0.6334956884384155,0.11974678188562393,demons,clean,0.0005081256296815454,3.910803178826933,0.9169066548347473,0.13308839828856822,18,0.22777504099940415
0.060642488300800323,0.022568877786397934,0.22621987760066986,0.25146186351776123,expansion,0.6334956884384155,0.11974678188562393,raft,clean,0.007503613824521442,3.910803178826933,0.22919026017189026,0.3570977383576329,18,0.11567454200121574
0.021726666018366814,0.015572799369692802,0.048489052802324295,0.10896033048629761,expansion,0.6334956884384155,0.11974678188562393,farneback,low,0.0006614393972578737,3.910803178826933,0.8796161413192749,0.07654204075461217,18,0.02688695899269078
0.019345417618751526,0.01139190886169672,0.05393422022461891,0.1271810382604599,expansion,0.6334956884384155,0.11974678188562393,lucas_kanade,low,0.001090717946471593,3.910803178826933,0.8139727115631104,0.08513747008692081,18,0.07761058399046306
0.015336938202381134,0.010317481122910976,0.03716592490673065,0.11283589154481888,expansion,0.6334956884384155,0.11974678188562393,dis,low,0.0007753296246002891,3.910803178826933,0.8610180616378784,0.05866799977494036,18,0.024110707992804237
0.04321776330471039,0.03712593391537666,0.0697103887796402,0.11867709457874298,expansion,0.6334956884384155,0.11974678188562393,tvl1,low,0.0006439178238205791,3.910803178826933,0.872224748134613,0.110040825931236,18,1.2402503339981195
0.062128111720085144,0.05515966936945915,0.09243297576904297,0.1165488213300705,expansion,0.6334956884384155,0.11974678188562393,demons,low,0.0005081256296815454,3.910803178826933,0.9162426590919495,0.14590939994697175,18,0.25698445799935143
0.06088181957602501,0.021639665588736534,0.23154105246067047,0.2590233087539673,expansion,0.6334956884384155,0.11974678188562393,raft,low,0.008094966928030137,3.910803178826933,0.20234237611293793,0.3654974401347949,18,0.11902712500886992
0.04329758882522583,0.03864527493715286,0.06352994590997696,0.11337119340896606,expansion,0.6334956884384155,0.11974678188562393,farneback,medium,0.0006482982171799027,3.910803178826933,0.8844587802886963,0.1002847329025712,18,0.02832062500237953
0.03228913992643356,0.025382554158568382,0.06232501566410065,0.12816207110881805,expansion,0.6334956884384155,0.11974678188562393,lucas_kanade,medium,0.0011126199132682115,3.910803178826933,0.8144859075546265,0.09838269904840796,18,0.07631154100818094
0.02822888456285,0.022572137415409088,0.05282936617732048,0.14672932028770447,expansion,0.6334956884384155,0.11974678188562393,dis,medium,0.0008322747382714968,3.910803178826933,0.8260101079940796,0.08339341078634069,18,0.02276733299368061
0.061929576098918915,0.05740077793598175,0.08162479102611542,0.13214382529258728,expansion,0.6334956884384155,0.11974678188562393,tvl1,medium,0.0007315256910070525,3.910803178826933,0.8580963611602783,0.12884821872635438,18,1.2578330410033232
0.10618431866168976,0.10194914788007736,0.1246025413274765,0.1527702361345291,expansion,0.6334956884384155,0.11974678188562393,demons,medium,0.0005431687765561347,3.910803178826933,0.9176438450813293,0.19669043310243395,18,0.24625133301015012
0.05444323271512985,0.01717851310968399,0.21650287508964539,0.23232893645763397,expansion,0.6334956884384155,0.11974678188562393,raft,medium,0.007275833369836612,3.910803178826933,0.33505797386169434,0.34175903489308823,18,0.1187917499919422
0.14858075976371765,0.1465589553117752,0.15737329423427582,0.20124462246894836,expansion,0.6334956884384155,0.11974678188562393,farneback,high,0.0007183845109290815,3.910803178826933,0.8779417276382446,0.24842046616324312,18,0.026172040990786627
0.09350641816854477,0.08927026391029358,0.11192892491817474,0.15794198215007782,expansion,0.6334956884384155,0.11974678188562393,lucas_kanade,high,0.0009461649656139122,3.910803178826933,0.8173032999038696,0.1766845883262168,18,0.08710762500413693
0.09516897052526474,0.09283126890659332,0.10533533990383148,0.18543082475662231,expansion,0.6334956884384155,0.11974678188562393,dis,high,0.0009330237855359411,3.910803178826933,0.8083224296569824,0.1662763327773959,18,0.02432991699606646
0.11633963882923126,0.11257315427064896,0.13271957635879517,0.1822468638420105,expansion,0.6334956884384155,0.11974678188562393,tvl1,high,0.001025012046081738,3.910803178826933,0.8016113638877869,0.20950351956767474,18,1.329782291999436
0.24085788428783417,0.23968254029750824,0.2459692806005478,0.2994570732116699,expansion,0.6334956884384155,0.11974678188562393,demons,high,0.0019930789784922687,3.910803178826933,0.9242937564849854,0.38827301446497436,18,0.2401945000019623
0.061850689351558685,0.015023107640445232,0.26549801230430603,0.23001249134540558,expansion,0.6334956884384155,0.11974678188562393,raft,high,0.005646327040168207,3.910803178826933,0.3733171224594116,0.41909995150679874,18,0.11975212499964982
0.004653510171920061,0.001983076333999634,0.030863100662827492,0.022342504933476448,expansion,0.21649233996868134,0.02079455554485321,farneback,clean,0.0,0.9192893724177228,0.8016436696052551,0.14255978140978232,19,0.027359959000023082
0.006334090139716864,0.002972610294818878,0.03932610899209976,0.03398124501109123,expansion,0.21649233996868134,0.02079455554485321,lucas_kanade,clean,0.0,0.9192893724177228,0.6133914589881897,0.18165127227036687,19,0.06230733399570454
0.0028386383783072233,0.000918604782782495,0.021683255210518837,0.015094814822077751,expansion,0.21649233996868134,0.02079455554485321,dis,clean,0.0,0.9192893724177228,0.8222095966339111,0.10015714742450299,19,0.023222625008202158
0.007289261091500521,0.0034406976774334908,0.045061878859996796,0.023160642012953758,expansion,0.21649233996868134,0.02079455554485321,tvl1,clean,0.0,0.9192893724177228,0.7704355120658875,0.20814537302574138,19,1.1831026669970015
0.00857290718704462,0.004142436198890209,0.05205680429935455,0.023265888914465904,expansion,0.21649233996868134,0.02079455554485321,demons,clean,0.0,0.9192893724177228,0.8968381285667419,0.24045564063322195,19,0.2331905830069445
0.0315820574760437,0.017254844307899475,0.17219983041286469,0.07399503141641617,expansion,0.21649233996868134,0.02079455554485321,raft,clean,0.0006031540543721313,0.9192893724177228,0.06255365908145905,0.7954084215532791,19,0.12582262500654906
0.015926925465464592,0.014031552709639072,0.034529514610767365,0.026517631486058235,expansion,0.21649233996868134,0.02079455554485321,farneback,low,0.0,0.9192893724177228,0.8046811819076538,0.15949531801338812,19,0.02688545901037287
0.012841090559959412,0.009960463270545006,0.041113682091236115,0.034955281764268875,expansion,0.21649233996868134,0.02079455554485321,lucas_kanade,low,0.0,0.9192893724177228,0.6143978238105774,0.18990825309192827,19,0.06266004100325517
0.011011507362127304,0.009549736976623535,0.025358401238918304,0.019040055572986603,expansion,0.21649233996868134,0.02079455554485321,dis,low,0.0,0.9192893724177228,0.8127999305725098,0.11713301839033545,19,0.0264937089959858
0.0378105565905571,0.03614569082856178,0.0541507750749588,0.046754390001297,expansion,0.21649233996868134,0.02079455554485321,tvl1,low,0.0,0.9192893724177228,0.7754163146018982,0.25012790329113943,19,1.241734750001342
0.0514635369181633,0.049787744879722595,0.06791099160909653,0.06690637767314911,expansion,0.21649233996868134,0.02079455554485321,demons,low,0.0,0.9192893724177228,0.9049548506736755,0.3136877342584999,19,0.24586641699715983
0.03269432485103607,0.018180837854743004,0.17514030635356903,0.07486148923635483,expansion,0.21649233996868134,0.02079455554485321,raft,low,0.0006031540543721313,0.9192893724177228,0.058940339833498,0.8089907771282141,19,0.1257078330090735
0.03706620633602142,0.035854507237672806,0.048958711326122284,0.04581685736775398,expansion,0.21649233996868134,0.02079455554485321,farneback,medium,0.0,0.9192893724177228,0.8004612326622009,0.22614523605410172,19,0.031099833009648137
0.02542969398200512,0.023175373673439026,0.047555238008499146,0.04154761880636215,expansion,0.21649233996868134,0.02079455554485321,lucas_kanade,medium,0.0,0.9192893724177228,0.615957498550415,0.219662450945741,19,0.06681508298788685
0.022311273962259293,0.021017655730247498,0.03500776365399361,0.02937038242816925,expansion,0.21649233996868134,0.02079455554485321,dis,medium,0.0,0.9192893724177228,0.8002285361289978,0.16170439868245673,19,0.02666220799437724
0.05903063714504242,0.05803893133997917,0.06876396387815475,0.06931781768798828,expansion,0.21649233996868134,0.02079455554485321,tvl1,medium,0.0,0.9192893724177228,0.7663676142692566,0.31762769938235424,19,1.279677750004339
0.09664680063724518,0.09585453569889069,0.10442275553941727,0.11754460632801056,expansion,0.21649233996868134,0.02079455554485321,demons,medium,0.0,0.9192893724177228,0.9313700199127197,0.4823392622322041,19,0.2445235839986708
0.03020578622817993,0.014149336144328117,0.18779554963111877,0.07643826305866241,expansion,0.21649233996868134,0.02079455554485321,raft,medium,0.0006472872778627751,0.9192893724177228,0.04849002882838249,0.8674466249396448,19,0.1255944169970462
0.14313456416130066,0.14294695854187012,0.14497575163841248,0.16537465155124664,expansion,0.21649233996868134,0.02079455554485321,farneback,high,0.0,0.9192893724177228,0.7754770517349243,0.6696576500553565,19,0.025328666000859812
0.08904062211513519,0.08804358541965485,0.0988263413310051,0.10530439019203186,expansion,0.21649233996868134,0.02079455554485321,lucas_kanade,high,2.2066611745321878e-05,0.9192893724177228,0.5858052372932434,0.4564888593531841,19,0.10454200000094716
0.08808444440364838,0.08764778077602386,0.09237018972635269,0.10227496176958084,expansion,0.21649233996868134,0.02079455554485321,dis,high,0.0,0.9192893724177228,0.6667988896369934,0.42666724254407956,19,0.028004958003293723
0.11535163968801498,0.1145656481385231,0.12306589633226395,0.13164633512496948,expansion,0.21649233996868134,0.02079455554485321,tvl1,high,0.0,0.9192893724177228,0.6430456638336182,0.5684538138858269,19,1.3351816670037806
0.22765617072582245,0.22833459079265594,0.22099770605564117,0.26414352655410767,expansion,0.21649233996868134,0.02079455554485321,demons,high,0.00046339884665175945,0.9192893724177228,0.8700332045555115,1.020810741329747,19,0.24538862500048708
0.03074200078845024,0.013629159890115261,0.1986999809741974,0.08056380599737167,expansion,0.21649233996868134,0.02079455554485321,raft,high,0.0007429092620925032,0.9192893724177228,0.024239826947450638,0.9178152954646901,19,0.11699158299597912
0.008301585912704468,0.0033042558934539557,0.06604468077421188,0.02566836215555668,shear_layer,0.32541513442993164,0.03438333421945572,farneback,clean,0.0,1.08428132171835,0.8897050023078918,0.20295516030595873,0,0.02618170899222605
0.010739732533693314,0.0035644895397126675,0.09364815801382065,0.034359630197286606,shear_layer,0.32541513442993164,0.03438333421945572,lucas_kanade,clean,0.0,1.08428132171835,0.7866958379745483,0.28778058579812293,0,0.0698106670024572
0.007290516048669815,0.0021966088097542524,0.06614954024553299,0.023556802421808243,shear_layer,0.32541513442993164,0.03438333421945572,dis,clean,0.0,1.08428132171835,0.8751915097236633,0.20327739323315433,0,0.022624124991125427
0.011110229417681694,0.005277465563267469,0.07850658148527145,0.028976161032915115,shear_layer,0.32541513442993164,0.03438333421945572,tvl1,clean,0.0,1.08428132171835,0.8372324109077454,0.24125055407395468,0,1.1879000409971923
0.011902106925845146,0.006281101144850254,0.07685164362192154,0.030425813049077988,shear_layer,0.32541513442993164,0.03438333421945572,demons,clean,0.0,1.08428132171835,0.9333782196044922,0.2361649336210244,0,0.23364704099367373
0.04580515995621681,0.02407311648130417,0.29691436886787415,0.1083286702632904,shear_layer,0.32541513442993164,0.03438333421945572,raft,clean,0.001312255859375,1.08428132171835,0.022084340453147888,0.9124172094454498,0,0.12468991700734477
0.01988089084625244,0.015814317390322685,0.06686931103467941,0.030109848827123642,shear_layer,0.32541513442993164,0.03438333421945572,farneback,low,0.0,1.08428132171835,0.8897465467453003,0.20548924730198037,0,0.026437417007400654
0.017215384170413017,0.010586673393845558,0.09380874037742615,0.035474058240652084,shear_layer,0.32541513442993164,0.03438333421945572,lucas_kanade,low,0.0,1.08428132171835,0.7874923944473267,0.2882740550520555,0,0.07391229200584348
0.015603531152009964,0.01084937620908022,0.0705367773771286,0.02718827873468399,shear_layer,0.32541513442993164,0.03438333421945572,dis,low,0.0,1.08428132171835,0.8684011697769165,0.2167593633919217,0,0.02836379200743977
0.04276757687330246,0.03936648741364479,0.08206644654273987,0.05205688253045082,shear_layer,0.32541513442993164,0.03438333421945572,tvl1,low,0.0,1.08428132171835,0.838829517364502,0.25219001164929045,0,1.1914592079992872
0.05643421784043312,0.05361366271972656,0.08902514725923538,0.07197446376085281,shear_layer,0.32541513442993164,0.03438333421945572,demons,low,0.0,1.08428132171835,0.9370520114898682,0.27357408380895165,0,0.24883200001204386
0.0452469065785408,0.023465802893042564,0.2969229519367218,0.10832333564758301,shear_layer,0.32541513442993164,0.03438333421945572,raft,low,0.00133514404296875,1.08428132171835,0.021047061309218407,0.9124435851973419,0,0.1169773330038879
0.04215862974524498,0.039173755794763565,0.07664826512336731,0.05113714933395386,shear_layer,0.32541513442993164,0.03438333421945572,farneback,medium,0.0,1.08428132171835,0.885265052318573,0.23553995193751878,0,0.026803958011441864
0.02984888106584549,0.02413349784910679,0.0958889052271843,0.0426667258143425,shear_layer,0.32541513442993164,0.03438333421945572,lucas_kanade,medium,0.0,1.08428132171835,0.7862268686294556,0.2946663971089245,0,0.07592962500348222
0.027724074199795723,0.02296501025557518,0.08271405845880508,0.03797191008925438,shear_layer,0.32541513442993164,0.03438333421945572,dis,medium,0.0,1.08428132171835,0.8357865214347839,0.2541801216581556,0,0.023557042004540563
0.06334425508975983,0.0607357881963253,0.09348447620868683,0.07386665791273117,shear_layer,0.32541513442993164,0.03438333421945572,tvl1,medium,0.0,1.08428132171835,0.8017370104789734,0.2872775919671182,0,1.2647198329941602
0.10501576960086823,0.10374944657087326,0.11964786797761917,0.12736940383911133,shear_layer,0.32541513442993164,0.03438333421945572,demons,medium,0.0,1.08428132171835,0.9151669144630432,0.3676776379415191,0,0.24442258400085848
0.04467754811048508,0.02264639548957348,0.2992428243160248,0.10844611376523972,shear_layer,0.32541513442993164,0.03438333421945572,raft,medium,0.001308441162109375,1.08428132171835,0.02597954496741295,0.9195725479708987,0,0.11631474999012426
0.15183639526367188,0.15150868892669678,0.15562285482883453,0.17612692713737488,shear_layer,0.32541513442993164,0.03438333421945572,farneback,high,3.814697265625e-06,1.08428132171835,0.9126784801483154,0.47822869425374936,0,0.029067457988276146
0.09576863050460815,0.0932358130812645,0.12503491342067719,0.11008590459823608,shear_layer,0.32541513442993164,0.03438333421945572,lucas_kanade,high,0.0,1.08428132171835,0.8099445700645447,0.38423201686582803,0,0.07941995799774304
0.09869521856307983,0.09691983461380005,0.1192094013094902,0.11290282011032104,shear_layer,0.32541513442993164,0.03438333421945572,dis,high,0.0,1.08428132171835,0.8062118887901306,0.36633023082446203,0,0.027128999994602054
0.11847493052482605,0.11667869240045547,0.1392301768064499,0.134155735373497,shear_layer,0.32541513442993164,0.03438333421945572,tvl1,high,0.0,1.08428132171835,0.7495558857917786,0.42785403036142106,0,1.3514668749994598
0.2426745593547821,0.24292221665382385,0.23981280624866486,0.2821325361728668,shear_layer,0.32541513442993164,0.03438333421945572,demons,high,0.00058746337890625,1.08428132171835,0.9444435834884644,0.7369442317695931,0,0.2437770830001682
0.03988547623157501,0.016115223988890648,0.31454572081565857,0.11139033734798431,shear_layer,0.32541513442993164,0.03438333421945572,raft,high,0.001422882080078125,1.08428132171835,0.011594654060900211,0.9665983156151777,0,0.12654195800132584
0.02401920221745968,0.0104558439925313,0.1177220344543457,0.06081613898277283,shear_layer,1.9417182207107544,0.3274100422859192,farneback,clean,0.000186920166015625,5.8210680212248365,0.9771344661712646,0.060627764213519224,1,0.026678291003918275
0.03426457569003105,0.01337439101189375,0.178585022687912,0.11008650064468384,shear_layer,1.9417182207107544,0.3274100422859192,lucas_kanade,clean,0.0003814697265625,5.8210680212248365,0.9454144239425659,0.09197267697397514,1,0.07699520900496282
0.020594598725438118,0.008093179203569889,0.10696100443601608,0.05068765953183174,shear_layer,1.9417182207107544,0.3274100422859192,dis,clean,6.4849853515625e-05,5.8210680212248365,0.977000892162323,0.055085749979141486,1,0.024358458002097905
0.029974762350320816,0.01794915832579136,0.11305399239063263,0.05889691412448883,shear_layer,1.9417182207107544,0.3274100422859192,tvl1,clean,5.340576171875e-05,5.8210680212248365,0.977497398853302,0.05822368620986102,1,1.1779949170013424
0.0426739901304245,0.0192320104688406,0.20462359488010406,0.20134751498699188,shear_layer,1.9417182207107544,0.3274100422859192,demons,clean,0.005435943603515625,5.8210680212248365,1.2156260013580322,0.10538274436401118,1,0.23993445798987523
0.16489824652671814,0.05377805233001709,0.9325752854347229,0.5879528522491455,shear_layer,1.9417182207107544,0.3274100422859192,raft,clean,0.03340911865234375,5.8210680212248365,0.07827524095773697,0.4802835321251501,1,0.11827883300429676
0.031214438378810883,0.018664566799998283,0.1179155707359314,0.061864353716373444,shear_layer,1.9417182207107544,0.3274100422859192,farneback,low,0.000179290771484375,5.8210680212248365,0.9768582582473755,0.06072743690522155,1,0.026875583003857173
0.03813501447439194,0.01784186251461506,0.17833082377910614,0.10963526368141174,shear_layer,1.9417182207107544,0.3274100422859192,lucas_kanade,low,0.00035858154296875,5.8210680212248365,0.9449699521064758,0.09184176255699408,1,0.08068095899943728
0.02586156316101551,0.013955962844192982,0.10811174660921097,0.05160283297300339,shear_layer,1.9417182207107544,0.3274100422859192,dis,low,5.7220458984375e-05,5.8210680212248365,0.9773170948028564,0.055678391156898814,1,0.025881875000777654
0.0488850474357605,0.0395532101392746,0.11335431039333344,0.0669337809085846,shear_layer,1.9417182207107544,0.3274100422859192,tvl1,low,4.1961669921875e-05,5.8210680212248365,0.9764176607131958,0.0583783523192365,1,1.2135134169948287
0.06737618148326874,0.04742693156003952,0.20519614219665527,0.20400460064411163,shear_layer,1.9417182207107544,0.3274100422859192,demons,low,0.005390167236328125,5.8210680212248365,1.2124780416488647,0.1056776106893329,1,0.24602279199461918
0.16368117928504944,0.052970774471759796,0.9285270571708679,0.586353063583374,shear_layer,1.9417182207107544,0.3274100422859192,raft,low,0.033203125,5.8210680212248365,0.08082789182662964,0.47819866305368763,1,0.11830825000652112
0.04734070599079132,0.036370426416397095,0.1231292113661766,0.0711832195520401,shear_layer,1.9417182207107544,0.3274100422859192,farneback,medium,0.000209808349609375,5.8210680212248365,0.9772968888282776,0.06341250241814483,1,0.02672145899850875
0.047346651554107666,0.02805749885737896,0.18060632050037384,0.114028200507164,shear_layer,1.9417182207107544,0.3274100422859192,lucas_kanade,medium,0.000396728515625,5.8210680212248365,0.940487802028656,0.09301366108325644,1,0.08049541700165719
0.03550630807876587,0.023634593933820724,0.11752240359783173,0.0578434094786644,shear_layer,1.9417182207107544,0.3274100422859192,dis,medium,6.866455078125e-05,5.8210680212248365,0.9744167923927307,0.06052495276828239,1,0.025925582987838425
0.07060569524765015,0.06311080604791641,0.12238439917564392,0.08776824176311493,shear_layer,1.9417182207107544,0.3274100422859192,tvl1,medium,0.00022125244140625,5.8210680212248365,0.9668529033660889,0.0630289183416355,1,1.2841143330006162
0.10168838500976562,0.08441170305013657,0.22104483842849731,0.22118708491325378,shear_layer,1.9417182207107544,0.3274100422859192,demons,medium,0.0054779052734375,5.8210680212248365,1.215425729751587,0.11383981263130197,1,0.24483395800052676
0.13335683941841125,0.046343088150024414,0.7344939112663269,0.4942112863063812,shear_layer,1.9417182207107544,0.3274100422859192,raft,medium,0.0235137939453125,5.8210680212248365,0.12170981615781784,0.3782700823590509,1,0.11604966699087527
0.1398983597755432,0.13503429293632507,0.17350183427333832,0.16357429325580597,shear_layer,1.9417182207107544,0.3274100422859192,farneback,high,0.000247955322265625,5.8210680212248365,0.9742393493652344,0.08935479536769707,1,0.0274432500009425
0.10004948079586029,0.08558569103479385,0.199973002076149,0.15427164733409882,shear_layer,1.9417182207107544,0.3274100422859192,lucas_kanade,high,0.000476837158203125,5.8210680212248365,0.9382665753364563,0.10298765286497134,1,0.08588712500932161
0.09297826886177063,0.08222159743309021,0.1672910451889038,0.11220946907997131,shear_layer,1.9417182207107544,0.3274100422859192,dis,high,8.7738037109375e-05,5.8210680212248365,0.9648181200027466,0.08615619063803599,1,0.022743916997569613
0.1291866898536682,0.11924482136964798,0.1978703886270523,0.170738086104393,shear_layer,1.9417182207107544,0.3274100422859192,tvl1,high,0.0013580322265625,5.8210680212248365,0.8729243278503418,0.10190479056977847,1,1.3819553749926854
0.21840734779834747,0.20396088063716888,0.3182111382484436,0.30683839321136475,shear_layer,1.9417182207107544,0.3274100422859192,demons,high,0.006298065185546875,5.8210680212248365,1.2359204292297363,0.16388121348110146,1,0.24322787500568666
0.14758267998695374,0.05463108792901039,0.7897413969039917,0.5197500586509705,shear_layer,1.9417182207107544,0.3274100422859192,raft,high,0.025661468505859375,5.8210680212248365,0.10444854199886322,0.40672296756576326,1,0.12271920799685176
0.033425599336624146,0.010734803974628448,0.1622016876935959,0.07850104570388794,shear_layer,0.7231840491294861,0.14542528986930847,farneback,clean,0.0,1.8425504259722063,0.8895418047904968,0.22428825399127916,2,0.026261916995281354
0.04662584513425827,0.01394602283835411,0.2320922315120697,0.10956011712551117,shear_layer,0.7231840491294861,0.14542528986930847,lucas_kanade,clean,7.62939453125e-06,1.8425504259722063,0.817021906375885,0.32093107113112446,2,0.07315379199280869
0.030942101031541824,0.009780949912965298,0.1510370671749115,0.07254516333341599,shear_layer,0.7231840491294861,0.14542528986930847,dis,clean,0.0,1.8425504259722063,0.8765565752983093,0.20885010856740885,2,0.026434583007358015
0.03806821256875992,0.015448195859789848,0.1664426028728485,0.08084816485643387,shear_layer,0.7231840491294861,0.14542528986930847,tvl1,clean,0.0,1.8425504259722063,0.8654809594154358,0.23015248064887417,2,1.204274791001808
0.032881349325180054,0.015895122662186623,0.12928253412246704,0.06727349758148193,shear_layer,0.7231840491294861,0.14542528986930847,demons,clean,0.0,1.8425504259722063,0.9271231889724731,0.1787685088990659,2,0.23955191600543913
0.1176784485578537,0.04663297161459923,0.5208797454833984,0.2511272728443146,shear_layer,0.7231840491294861,0.14542528986930847,raft,clean,0.0136871337890625,1.8425504259722063,0.19776074588298798,0.7202588969023775,2,0.11632666699006222
0.04156206548213959,0.020203836262226105,0.16277551651000977,0.07989519089460373,shear_layer,0.7231840491294861,0.14542528986930847,farneback,low,0.0,1.8425504259722063,0.8888919949531555,0.22508172947944102,2,0.026567917011561804
0.05104925483465195,0.01911277323961258,0.23229698836803436,0.10991783440113068,shear_layer,0.7231840491294861,0.14542528986930847,lucas_kanade,low,7.62939453125e-06,1.8425504259722063,0.8167406320571899,0.3212142035594615,2,0.07580612500896677
0.037616629153490067,0.016819989308714867,0.15564289689064026,0.07542206346988678,shear_layer,0.7231840491294861,0.14542528986930847,dis,low,0.0,1.8425504259722063,0.8741904497146606,0.21521892950762855,2,0.024579874996561557
0.05977841094136238,0.04129571095108986,0.16467249393463135,0.0878511443734169,shear_layer,0.7231840491294861,0.14542528986930847,tvl1,low,0.0,1.8425504259722063,0.8672462701797485,0.22770482027756497,2,1.2391068750002887
0.06613827496767044,0.05412687733769417,0.13430599868297577,0.08908232301473618,shear_layer,0.7231840491294861,0.14542528986930847,demons,low,0.0,1.8425504259722063,0.9314229488372803,0.18571482438618925,2,0.25039274999289773
0.11510977149009705,0.046496305614709854,0.5045086741447449,0.24540898203849792,shear_layer,0.7231840491294861,0.14542528986930847,raft,low,0.0126190185546875,1.8425504259722063,0.21055801212787628,0.6976214073748364,2,0.12579995799751487
0.060112666338682175,0.040939874947071075,0.16892319917678833,0.089824378490448,shear_layer,0.7231840491294861,0.14542528986930847,farneback,medium,0.0,1.8425504259722063,0.8849379420280457,0.233582584378244,2,0.02734950000012759
0.06125578656792641,0.030722005292773247,0.23454280197620392,0.11289812624454498,shear_layer,0.7231840491294861,0.14542528986930847,lucas_kanade,medium,7.62939453125e-06,1.8425504259722063,0.815829873085022,0.3243196559140494,2,0.07749087500269525
0.04970943555235863,0.02799968607723713,0.17291784286499023,0.08552584797143936,shear_layer,0.7231840491294861,0.14542528986930847,dis,medium,0.0,1.8425504259722063,0.8579714298248291,0.2391062732552461,2,0.025011042002006434
0.07833591103553772,0.06103940308094025,0.17649805545806885,0.10330674797296524,shear_layer,0.7231840491294861,0.14542528986930847,tvl1,medium,0.0,1.8425504259722063,0.8534783124923706,0.24405689764662783,2,1.2752988749998622
0.10797110199928284,0.09865715354681015,0.16083018481731415,0.13294266164302826,shear_layer,0.7231840491294861,0.14542528986930847,demons,medium,0.0,1.8425504259722063,0.917155921459198,0.222391775663345,2,0.2428002080123406
0.11264559626579285,0.04424325004220009,0.5008464455604553,0.24351969361305237,shear_layer,0.7231840491294861,0.14542528986930847,raft,medium,0.012554168701171875,1.8425504259722063,0.23953750729560852,0.6925573734146047,2,0.12577020899334457
0.15715719759464264,0.14695453643798828,0.21505987644195557,0.18324711918830872,shear_layer,0.7231840491294861,0.14542528986930847,farneback,high,0.0,1.8425504259722063,0.8997215628623962,0.2973791757448581,2,0.027830375009216368
0.1152581125497818,0.09192449599504471,0.24768231809139252,0.14787963032722473,shear_layer,0.7231840491294861,0.14542528986930847,lucas_kanade,high,1.52587890625e-05,1.8425504259722063,0.8242285847663879,0.3424886353474384,2,0.07929558299656492
0.11138812452554703,0.09226502478122711,0.21991662681102753,0.13806959986686707,shear_layer,0.7231840491294861,0.14542528986930847,dis,high,0.0,1.8425504259722063,0.8279536366462708,0.3040949632057654,2,0.024922291006078012
0.1332835555076599,0.1167108416557312,0.22733791172504425,0.15889227390289307,shear_layer,0.7231840491294861,0.14542528986930847,tvl1,high,0.0,1.8425504259722063,0.8051841855049133,0.31435692200166243,2,1.3702257499971893
0.23615536093711853,0.23242409527301788,0.2573312222957611,0.27352407574653625,shear_layer,0.7231840491294861,0.14542528986930847,demons,high,0.000308990478515625,1.8425504259722063,0.9147506952285767,0.3558308878708219,2,0.24173854099353775
0.1258002072572708,0.04546891525387764,0.5817008018493652,0.2707453668117523,shear_layer,0.7231840491294861,0.14542528986930847,raft,high,0.017730712890625,1.8425504259722063,0.14806973934173584,0.8043606638580765,2,0.11634637499810196
0.011213473975658417,0.0041055274195969105,0.10968123376369476,0.03684107959270477,shear_layer,0.5674049258232117,0.05001930147409439,farneback,clean,0.0,1.4533330427682183,0.9042893648147583,0.1933032809057222,3,0.02701108399196528
0.013881154358386993,0.004581639543175697,0.14270912110805511,0.04719796031713486,shear_layer,0.5674049258232117,0.05001930147409439,lucas_kanade,clean,0.0,1.4533330427682183,0.8317656517028809,0.2515119531276672,3,0.07238825000240467
0.009381305426359177,0.002703726291656494,0.10188710689544678,0.03265755623579025,shear_layer,0.5674049258232117,0.05001930147409439,dis,clean,0.0,1.4533330427682183,0.905394434928894,0.17956683535594137,3,0.02289229199232068
0.012689349241554737,0.005391016602516174,0.11379454284906387,0.03738215193152428,shear_layer,0.5674049258232117,0.05001930147409439,tvl1,clean,0.0,1.4533330427682183,0.8715307712554932,0.20055261713487352,3,1.193242207998992
0.013697950169444084,0.0069689373485744,0.10691627115011215,0.03799239546060562,shear_layer,0.5674049258232117,0.05001930147409439,demons,clean,0.0,1.4533330427682183,0.9333660006523132,0.18843028370787254,3,0.23514158300531562
0.04561573266983032,0.017844434827566147,0.4303368330001831,0.1356702595949173,shear_layer,0.5674049258232117,0.05001930147409439,raft,clean,0.002513885498046875,1.4533330427682183,0.277156800031662,0.7584298503856568,3,0.11926133300585207
0.023550286889076233,0.017289305105805397,0.11028492450714111,0.040570154786109924,shear_layer,0.5674049258232117,0.05001930147409439,farneback,low,0.0,1.4533330427682183,0.9037299156188965,0.19436723138618464,3,0.027766458995756693
0.021043892949819565,0.01225316058844328,0.14282362163066864,0.04818533733487129,shear_layer,0.5674049258232117,0.05001930147409439,lucas_kanade,low,0.0,1.4533330427682183,0.830276608467102,0.2517137499704553,3,0.07426983400364406
0.018167922273278236,0.01182352565228939,0.10605807602405548,0.03586191311478615,shear_layer,0.5674049258232117,0.05001930147409439,dis,low,0.0,1.4533330427682183,0.8974584937095642,0.18691779221017965,3,0.02631679200567305
0.044829584658145905,0.03975597396492958,0.11511527001857758,0.057148277759552,shear_layer,0.5674049258232117,0.05001930147409439,tvl1,low,0.0,1.4533330427682183,0.8689478635787964,0.2028802796372699,3,1.2348391249979613
0.06126917153596878,0.05726882442831993,0.11668672412633896,0.07979878038167953,shear_layer,0.5674049258232117,0.05001930147409439,demons,low,0.0,1.4533330427682183,0.9255260229110718,0.20564982575194535,3,0.245713791999151
0.0458822026848793,0.01816735230386257,0.42982134222984314,0.13603492081165314,shear_layer,0.5674049258232117,0.05001930147409439,raft,low,0.002597808837890625,1.4533330427682183,0.26806434988975525,0.7575213444018709,3,0.11924458300927654
0.04599400609731674,0.04090798273682594,0.11645173281431198,0.058629054576158524,shear_layer,0.5674049258232117,0.05001930147409439,farneback,medium,0.0,1.4533330427682183,0.8992211222648621,0.2052356747614758,3,0.02780191699275747
0.03376039117574692,0.02574535459280014,0.14479421079158783,0.05399486795067787,shear_layer,0.5674049258232117,0.05001930147409439,lucas_kanade,medium,0.0,1.4533330427682183,0.8247069120407104,0.2551867356130459,3,0.07494320800469723
0.03025522455573082,0.024032656103372574,0.11645766347646713,0.04485486447811127,shear_layer,0.5674049258232117,0.05001930147409439,dis,medium,0.0,1.4533330427682183,0.8770256042480469,0.20524612701855932,3,0.024692582999705337
0.06398948282003403,0.05975106731057167,0.12270515412092209,0.07599794864654541,shear_layer,0.5674049258232117,0.05001930147409439,tvl1,medium,0.0,1.4533330427682183,0.8566878437995911,0.21625676573550537,3,1.2671579589950852
0.1081986054778099,0.10574539005756378,0.14218343794345856,0.13184718787670135,shear_layer,0.5674049258232117,0.05001930147409439,demons,medium,0.0,1.4533330427682183,0.9256240129470825,0.2505854839683911,3,0.2441785830014851
0.04675857350230217,0.017242789268493652,0.4556463956832886,0.1405811309814453,shear_layer,0.5674049258232117,0.05001930147409439,raft,medium,0.002655029296875,1.4533330427682183,0.27702397108078003,0.8030356716100415,3,0.1181237080018036
0.1562100201845169,0.1541188508272171,0.18517930805683136,0.18096379935741425,shear_layer,0.5674049258232117,0.05001930147409439,farneback,high,0.0,1.4533330427682183,0.9350054264068604,0.3263618266763661,3,0.027603500013356097
0.10022103786468506,0.09521177411079407,0.16961535811424255,0.11716891825199127,shear_layer,0.5674049258232117,0.05001930147409439,lucas_kanade,high,0.0,1.4533330427682183,0.8407847881317139,0.2989317688212848,3,0.0803157500049565
0.10515610873699188,0.10149743407964706,0.15584035217761993,0.12118306756019592,shear_layer,0.5674049258232117,0.05001930147409439,dis,high,0.0,1.4533330427682183,0.8506292104721069,0.2746545634081711,3,0.024315209011547267
0.11932097375392914,0.11571477353572845,0.16927827894687653,0.13584214448928833,shear_layer,0.5674049258232117,0.05001930147409439,tvl1,high,0.0,1.4533330427682183,0.7869969606399536,0.2983376971944356,3,1.3439200409920886
0.2487129122018814,0.24791455268859863,0.25977280735969543,0.28836125135421753,shear_layer,0.5674049258232117,0.05001930147409439,demons,high,0.000629425048828125,1.4533330427682183,0.938392162322998,0.4578261406222507,3,0.24312404099327978
0.062112078070640564,0.029637867584824562,0.5119834542274475,0.15916787087917328,shear_layer,0.5674049258232117,0.05001930147409439,raft,high,0.004791259765625,1.4533330427682183,0.03685475140810013,0.9023246555088384,3,0.11920724999799859
0.03513917326927185,0.011638841591775417,0.1227865144610405,0.07062530517578125,shear_layer,0.32487058639526367,0.09089092910289764,farneback,clean,0.0,0.8541279602727052,0.7561755180358887,0.377955160002231,4,0.026952250002068467
0.047815389931201935,0.014974894933402538,0.1702980101108551,0.09544068574905396,shear_layer,0.32487058639526367,0.09089092910289764,lucas_kanade,clean,0.0,0.8541279602727052,0.6147189140319824,0.5242026124940005,4,0.07486379198962823
0.03370720148086548,0.010742095299065113,0.1193583607673645,0.06795934587717056,shear_layer,0.32487058639526367,0.09089092910289764,dis,clean,0.0,0.8541279602727052,0.7094300985336304,0.3674027928836362,4,0.025014250000822358
0.04252377524971962,0.017281685024499893,0.13666720688343048,0.078455850481987,shear_layer,0.32487058639526367,0.09089092910289764,tvl1,clean,0.0,0.8541279602727052,0.6962068676948547,0.42068199648320936,4,1.2082410409930162
0.03635584935545921,0.0158662311732769,0.11277437210083008,0.06804455071687698,shear_layer,0.32487058639526367,0.09089092910289764,demons,clean,0.0,0.8541279602727052,0.824078381061554,0.3471362961853977,4,0.2339068339933874
0.08922091126441956,0.04001031443476677,0.2727578282356262,0.15156547725200653,shear_layer,0.32487058639526367,0.09089092910289764,raft,clean,3.814697265625e-05,0.8541279602727052,0.11900941282510757,0.8395891769154106,4,0.11874758399790153
0.041155166923999786,0.019137762486934662,0.12327174842357635,0.07176771759986877,shear_layer,0.32487058639526367,0.09089092910289764,farneback,low,0.0,0.8541279602727052,0.7574267983436584,0.37944878233326435,4,0.0268735830031801
0.0510331429541111,0.01903722435235977,0.17036579549312592,0.0957304909825325,shear_layer,0.32487058639526367,0.09089092910289764,lucas_kanade,low,0.0,0.8541279602727052,0.6159721612930298,0.5244112659859123,4,0.07610783299605828
0.039254408329725266,0.01682237535715103,0.12291739881038666,0.07052923738956451,shear_layer,0.32487058639526367,0.09089092910289764,dis,low,0.0,0.8541279602727052,0.7041395902633667,0.3783580415028262,4,0.02592654099862557
0.057730816304683685,0.037085533142089844,0.13472989201545715,0.08265329897403717,shear_layer,0.32487058639526367,0.09089092910289764,tvl1,low,0.0,0.8541279602727052,0.701663613319397,0.41471865308093464,4,1.220313375000842
0.07670566439628601,0.06452029198408127,0.12215247750282288,0.10785946249961853,shear_layer,0.32487058639526367,0.09089092910289764,demons,low,0.0,0.8541279602727052,0.831696093082428,0.3760034999111996,4,0.2520353339932626
0.089349165558815,0.04018184542655945,0.2727246582508087,0.151593416929245,shear_layer,0.32487058639526367,0.09089092910289764,raft,low,3.814697265625e-05,0.8541279602727052,0.11833081394433975,0.8394870747670273,4,0.12215195900353137
0.056763906031847,0.03735123947262764,0.12916581332683563,0.08046187460422516,shear_layer,0.32487058639526367,0.09089092910289764,farneback,medium,0.0,0.8541279602727052,0.7580955028533936,0.3975915910395228,4,0.026006125001003966
0.05947762727737427,0.029198966920375824,0.17240557074546814,0.09853922575712204,shear_layer,0.32487058639526367,0.09089092910289764,lucas_kanade,medium,0.0,0.8541279602727052,0.6137732267379761,0.5306899976955921,4,0.07684241700917482
0.050309695303440094,0.026865916326642036,0.13774612545967102,0.0801788866519928,shear_layer,0.32487058639526367,0.09089092910289764,dis,medium,0.0,0.8541279602727052,0.6795657873153687,0.42400306838513846,4,0.02650754200294614
0.07273193448781967,0.054681047797203064,0.14005491137504578,0.09398399293422699,shear_layer,0.32487058639526367,0.09089092910289764,tvl1,medium,0.0,0.8541279602727052,0.694790780544281,0.4311098549397258,4,1.2666290420020232
0.11741180717945099,0.10936052352190018,0.14744001626968384,0.15243558585643768,shear_layer,0.32487058639526367,0.09089092910289764,demons,medium,0.000217437744140625,0.8541279602727052,0.8285921812057495,0.4538423065801853,4,0.24279487499734387
0.08888782560825348,0.038745976984500885,0.27589792013168335,0.15301023423671722,shear_layer,0.32487058639526367,0.09089092910289764,raft,medium,4.57763671875e-05,0.8541279602727052,0.10722841322422028,0.8492548469623648,4,0.11822370799200144
0.14694099128246307,0.13883070647716522,0.17718933522701263,0.169813334941864,shear_layer,0.32487058639526367,0.09089092910289764,farneback,high,7.62939453125e-06,0.8541279602727052,0.7605266571044922,0.5454151365104807,4,0.026902333993348293
0.10949970781803131,0.08847818523645401,0.18790200352668762,0.13430571556091309,shear_layer,0.32487058639526367,0.09089092910289764,lucas_kanade,high,0.0,0.8541279602727052,0.6135526895523071,0.5783903233950239,4,0.08037049999984447
0.10683758556842804,0.08924928307533264,0.17243528366088867,0.12904492020606995,shear_layer,0.32487058639526367,0.09089092910289764,dis,high,0.0,0.8541279602727052,0.6346567869186401,0.5307814584700199,4,0.024971833001472987
0.12506957352161407,0.11122315376996994,0.17671146988868713,0.14566685259342194,shear_layer,0.32487058639526367,0.09089092910289764,tvl1,high,0.0,0.8541279602727052,0.6523208022117615,0.5439441959010896,4,1.343125791012426
0.24333710968494415,0.24042446911334991,0.25420013070106506,0.28889063000679016,shear_layer,0.32487058639526367,0.09089092910289764,demons,high,0.00278472900390625,0.8541279602727052,0.8416435122489929,0.7824658228424064,4,0.24051083299855236
0.08954808115959167,0.03542959317564964,0.2913895547389984,0.15984299778938293,shear_layer,0.32487058639526367,0.09089092910289764,raft,high,8.7738037109375e-05,0.8541279602727052,0.07257086038589478,0.8969404031686342,4,0.1196452500007581
0.022532498463988304,0.007821638137102127,0.07077548652887344,0.04289567843079567,shear_layer,0.19103041291236877,0.05804125592112541,farneback,clean,0.0,0.5425644533582238,0.8413770198822021,0.3704932918788184,5,0.027176791001693346
0.03060968965291977,0.00941902119666338,0.10010264813899994,0.05862436071038246,shear_layer,0.19103041291236877,0.05804125592112541,lucas_kanade,clean,0.0,0.5425644533582238,0.6990393996238708,0.5240141955036235,5,0.07523133300128393
0.020686402916908264,0.006855018436908722,0.06604521721601486,0.039201050996780396,shear_layer,0.19103041291236877,0.05804125592112541,dis,clean,0.0,0.5425644533582238,0.7824968099594116,0.34573142678758556,5,0.02485641700332053
0.02962600439786911,0.012531247921288013,0.08568677306175232,0.05107172951102257,shear_layer,0.19103041291236877,0.05804125592112541,tvl1,clean,0.0,0.5425644533582238,0.7512038350105286,0.4485504258479478,5,1.1816884169966215
0.02486541122198105,0.012223725207149982,0.06632272154092789,0.0434267483651638,shear_layer,0.19103041291236877,0.05804125592112541,demons,clean,0.0,0.5425644533582238,0.928409993648529,0.3471840977036052,5,0.24354999999923166
0.05370175093412399,0.022110745310783386,0.15730169415473938,0.09301362186670303,shear_layer,0.19103041291236877,0.05804125592112541,raft,clean,0.0,0.5425644533582238,0.1627327799797058,0.8234379633932858,5,0.1158380419947207
0.030960965901613235,0.018335048109292984,0.07236657291650772,0.04590252786874771,shear_layer,0.19103041291236877,0.05804125592112541,farneback,low,0.0,0.5425644533582238,0.8433637022972107,0.37882226088106913,5,0.02689629199448973
0.03490002825856209,0.014882266521453857,0.10054653882980347,0.05945446342229843,shear_layer,0.19103041291236877,0.05804125592112541,lucas_kanade,low,0.0,0.5425644533582238,0.7006051540374756,0.5263378605370397,5,0.0757808749913238
0.028259143233299255,0.014316265471279621,0.07398360222578049,0.0446176715195179,shear_layer,0.19103041291236877,0.05804125592112541,dis,low,0.0,0.5425644533582238,0.7655429244041443,0.3872870350739331,5,0.02509933299734257
0.050887495279312134,0.04015326127409935,0.08608948439359665,0.06311395764350891,shear_layer,0.19103041291236877,0.05804125592112541,tvl1,low,0.0,0.5425644533582238,0.7736017107963562,0.4506585264676594,5,1.1943017919984413
0.06393134593963623,0.05833945795893669,0.08226943761110306,0.08154589682817459,shear_layer,0.19103041291236877,0.05804125592112541,demons,low,0.0,0.5425644533582238,0.9213996529579163,0.43066146566328395,5,0.25087816700397525
0.0540216863155365,0.022398805245757103,0.15772616863250732,0.09325867891311646,shear_layer,0.19103041291236877,0.05804125592112541,raft,low,0.0,0.5425644533582238,0.1598038673400879,0.8256599890451,5,0.1185608750092797
0.05122552812099457,0.04167689010500908,0.08253943175077438,0.06308022886514664,shear_layer,0.19103041291236877,0.05804125592112541,farneback,medium,0.0,0.5425644533582238,0.8500480055809021,0.4320748224977016,5,0.027093124997918494
0.04541142284870148,0.027768831700086594,0.10326877236366272,0.06466124206781387,shear_layer,0.19103041291236877,0.05804125592112541,lucas_kanade,medium,0.0,0.5425644533582238,0.7039965391159058,0.5405881230599398,5,0.07771362499624956
0.0406625010073185,0.02643730118870735,0.08731280267238617,0.0558159202337265,shear_layer,0.19103041291236877,0.05804125592112541,dis,medium,0.0,0.5425644533582238,0.735578715801239,0.45706231453543,5,0.025222166994353756
0.06732438504695892,0.05908599868416786,0.09434143453836441,0.07906412333250046,shear_layer,0.19103041291236877,0.05804125592112541,tvl1,medium,0.0,0.5425644533582238,0.7808548212051392,0.4938555756650203,5,1.2528397910064086
0.11018911004066467,0.1075955480337143,0.1186944916844368,0.13359901309013367,shear_layer,0.19103041291236877,0.05804125592112541,demons,medium,7.62939453125e-06,0.5425644533582238,0.9356706738471985,0.6213381936146755,5,0.2438138750003418
0.055326417088508606,0.023660808801651,0.159171000123024,0.0945790484547615,shear_layer,0.19103041291236877,0.05804125592112541,raft,medium,0.0,0.5425644533582238,0.1465943306684494,0.833223347509804,5,0.11676858300052118
0.16306626796722412,0.16161538660526276,0.16782431304454803,0.18927942216396332,shear_layer,0.19103041291236877,0.05804125592112541,farneback,high,3.814697265625e-06,0.5425644533582238,0.8647807836532593,0.8785214379530968,5,0.026713416998973116
0.10827308893203735,0.09967367351055145,0.13647416234016418,0.12519992887973785,shear_layer,0.19103041291236877,0.05804125592112541,lucas_kanade,high,1.1444091796875e-05,0.5425644533582238,0.6954053044319153,0.7144106546153406,5,0.08427941700210795
0.11113763600587845,0.10445623099803925,0.13304872810840607,0.12769046425819397,shear_layer,0.19103041291236877,0.05804125592112541,dis,high,0.0,0.5425644533582238,0.6980710625648499,0.6964792991859333,5,0.023257292006746866
0.12282197922468185,0.11689236015081406,0.14226767420768738,0.13937433063983917,shear_layer,0.19103041291236877,0.05804125592112541,tvl1,high,0.0,0.5425644533582238,0.7128075361251831,0.7447383484060714,5,1.3179052079940448
0.2541496753692627,0.25665777921676636,0.24592460691928864,0.2962060272693634,shear_layer,0.19103041291236877,0.05804125592112541,demons,high,0.00154876708984375,0.5425644533582238,0.96463942527771,1.287358401052619,5,0.24833408399717882
0.060777511447668076,0.02924712933599949,0.16417863965034485,0.09780646115541458,shear_layer,0.19103041291236877,0.05804125592112541,raft,high,0.0,0.5425644533582238,0.11965961009263992,0.859437181479885,5,0.11601050000172108
0.02417323738336563,0.008658712729811668,0.08445429056882858,0.04847623407840729,shear_layer,0.5134782195091248,0.13710430264472961,farneback,clean,0.0,1.3932493816515807,0.9210028648376465,0.16447492290824964,6,0.028001625003525987
0.0362708680331707,0.01165955513715744,0.13189712166786194,0.0733179897069931,shear_layer,0.5134782195091248,0.13710430264472961,lucas_kanade,clean,0.0,1.3932493816515807,0.8401798009872437,0.2568699443453571,6,0.07645691599464044
0.024686414748430252,0.008146492764353752,0.08895163238048553,0.049654923379421234,shear_layer,0.5134782195091248,0.13710430264472961,dis,clean,0.0,1.3932493816515807,0.900295615196228,0.17323350631215007,6,0.022553041999344714
0.033755820244550705,0.017068134620785713,0.09859515726566315,0.057691823691129684,shear_layer,0.5134782195091248,0.13710430264472961,tvl1,clean,0.0,1.3932493816515807,0.9025046825408936,0.19201429295271416,6,1.1801234589947853
0.03190569952130318,0.0170130655169487,0.08977042138576508,0.05608602240681648,shear_layer,0.5134782195091248,0.13710430264472961,demons,clean,0.0,1.3932493816515807,0.9457035064697266,0.17482809976162936,6,0.24301320798986126
0.10117968916893005,0.035286225378513336,0.3572060167789459,0.19855238497257233,shear_layer,0.5134782195091248,0.13710430264472961,raft,clean,0.00289154052734375,1.3932493816515807,0.19549600780010223,0.695659529863658,6,0.11714466700505
0.03030158393085003,0.01624826341867447,0.08490519970655441,0.049932945519685745,shear_layer,0.5134782195091248,0.13710430264472961,farneback,low,0.0,1.3932493816515807,0.9197002649307251,0.16535306947921208,6,0.02740595799696166
0.039459019899368286,0.015629896894097328,0.13204613327980042,0.07367800176143646,shear_layer,0.5134782195091248,0.13710430264472961,lucas_kanade,low,0.0,1.3932493816515807,0.8388296961784363,0.25716014479841803,6,0.07617699999536853
0.029489412903785706,0.013747258111834526,0.09065490961074829,0.051307789981365204,shear_layer,0.5134782195091248,0.13710430264472961,dis,low,0.0,1.3932493816515807,0.8961643576622009,0.1765506425908632,6,0.023584040987771004
0.05022801458835602,0.037630658596754074,0.09917452931404114,0.06543286889791489,shear_layer,0.5134782195091248,0.13710430264472961,tvl1,low,0.0,1.3932493816515807,0.902320146560669,0.19314262133426044,6,1.2178508749930188
0.05411021038889885,0.04438228905200958,0.09190765768289566,0.07063861936330795,shear_layer,0.5134782195091248,0.13710430264472961,demons,low,0.0,1.3932493816515807,0.9451583623886108,0.17899037230976925,6,0.24727508300566114
0.10270832479000092,0.03572967275977135,0.3629511892795563,0.20166631042957306,shear_layer,0.5134782195091248,0.13710430264472961,raft,low,0.003204345703125,1.3932493816515807,0.1802097111940384,0.7068482663715134,6,0.11611100001027808
0.04583454877138138,0.034108128398656845,0.09139708429574966,0.06054437905550003,shear_layer,0.5134782195091248,0.13710430264472961,farneback,medium,0.0,1.3932493816515807,0.9186900854110718,0.17799602947740123,6,0.02629362499283161
0.0477052740752697,0.025403594598174095,0.13435755670070648,0.07681248337030411,shear_layer,0.5134782195091248,0.13710430264472961,lucas_kanade,medium,0.0,1.3932493816515807,0.8359206914901733,0.2616616471661636,6,0.07932570799312089
0.040164392441511154,0.024016883224248886,0.10290487855672836,0.060296107083559036,shear_layer,0.5134782195091248,0.13710430264472961,dis,medium,0.0,1.3932493816515807,0.8820122480392456,0.20040748496616553,6,0.024976249987958
0.07101073861122131,0.0616995133459568,0.10718917101621628,0.08454528450965881,shear_layer,0.5134782195091248,0.13710430264472961,tvl1,medium,0.0,1.3932493816515807,0.8943725824356079,0.20875115427230204,6,1.2623443750053411
0.08785106241703033,0.08245676755905151,0.10881037265062332,0.10447737574577332,shear_layer,0.5134782195091248,0.13710430264472961,demons,medium,0.0,1.3932493816515807,0.9425646066665649,0.21190844814146925,6,0.2425176250108052
0.10776796191930771,0.03574385866522789,0.3876146972179413,0.213224396109581,shear_layer,0.5134782195091248,0.13710430264472961,raft,medium,0.003795623779296875,1.3932493816515807,0.14798162877559662,0.7548805041594431,6,0.11916566600848455
0.13636204600334167,0.13241270184516907,0.1517070084810257,0.15646255016326904,shear_layer,0.5134782195091248,0.13710430264472961,farneback,high,0.0,1.3932493816515807,0.9112653732299805,0.29544974395614026,6,0.028954875000636093
0.09572946280241013,0.08128013461828232,0.15187175571918488,0.11496447026729584,shear_layer,0.5134782195091248,0.13710430264472961,lucas_kanade,high,0.0,1.3932493816515807,0.8293217420578003,0.29577058957704444,6,0.08183662498777267
0.09106607735157013,0.07787105441093445,0.14233478903770447,0.1086583286523819,shear_layer,0.5134782195091248,0.13710430264472961,dis,high,0.0,1.3932493816515807,0.8362908959388733,0.2771973252804642,6,0.024412792001385242
0.12443499267101288,0.11694550514221191,0.15353511273860931,0.1420392245054245,shear_layer,0.5134782195091248,0.13710430264472961,tvl1,high,0.0,1.3932493816515807,0.8374029397964478,0.2990099811543826,6,1.386505540998769
0.2035260945558548,0.20384368300437927,0.20229214429855347,0.23304718732833862,shear_layer,0.5134782195091248,0.13710430264472961,demons,high,4.57763671875e-05,1.3932493816515807,0.9512542486190796,0.39396441097723844,6,0.24174954199406784
0.11557921767234802,0.03870392590761185,0.41427507996559143,0.22633448243141174,shear_layer,0.5134782195091248,0.13710430264472961,raft,high,0.00499725341796875,1.3932493816515807,0.10507076978683472,0.8068016601787519,6,0.11963266700331587
0.022012032568454742,0.008200437761843204,0.1024213507771492,0.05010020360350609,shear_layer,1.0594465732574463,0.2051239013671875,farneback,clean,0.0,2.6290459640847588,0.9703987240791321,0.09667438959402887,7,0.027195709000807256
0.03216090798377991,0.010204080492258072,0.15999068319797516,0.07494135946035385,shear_layer,1.0594465732574463,0.2051239013671875,lucas_kanade,clean,0.0,2.6290459640847588,0.9258937239646912,0.15101345101910799,7,0.07604600000195205
0.02072904072701931,0.007112282328307629,0.10000403970479965,0.04781870171427727,shear_layer,1.0594465732574463,0.2051239013671875,dis,clean,0.0,2.6290459640847588,0.9642744660377502,0.09439271618701871,7,0.023599958993145265
0.02938883565366268,0.014273644424974918,0.11738752573728561,0.05866635590791702,shear_layer,1.0594465732574463,0.2051239013671875,tvl1,clean,0.0,2.6290459640847588,0.9523435831069946,0.11080079798300538,7,1.1943639160017483
0.029282554984092712,0.016836844384670258,0.10173983871936798,0.05710409954190254,shear_layer,1.0594465732574463,0.2051239013671875,demons,clean,0.0,2.6290459640847588,0.9872711300849915,0.09603111783782713,7,0.23896537499967963
0.11255796998739243,0.04505148530006409,0.5055719614028931,0.2713467478752136,shear_layer,1.0594465732574463,0.2051239013671875,raft,clean,0.015323638916015625,2.6290459640847588,0.2413235455751419,0.4772038290221915,7,0.1218895419879118
0.028820782899856567,0.016063213348388672,0.1030937135219574,0.0515027716755867,shear_layer,1.0594465732574463,0.2051239013671875,farneback,low,0.0,2.6290459640847588,0.9697818160057068,0.09730902541406923,7,0.02686116599943489
0.03592761605978012,0.014592629857361317,0.1601371318101883,0.0752958357334137,shear_layer,1.0594465732574463,0.2051239013671875,lucas_kanade,low,0.0,2.6290459640847588,0.9255980253219604,0.15115168225786016,7,0.0781238339986885
0.025997404009103775,0.012815766967833042,0.10273918509483337,0.04975498095154762,shear_layer,1.0594465732574463,0.2051239013671875,dis,low,0.0,2.6290459640847588,0.9622476100921631,0.09697438992033786,7,0.024665917007951066
0.04742293059825897,0.03555016964673996,0.11654458940029144,0.06560861319303513,shear_layer,1.0594465732574463,0.2051239013671875,tvl1,low,0.0,2.6290459640847588,0.9518907070159912,0.11000515962023034,7,1.2217593750101514
0.06281552463769913,0.05486433207988739,0.10910635441541672,0.08672375977039337,shear_layer,1.0594465732574463,0.2051239013671875,demons,low,0.0,2.6290459640847588,0.9843841195106506,0.1029842912039924,7,0.24519037498976104
0.11012229323387146,0.044647376984357834,0.4913088083267212,0.2619241774082184,shear_layer,1.0594465732574463,0.2051239013671875,raft,low,0.01398468017578125,2.6290459640847588,0.2849586606025696,0.46374099527842144,7,0.11803787499957252
0.04486219584941864,0.033921800553798676,0.10855574905872345,0.06154683232307434,shear_layer,1.0594465732574463,0.2051239013671875,farneback,medium,0.0,2.6290459640847588,0.9706103801727295,0.10246458084710264,7,0.028326125000603497
0.04501443728804588,0.02492954023182392,0.16194608807563782,0.0782567635178566,shear_layer,1.0594465732574463,0.2051239013671875,lucas_kanade,medium,0.0,2.6290459640847588,0.9264909625053406,0.15285913623535294,7,0.07789270899957046
0.036518946290016174,0.022790037095546722,0.116446852684021,0.058750949800014496,shear_layer,1.0594465732574463,0.2051239013671875,dis,medium,0.0,2.6290459640847588,0.956516444683075,0.10991290700576396,7,0.02577795900288038
0.06564544886350632,0.055570825934410095,0.12429860234260559,0.08170278370380402,shear_layer,1.0594465732574463,0.2051239013671875,tvl1,medium,0.0,2.6290459640847588,0.9461061358451843,0.11732408738689737,7,1.2456289169931551
0.09814374148845673,0.09288142621517181,0.1287802755832672,0.12366712838411331,shear_layer,1.0594465732574463,0.2051239013671875,demons,medium,4.57763671875e-05,2.6290459640847588,0.9823712110519409,0.12155428960170275,7,0.24538116599433124
0.10306137800216675,0.045492034405469894,0.43822264671325684,0.2294244021177292,shear_layer,1.0594465732574463,0.2051239013671875,raft,medium,0.010158538818359375,2.6290459640847588,0.48007315397262573,0.4136335496049298,7,0.11549933400237933
0.13522152602672577,0.13093237578868866,0.16019238531589508,0.15545547008514404,shear_layer,1.0594465732574463,0.2051239013671875,farneback,high,0.0,2.6290459640847588,0.9819609522819519,0.15120383543585092,7,0.025705000007292256
0.09635178744792938,0.08259767293930054,0.1764264553785324,0.1169239953160286,shear_layer,1.0594465732574463,0.2051239013671875,lucas_kanade,high,0.0,2.6290459640847588,0.9377246499061584,0.16652699610522093,7,0.08226874998945277
0.09309158474206924,0.08123244345188141,0.16213397681713104,0.11125067621469498,shear_layer,1.0594465732574463,0.2051239013671875,dis,high,0.0,2.6290459640847588,0.9500510692596436,0.1530364823575982,7,0.025493291002931073
0.12060350179672241,0.11214881390333176,0.16982558369636536,0.13913723826408386,shear_layer,1.0594465732574463,0.2051239013671875,tvl1,high,0.0,2.6290459640847588,0.922690212726593,0.16029650572582257,7,1.3473974999942584
0.21544894576072693,0.21424147486686707,0.22247880697250366,0.250507652759552,shear_layer,1.0594465732574463,0.2051239013671875,demons,high,0.00046539306640625,2.6290459640847588,1.0014833211898804,0.20999530565137914,7,0.24416250000649597
0.099167600274086,0.041200339794158936,0.4366455078125,0.21443432569503784,shear_layer,1.0594465732574463,0.2051239013671875,raft,high,0.006221771240234375,2.6290459640847588,0.6179232001304626,0.4121449054952909,7,0.11871616600546986
0.013662445358932018,0.005065700504928827,0.06917907297611237,0.03238430246710777,shear_layer,0.48655539751052856,0.08564084768295288,farneback,clean,0.0,1.1921888094477098,0.9484359622001648,0.14218128774250294,8,0.02679737500147894
0.018933897837996483,0.006155168637633324,0.10145721584558487,0.04560944065451622,shear_layer,0.48655539751052856,0.08564084768295288,lucas_kanade,clean,0.0,1.1921888094477098,0.89743572473526,0.20852140653395884,8,0.074179124989314
0.01359914056956768,0.004331275355070829,0.07344977557659149,0.03311781957745552,shear_layer,0.48655539751052856,0.08564084768295288,dis,clean,0.0,1.1921888094477098,0.9361839890480042,0.1509587108732097,8,0.021991790999891236
0.02002837136387825,0.009918677620589733,0.08531542122364044,0.04046616330742836,shear_layer,0.48655539751052856,0.08564084768295288,tvl1,clean,0.0,1.1921888094477098,0.924804151058197,0.17534575026843538,8,1.1947346669912804
0.020805269479751587,0.010819039307534695,0.08529501408338547,0.04372674226760864,shear_layer,0.48655539751052856,0.08564084768295288,demons,clean,0.0,1.1921888094477098,0.9634563326835632,0.17530380819902378,8,0.237098874989897
0.07452628761529922,0.028631823137402534,0.3709065914154053,0.16275466978549957,shear_layer,0.48655539751052856,0.08564084768295288,raft,clean,0.00193023681640625,1.1921888094477098,0.1095910295844078,0.7623111228714285,8,0.11912787500477862
0.021244270727038383,0.013705940917134285,0.06992579996585846,0.03463425114750862,shear_layer,0.48655539751052856,0.08564084768295288,farneback,low,0.0,1.1921888094477098,0.9475694894790649,0.14371600916079721,8,0.027131333001307212
0.023126717656850815,0.010975707322359085,0.10159631818532944,0.046168435364961624,shear_layer,0.48655539751052856,0.08564084768295288,lucas_kanade,low,0.0,1.1921888094477098,0.8962467312812805,0.20880729862447162,8,0.07746941701043397
0.019203580915927887,0.010529979132115841,0.07521655410528183,0.03485589101910591,shear_layer,0.48655539751052856,0.08564084768295288,dis,low,0.0,1.1921888094477098,0.9312085509300232,0.15458990793264032,8,0.02446887500991579
0.04051772132515907,0.03345463052392006,0.08613025397062302,0.051525551825761795,shear_layer,0.48655539751052856,0.08564084768295288,tvl1,low,0.0,1.1921888094477098,0.9275709986686707,0.17702044702681413,8,1.2268474169977708
0.055609866976737976,0.0501590371131897,0.09081059694290161,0.07619883865118027,shear_layer,0.48655539751052856,0.08564084768295288,demons,low,0.0,1.1921888094477098,0.9605608582496643,0.18663978944131754,8,0.2461497500044061
0.07429176568984985,0.02811603434383869,0.37248843908309937,0.16297034919261932,shear_layer,0.48655539751052856,0.08564084768295288,raft,low,0.00191497802734375,1.1921888094477098,0.11226455122232437,0.7655622381109011,8,0.1225415829976555
0.03770836815237999,0.03176141902804375,0.07611297070980072,0.04732519015669823,shear_layer,0.48655539751052856,0.08564084768295288,farneback,medium,0.0,1.1921888094477098,0.9563239812850952,0.15643228109118595,8,0.028780874999938533
0.03279290348291397,0.02188773639500141,0.10321700572967529,0.050233665853738785,shear_layer,0.48655539751052856,0.08564084768295288,lucas_kanade,medium,0.0,1.1921888094477098,0.9027742147445679,0.2121382400807542,8,0.0776150419987971
0.029221411794424057,0.020484518259763718,0.08564309775829315,0.04303642734885216,shear_layer,0.48655539751052856,0.08564084768295288,dis,medium,0.0,1.1921888094477098,0.929165244102478,0.17601921219348907,8,0.025342833003378473
0.0604272335767746,0.05544590204954147,0.09259603172540665,0.07111446559429169,shear_layer,0.48655539751052856,0.08564084768295288,tvl1,medium,0.0,1.1921888094477098,0.9297927618026733,0.19030933003554434,8,1.26510387500457
0.09328839182853699,0.09058122336864471,0.11077091842889786,0.11666093021631241,shear_layer,0.48655539751052856,0.08564084768295288,demons,medium,0.000133514404296875,1.1921888094477098,0.9688394665718079,0.22766352813196547,8,0.24880183399363887
0.07680568099021912,0.02869565412402153,0.3874938189983368,0.16877733170986176,shear_layer,0.48655539751052856,0.08564084768295288,raft,medium,0.002277374267578125,1.1921888094477098,0.08934187144041061,0.7964022616560364,8,0.11915574999875389
0.13179869949817657,0.13093502819538116,0.1373761147260666,0.15087896585464478,shear_layer,0.48655539751052856,0.08564084768295288,farneback,high,0.0,1.1921888094477098,0.9293215870857239,0.28234424164022126,8,0.027502750002895482
0.08737283945083618,0.08176425844430923,0.12359236180782318,0.10146389901638031,shear_layer,0.48655539751052856,0.08564084768295288,lucas_kanade,high,1.1444091796875e-05,1.1921888094477098,0.8793606758117676,0.25401498460439703,8,0.08616349998919759
0.08323460817337036,0.0779065191745758,0.11764266341924667,0.09548862278461456,shear_layer,0.48655539751052856,0.08564084768295288,dis,high,0.0,1.1921888094477098,0.8571088910102844,0.2417867811582565,8,0.02557399999932386
0.11569517105817795,0.1130303144454956,0.13290445506572723,0.1309172660112381,shear_layer,0.48655539751052856,0.08564084768295288,tvl1,high,0.0,1.1921888094477098,0.8649630546569824,0.2731537986131401,8,1.3699648749898188
0.20931461453437805,0.2101050615310669,0.20420999825000763,0.24413888156414032,shear_layer,0.48655539751052856,0.08564084768295288,demons,high,0.00070953369140625,1.1921888094477098,0.9097514152526855,0.41970554492839374,8,0.2440820000047097
0.08437255024909973,0.02918047085404396,0.4407956600189209,0.1874944567680359,shear_layer,0.48655539751052856,0.08564084768295288,raft,high,0.00318145751953125,1.1921888094477098,0.043527912348508835,0.9059516393698674,8,0.11738875000446569
0.0181416142731905,0.006040246691554785,0.08871899545192719,0.04302225634455681,shear_layer,0.23560984432697296,0.04578131437301636,farneback,clean,0.0,0.686751409524183,0.8305936455726624,0.37655046080674526,9,0.027143832994624972
0.023499058559536934,0.007082285825163126,0.11924467235803604,0.05611029639840126,shear_layer,0.23560984432697296,0.04578131437301636,lucas_kanade,clean,0.0,0.686751409524183,0.7285369038581848,0.5061107387030549,9,0.07157604199892376
0.017337430268526077,0.005150164477527142,0.08841579407453537,0.04201322793960571,shear_layer,0.23560984432697296,0.04578131437301636,dis,clean,0.0,0.686751409524183,0.77204430103302,0.3752635817365692,9,0.02351283299503848
0.02299436181783676,0.009788036346435547,0.10001605749130249,0.04818590357899666,shear_layer,0.23560984432697296,0.04578131437301636,tvl1,clean,0.0,0.686751409524183,0.790001630783081,0.4244986357722087,9,1.1872085000068182
0.019779479131102562,0.009034774266183376,0.08244455605745316,0.042561762034893036,shear_layer,0.23560984432697296,0.04578131437301636,demons,clean,0.0,0.686751409524183,0.8769449591636658,0.34991982738649424,9,0.23916016600560397
0.052897337824106216,0.027083152905106544,0.20345036685466766,0.0972747802734375,shear_layer,0.23560984432697296,0.04578131437301636,raft,clean,0.0,0.686751409524183,0.07093824446201324,0.8635053744712159,9,0.12322595799923874
0.02600894682109356,0.015109023079276085,0.089579276740551,0.04508170112967491,shear_layer,0.23560984432697296,0.04578131437301636,farneback,low,0.0,0.686751409524183,0.8297164440155029,0.38020175683421487,9,0.02669312499347143
0.02784036658704281,0.012122038751840591,0.11951252818107605,0.056665219366550446,shear_layer,0.23560984432697296,0.04578131437301636,lucas_kanade,low,0.0,0.686751409524183,0.7298616766929626,0.5072476004662173,9,0.0753924580058083
0.02347949519753456,0.011794532649219036,0.09162832051515579,0.04430666193366051,shear_layer,0.23560984432697296,0.04578131437301636,dis,low,0.0,0.686751409524183,0.7707861065864563,0.38889852322128143,9,0.02513829100644216
0.044791534543037415,0.03529087081551552,0.10020115226507187,0.058878686279058456,shear_layer,0.23560984432697296,0.04578131437301636,tvl1,low,0.0,0.686751409524183,0.7975776791572571,0.42528423441431173,9,1.2055303749948507
0.05350906029343605,0.046985264867544174,0.09155702590942383,0.07086604088544846,shear_layer,0.23560984432697296,0.04578131437301636,demons,low,0.0,0.686751409524183,0.8881015181541443,0.3885959271819028,9,0.24935591701068915
0.05295896530151367,0.027114419266581535,0.20368905365467072,0.09742462635040283,shear_layer,0.23560984432697296,0.04578131437301636,raft,low,0.0,0.686751409524183,0.06949123740196228,0.86451843400905,9,0.1252447500010021
0.0430784672498703,0.03411198779940605,0.09537265449762344,0.05674663186073303,shear_layer,0.23560984432697296,0.04578131437301636,farneback,medium,0.0,0.686751409524183,0.828241229057312,0.4047906180238711,9,0.028095874993596226
0.03756663575768471,0.02322256751358509,0.12122385948896408,0.060440387576818466,shear_layer,0.23560984432697296,0.04578131437301636,lucas_kanade,medium,0.0,0.686751409524183,0.72459477186203,0.5145110122000374,9,0.07752274999802466
0.03365100175142288,0.02184244804084301,0.102520652115345,0.05215044692158699,shear_layer,0.23560984432697296,0.04578131437301636,dis,medium,0.0,0.686751409524183,0.7423545718193054,0.4351288988293274,9,0.02434879199427087
0.06463508307933807,0.05735849216580391,0.10707347840070724,0.07730555534362793,shear_layer,0.23560984432697296,0.04578131437301636,tvl1,medium,0.0,0.686751409524183,0.7861743569374084,0.4544524814171753,9,1.2747570000065025
0.09233181178569794,0.08806813508272171,0.11719834059476852,0.1127435490489006,shear_layer,0.23560984432697296,0.04578131437301636,demons,medium,0.0,0.686751409524183,0.8852707743644714,0.497425482918803,9,0.25495025000418536
0.05268964171409607,0.026350099593400955,0.20630666613578796,0.09838903695344925,shear_layer,0.23560984432697296,0.04578131437301636,raft,medium,0.0,0.686751409524183,0.05935298278927803,0.8756283793026965,9,0.11932862499088515
0.13744986057281494,0.1338140219449997,0.1586546152830124,0.1582474410533905,shear_layer,0.23560984432697296,0.04578131437301636,farneback,high,0.0,0.686751409524183,0.8542722463607788,0.6733785497639726,9,0.026742499991087243
0.0915599912405014,0.08254215866327286,0.1441536247730255,0.10780518501996994,shear_layer,0.23560984432697296,0.04578131437301636,lucas_kanade,high,0.0,0.686751409524183,0.750889003276825,0.6118319257194238,9,0.08060116600245237
0.08858330547809601,0.08053247630596161,0.1355372667312622,0.10356831550598145,shear_layer,0.23560984432697296,0.04578131437301636,dis,high,0.0,0.686751409524183,0.7461997866630554,0.5752614756757246,9,0.02384104199882131
0.11979328095912933,0.11458063870668411,0.15019430220127106,0.13628382980823517,shear_layer,0.23560984432697296,0.04578131437301636,tvl1,high,0.0,0.686751409524183,0.7720032334327698,0.6374704020976113,9,1.3580132909992244
0.21518492698669434,0.21355240046977997,0.2247060388326645,0.2480359822511673,shear_layer,0.23560984432697296,0.04578131437301636,demons,high,0.000152587890625,0.686751409524183,0.9243893623352051,0.9537209256877379,9,0.24200862500583753
0.05137205123901367,0.022591760382056236,0.21922391653060913,0.102486252784729,shear_layer,0.23560984432697296,0.04578131437301636,raft,high,0.0,0.686751409524183,0.03792361542582512,0.9304531275288146,9,0.11921770899789408
0.006582851056009531,0.0030765277333557606,0.051545288413763046,0.025529706850647926,shear_layer,0.3777201473712921,0.03626846522092819,farneback,clean,0.0,1.498340951355504,0.8814857006072998,0.13646422827187704,10,0.02728229100466706
0.008836991153657436,0.0035916059277951717,0.07609984278678894,0.03728919103741646,shear_layer,0.3777201473712921,0.03626846522092819,lucas_kanade,clean,6.4849853515625e-05,1.498340951355504,0.7328588366508484,0.2014714950113163,10,0.07228975000907667
0.0053767547942698,0.0018473203526809812,0.050635553896427155,0.022063931450247765,shear_layer,0.3777201473712921,0.03626846522092819,dis,clean,0.0,1.498340951355504,0.866009533405304,0.1340557400732276,10,0.023790582999936305
0.009633809328079224,0.005248403176665306,0.06586892902851105,0.027303868904709816,shear_layer,0.3777201473712921,0.03626846522092819,tvl1,clean,0.0,1.498340951355504,0.8482085466384888,0.17438553248197025,10,1.1999970840115566
0.010743112303316593,0.005888764280825853,0.07299159467220306,0.03158526122570038,shear_layer,0.3777201473712921,0.03626846522092819,demons,clean,0.0,1.498340951355504,0.8989318609237671,0.19324252407551254,10,0.22893804201157764
0.03811049461364746,0.014901882968842983,0.3357202112674713,0.12627117335796356,shear_layer,0.3777201473712921,0.03626846522092819,raft,clean,0.00299835205078125,1.498340951355504,0.010480361990630627,0.8888067358966276,10,0.11866766698949505
0.016949882730841637,0.01410133857280016,0.0534774586558342,0.029039544984698296,shear_layer,0.3777201473712921,0.03626846522092819,farneback,low,0.0,1.498340951355504,0.8804975748062134,0.14157957691165152,10,0.027237083995714784
0.01484413631260395,0.01001867838203907,0.0767221599817276,0.03820990398526192,shear_layer,0.3777201473712921,0.03626846522092819,lucas_kanade,low,6.103515625e-05,1.498340951355504,0.7323468327522278,0.2031190565705014,10,0.07441449999168981
0.012928027659654617,0.009748172014951706,0.053704094141721725,0.024497076869010925,shear_layer,0.3777201473712921,0.03626846522092819,dis,low,0.0,1.498340951355504,0.8608006238937378,0.14217958590631272,10,0.02681720900000073
0.037953004240989685,0.03546140715479851,0.06990337371826172,0.04731176048517227,shear_layer,0.3777201473712921,0.03626846522092819,tvl1,low,0.0,1.498340951355504,0.848833441734314,0.18506657430043824,10,1.2171594999963418
0.04994092509150505,0.04757131636142731,0.08032700419425964,0.0656963661313057,shear_layer,0.3777201473712921,0.03626846522092819,demons,low,0.0,1.498340951355504,0.9005002975463867,0.21266274715100025,10,0.24615283400635235
0.03806646168231964,0.014607843942940235,0.3388820290565491,0.12661932408809662,shear_layer,0.3777201473712921,0.03626846522092819,raft,low,0.002994537353515625,1.498340951355504,0.009790634736418724,0.8971775305473291,10,0.11857325000164565
0.036447253078222275,0.034547917544841766,0.06080292537808418,0.04602600634098053,shear_layer,0.3777201473712921,0.03626846522092819,farneback,medium,0.0,1.498340951355504,0.8799237012863159,0.16097347679554938,10,0.027445499988971278
0.026409529149532318,0.022370288148522377,0.07820569723844528,0.043905213475227356,shear_layer,0.3777201473712921,0.03626846522092819,lucas_kanade,medium,8.0108642578125e-05,1.498340951355504,0.7343054413795471,0.20704666611699293,10,0.07852316700154915
0.023695044219493866,0.020678266882896423,0.062379900366067886,0.03373418375849724,shear_layer,0.3777201473712921,0.03626846522092819,dis,medium,0.0,1.498340951355504,0.8505884408950806,0.1651484592500425,10,0.027293291001114994
0.05963480845093727,0.05794405937194824,0.08131571114063263,0.07069237530231476,shear_layer,0.3777201473712921,0.03626846522092819,tvl1,medium,0.0,1.498340951355504,0.8332954049110413,0.2152803119096021,10,1.2673302500043064
0.09215237200260162,0.09129737317562103,0.1031162217259407,0.11224427819252014,shear_layer,0.3777201473712921,0.03626846522092819,demons,medium,2.288818359375e-05,1.498340951355504,0.9126688241958618,0.27299635045567033,10,0.24070308299269527
0.03766161948442459,0.01392719242721796,0.34201404452323914,0.12749946117401123,shear_layer,0.3777201473712921,0.03626846522092819,raft,medium,0.00304412841796875,1.498340951355504,0.00872033927589655,0.9054694246612307,10,0.12515975000860635
0.1369805932044983,0.13696801662445068,0.1371418833732605,0.15760084986686707,shear_layer,0.3777201473712921,0.03626846522092819,farneback,high,0.0,1.498340951355504,0.8903592824935913,0.3630780204013118,10,0.028687750003882684
0.08662261068820953,0.08505648374557495,0.10670541971921921,0.10182902961969376,shear_layer,0.3777201473712921,0.03626846522092819,lucas_kanade,high,0.000179290771484375,1.498340951355504,0.7289572358131409,0.2824986182543493,10,0.08041262500046287
0.08522693812847137,0.08440767228603363,0.09573258459568024,0.09811780601739883,shear_layer,0.3777201473712921,0.03626846522092819,dis,high,0.0,1.498340951355504,0.8097952008247375,0.25344844658650634,10,0.02427158299542498
0.1163725033402443,0.115544892847538,0.12698505818843842,0.13352158665657043,shear_layer,0.3777201473712921,0.03626846522092819,tvl1,high,0.00022125244140625,1.498340951355504,0.7100895047187805,0.33618820460645005,10,1.3616310420038644
0.21688970923423767,0.21779507398605347,0.20527999103069305,0.24989557266235352,shear_layer,0.3777201473712921,0.03626846522092819,demons,high,0.000240325927734375,1.498340951355504,0.9096213579177856,0.5434711186557558,10,0.2425997909886064
0.04488113522529602,0.021699847653508186,0.34214046597480774,0.12709751725196838,shear_layer,0.3777201473712921,0.03626846522092819,raft,high,0.00296783447265625,1.498340951355504,0.011791358701884747,0.9058041207383355,10,0.11872445800690912
0.024230986833572388,0.007991420105099678,0.12224544584751129,0.05717335268855095,shear_layer,0.41539570689201355,0.07846379280090332,farneback,clean,0.0,1.3101214295804973,0.9119569659233093,0.29428673387635723,11,0.02610783300769981
0.028345443308353424,0.008743220008909702,0.14665532112121582,0.06732933968305588,shear_layer,0.41539570689201355,0.07846379280090332,lucas_kanade,clean,0.0,1.3101214295804973,0.8401037454605103,0.3530496793490945,11,0.07345775001158472
0.02231377735733986,0.006684408988803625,0.11664535850286484,0.05367910489439964,shear_layer,0.41539570689201355,0.07846379280090332,dis,clean,0.0,1.3101214295804973,0.9009893536567688,0.2808054020962427,11,0.023096999997505918
0.027611665427684784,0.011714565567672253,0.12355916202068329,0.05832063779234886,shear_layer,0.41539570689201355,0.07846379280090332,tvl1,clean,0.0,1.3101214295804973,0.897498607635498,0.2974492994767608,11,1.206174833001569
0.026750363409519196,0.012184178456664085,0.11466505378484726,0.056457050144672394,shear_layer,0.41539570689201355,0.07846379280090332,demons,clean,0.0,1.3101214295804973,0.9452368021011353,0.2760381291438229,11,0.23907779199362267
0.077683225274086,0.031399648636579514,0.35702934861183167,0.1713288426399231,shear_layer,0.41539570689201355,0.07846379280090332,raft,clean,0.004276275634765625,1.3101214295804973,0.03051687963306904,0.8594921485422217,11,0.12628495899843983
0.0334242507815361,0.018605390563607216,0.12286396324634552,0.05921158194541931,shear_layer,0.41539570689201355,0.07846379280090332,farneback,low,0.0,1.3101214295804973,0.9122812151908875,0.29577571748541276,11,0.026924791003693826
0.03342421352863312,0.014650790952146053,0.14673182368278503,0.067867211997509,shear_layer,0.41539570689201355,0.07846379280090332,lucas_kanade,low,0.0,1.3101214295804973,0.8411124348640442,0.3532338472648912,11,0.07456825001281686
0.029108062386512756,0.014147044159471989,0.11940579861402512,0.0558830164372921,shear_layer,0.41539570689201355,0.07846379280090332,dis,low,0.0,1.3101214295804973,0.896640956401825,0.28745072862552695,11,0.023633584001800045
0.053337208926677704,0.04148783162236214,0.12485451251268387,0.07091134041547775,shear_layer,0.41539570689201355,0.07846379280090332,tvl1,low,0.0,1.3101214295804973,0.8986445069313049,0.3005676525808224,11,1.208204000009573
0.06282928586006165,0.05336363986134529,0.1199595257639885,0.08190279453992844,shear_layer,0.41539570689201355,0.07846379280090332,demons,low,0.0,1.3101214295804973,0.9445226192474365,0.28878373987426215,11,0.24510495801223442
0.07690338045358658,0.030311619862914085,0.35810956358909607,0.17150162160396576,shear_layer,0.41539570689201355,0.07846379280090332,raft,low,0.004253387451171875,1.3101214295804973,0.031068917363882065,0.8620925966434949,11,0.12280229100724682
0.05302039533853531,0.04041723161935806,0.12908722460269928,0.07197655737400055,shear_layer,0.41539570689201355,0.07846379280090332,farneback,medium,0.0,1.3101214295804973,0.9029030203819275,0.31075724293957824,11,0.02677783399121836
0.0443342849612236,0.02699318341910839,0.14899712800979614,0.0720735713839531,shear_layer,0.41539570689201355,0.07846379280090332,lucas_kanade,medium,0.0,1.3101214295804973,0.8320146799087524,0.3586872120672386,11,0.07674483399023302
0.04007174074649811,0.0253875944763422,0.1286984235048294,0.06341592967510223,shear_layer,0.41539570689201355,0.07846379280090332,dis,medium,0.0,1.3101214295804973,0.8743842244148254,0.3098212652888247,11,0.026344749989220873
0.07352942228317261,0.0635448545217514,0.13379161059856415,0.08931349962949753,shear_layer,0.41539570689201355,0.07846379280090332,tvl1,medium,0.0,1.3101214295804973,0.8747109770774841,0.32208231423379796,11,1.260385291010607
0.10534565150737762,0.09884637594223022,0.14457224309444427,0.12677116692066193,shear_layer,0.41539570689201355,0.07846379280090332,demons,medium,0.0,1.3101214295804973,0.9260743856430054,0.34803499577819985,11,0.24829141699592583
0.0792699009180069,0.0319487489759922,0.3648782968521118,0.17410022020339966,shear_layer,0.41539570689201355,0.07846379280090332,raft,medium,0.004375457763671875,1.3101214295804973,0.026162371039390564,0.8783872601431717,11,0.12562937499023974
0.15674348175525665,0.15158192813396454,0.1878962516784668,0.1817016452550888,shear_layer,0.41539570689201355,0.07846379280090332,farneback,high,0.0,1.3101214295804973,0.9107877016067505,0.4523307500799771,11,0.025712874994496815
0.1039549708366394,0.09307841956615448,0.16960075497627258,0.12308212369680405,shear_layer,0.41539570689201355,0.07846379280090332,lucas_kanade,high,0.0,1.3101214295804973,0.8449382781982422,0.4082872118376564,11,0.0855469579983037
0.10483785718679428,0.09571246802806854,0.15991444885730743,0.12323695421218872,shear_layer,0.41539570689201355,0.07846379280090332,dis,high,0.0,1.3101214295804973,0.8547376990318298,0.38496894937549,11,0.02456141699803993
0.1263226866722107,0.11869879066944122,0.17233698070049286,0.1446877121925354,shear_layer,0.41539570689201355,0.07846379280090332,tvl1,high,0.0,1.3101214295804973,0.8322239518165588,0.4148742460289645,11,1.3442599999980303
0.23862668871879578,0.23578517138957977,0.2557767629623413,0.2763260304927826,shear_layer,0.41539570689201355,0.07846379280090332,demons,high,0.000370025634765625,1.3101214295804973,0.957443118095398,0.6157424323810673,11,0.2471235420089215
0.0803179144859314,0.030658671632409096,0.38003799319267273,0.17873646318912506,shear_layer,0.41539570689201355,0.07846379280090332,raft,high,0.004512786865234375,1.3101214295804973,0.01730755716562271,0.9148818509370574,11,0.11950108299788553
0.006695018149912357,0.003253357717767358,0.02762359380722046,0.014617030508816242,shear_layer,0.28689858317375183,0.05308555066585541,farneback,clean,0.0,0.7312244540434348,0.9760450124740601,0.09628347934535121,12,0.0268252089881571
0.007966062054038048,0.0031366643961519003,0.0373334065079689,0.0176251158118248,shear_layer,0.28689858317375183,0.05308555066585541,lucas_kanade,clean,0.0,0.7312244540434348,0.9436699748039246,0.13012753878034666,12,0.07192074999329634
0.0061602238565683365,0.0022821826860308647,0.029742415994405746,0.013824505731463432,shear_layer,0.28689858317375183,0.05308555066585541,dis,clean,0.0,0.7312244540434348,0.9354748725891113,0.10366874477171298,12,0.02516275001107715
0.015293031930923462,0.008503294549882412,0.056581128388643265,0.02819734811782837,shear_layer,0.28689858317375183,0.05308555066585541,tvl1,clean,0.0,0.7312244540434348,0.96292644739151,0.1972164789478118,12,1.1965807499946095
0.016809670254588127,0.008853960782289505,0.0651879757642746,0.0343487486243248,shear_layer,0.28689858317375183,0.05308555066585541,demons,clean,0.0,0.7312244540434348,0.9716684818267822,0.22721609512025853,12,0.24322266700619366
0.04244120419025421,0.019433995708823204,0.18234696984291077,0.08750027418136597,shear_layer,0.28689858317375183,0.05308555066585541,raft,clean,0.0,0.7312244540434348,0.15052324533462524,0.6355798896799626,12,0.1185827919980511
0.014723788015544415,0.012345616705715656,0.02918533980846405,0.019074976444244385,shear_layer,0.28689858317375183,0.05308555066585541,farneback,low,0.0,0.7312244540434348,0.9757815003395081,0.10172702662246608,12,0.027243500007898547
0.012336540967226028,0.00813999306410551,0.03785555437207222,0.01901884190738201,shear_layer,0.28689858317375183,0.05308555066585541,lucas_kanade,low,0.0,0.7312244540434348,0.9434593915939331,0.13194751243907712,12,0.0757929580140626
0.011841852217912674,0.00862142350524664,0.031425125896930695,0.016612818464636803,shear_layer,0.28689858317375183,0.05308555066585541,dis,low,0.0,0.7312244540434348,0.9326543807983398,0.10953391804622115,12,0.021606082998914644
0.037255123257637024,0.03356470912694931,0.05969635024666786,0.044439446181058884,shear_layer,0.28689858317375183,0.05308555066585541,tvl1,low,0.0,0.7312244540434348,0.9624485373497009,0.2080747474814628,12,1.1764888750039972
0.046515222638845444,0.04276617243885994,0.06931301206350327,0.059819940477609634,shear_layer,0.28689858317375183,0.05308555066585541,demons,low,0.0,0.7312244540434348,0.9731062650680542,0.2415941246441285,12,0.2485621660016477
0.042424872517585754,0.019144030287861824,0.1839946210384369,0.08819257467985153,shear_layer,0.28689858317375183,0.05308555066585541,raft,low,0.0,0.7312244540434348,0.14969927072525024,0.641322863999666,12,0.11875866699847393
0.033369280397892,0.03219804912805557,0.0404914990067482,0.03869151324033737,shear_layer,0.28689858317375183,0.05308555066585541,farneback,medium,0.0,0.7312244540434348,0.9769869446754456,0.14113523517202486,12,0.026962874995660968
0.0230249110609293,0.02009539119899273,0.04083919897675514,0.027539918199181557,shear_layer,0.28689858317375183,0.05308555066585541,lucas_kanade,medium,0.0,0.7312244540434348,0.9422826170921326,0.1423471615822587,12,0.07644241699017584
0.021929174661636353,0.01928674429655075,0.03799767419695854,0.02613670378923416,shear_layer,0.28689858317375183,0.05308555066585541,dis,medium,0.0,0.7312244540434348,0.9308515191078186,0.13244287851343745,12,0.025585458002751693
0.06004469096660614,0.05864795297384262,0.06853819638490677,0.06913469731807709,shear_layer,0.28689858317375183,0.05308555066585541,tvl1,medium,0.0,0.7312244540434348,0.962573766708374,0.2388934641179409,12,1.251489832997322
0.08437781035900116,0.08324070274829865,0.09129250049591064,0.10094776749610901,shear_layer,0.28689858317375183,0.05308555066585541,demons,medium,0.0,0.7312244540434348,0.9686313271522522,0.31820477984243645,12,0.2450000000098953
0.042984556406736374,0.01806257851421833,0.19453395903110504,0.09291738271713257,shear_layer,0.28689858317375183,0.05308555066585541,raft,medium,0.0,0.7312244540434348,0.11237099021673203,0.6780582771762633,12,0.1193385410006158
0.12864109873771667,0.13003426790237427,0.12016937881708145,0.14794960618019104,shear_layer,0.28689858317375183,0.05308555066585541,farneback,high,0.0,0.7312244540434348,0.9923204183578491,0.4188566478360904,12,0.027132542003528215
0.07813805341720581,0.07858549803495407,0.07541715353727341,0.08889416605234146,shear_layer,0.28689858317375183,0.05308555066585541,lucas_kanade,high,0.0,0.7312244540434348,0.9522835612297058,0.2628704286476005,12,0.08122670800366905
0.07467198371887207,0.07554765790700912,0.06934700161218643,0.08446797728538513,shear_layer,0.28689858317375183,0.05308555066585541,dis,high,0.0,0.7312244540434348,0.90984708070755,0.24171259699176842,12,0.02417104199412279
0.1135699599981308,0.11419953405857086,0.10974161326885223,0.12832555174827576,shear_layer,0.28689858317375183,0.05308555066585541,tvl1,high,0.0,0.7312244540434348,0.9443341493606567,0.3825101262434273,12,1.4024462919915095
0.20274053514003754,0.2048482447862625,0.1899237185716629,0.23213736712932587,shear_layer,0.28689858317375183,0.05308555066585541,demons,high,7.62939453125e-05,0.7312244540434348,1.0112664699554443,0.6619890432036086,12,0.24714404200494755
0.05515789985656738,0.0292722899466753,0.21256712079048157,0.09984707832336426,shear_layer,0.28689858317375183,0.05308555066585541,raft,high,0.0,0.7312244540434348,0.1302788406610489,0.7409138045890817,12,0.11751245899358764
0.025137480348348618,0.007808614056557417,0.18183015286922455,0.07094919681549072,shear_layer,0.372203528881073,0.04908907413482666,farneback,clean,0.0,1.110988151880629,0.8090527057647705,0.4885234522516394,13,0.026962874995660968
0.03233528509736061,0.009466525167226791,0.23912130296230316,0.09147430211305618,shear_layer,0.372203528881073,0.04908907413482666,lucas_kanade,clean,0.0,1.110988151880629,0.653581976890564,0.6424477051068141,13,0.0724986249988433
0.023753978312015533,0.00677522225305438,0.17728084325790405,0.0682537630200386,shear_layer,0.372203528881073,0.04908907413482666,dis,clean,0.0,1.110988151880629,0.7528415322303772,0.47630081259801565,13,0.023176583999884315
0.027952905744314194,0.011737912893295288,0.1745736002922058,0.06879222393035889,shear_layer,0.372203528881073,0.04908907413482666,tvl1,clean,0.0,1.110988151880629,0.7758685350418091,0.4690272572563003,13,1.195685250000679
0.0220441073179245,0.009020557627081871,0.139806866645813,0.05740408971905708,shear_layer,0.372203528881073,0.04908907413482666,demons,clean,0.0,1.110988151880629,0.8565471768379211,0.3756194012079995,13,0.24001958301232662
0.05318998545408249,0.020665382966399193,0.3472869396209717,0.13503897190093994,shear_layer,0.372203528881073,0.04908907413482666,raft,clean,0.0014801025390625,1.110988151880629,0.044775739312171936,0.933056547488934,13,0.11612612500903197
0.03338853642344475,0.016910066828131676,0.1823916733264923,0.07212735712528229,shear_layer,0.372203528881073,0.04908907413482666,farneback,low,0.0,1.110988151880629,0.8104285597801208,0.49003209043934226,13,0.026684416996431537
0.03692588582634926,0.014534424990415573,0.23939605057239532,0.09182214736938477,shear_layer,0.372203528881073,0.04908907413482666,lucas_kanade,low,0.0,1.110988151880629,0.6532188057899475,0.6431858700858462,13,0.07675170899892692
0.030029859393835068,0.013477206230163574,0.17970378696918488,0.06975103914737701,shear_layer,0.372203528881073,0.04908907413482666,dis,low,0.0,1.110988151880629,0.7469793558120728,0.4828105405379004,13,0.026618125004461035
0.05085843801498413,0.037196241319179535,0.17439605295658112,0.07689840346574783,shear_layer,0.372203528881073,0.04908907413482666,tvl1,low,0.0,1.110988151880629,0.7756549119949341,0.4685502404581027,13,1.223383250006009
0.05381815508008003,0.04394618794322014,0.1430833637714386,0.07581302523612976,shear_layer,0.372203528881073,0.04908907413482666,demons,low,0.0,1.110988151880629,0.8556361198425293,0.3844223728925386,13,0.24737495800945908
0.05305541306734085,0.02042442187666893,0.34811437129974365,0.13529694080352783,shear_layer,0.372203528881073,0.04908907413482666,raft,low,0.001499176025390625,1.110988151880629,0.04301851615309715,0.9352796099119567,13,0.1270052920008311
0.05054719001054764,0.03544658049941063,0.18709136545658112,0.08050133287906647,shear_layer,0.372203528881073,0.04908907413482666,farneback,medium,0.0,1.110988151880629,0.8089557886123657,0.5026587631208644,13,0.02794841700233519
0.046919722110033035,0.02549126371741295,0.24068213999271393,0.09427538514137268,shear_layer,0.372203528881073,0.04908907413482666,lucas_kanade,medium,0.0,1.110988151880629,0.656577467918396,0.6466412092229706,13,0.07779508300882298
0.04015139490365982,0.0233597531914711,0.1919863522052765,0.07646606862545013,shear_layer,0.372203528881073,0.04908907413482666,dis,medium,0.0,1.110988151880629,0.7271339297294617,0.5158101342629136,13,0.02584254198882263
0.07421737164258957,0.06207514554262161,0.18401090800762177,0.09593334048986435,shear_layer,0.372203528881073,0.04908907413482666,tvl1,medium,0.0,1.110988151880629,0.7586392760276794,0.49438249164590053,13,1.2614432919945102
0.0924300029873848,0.08487563580274582,0.16073885560035706,0.1137174665927887,shear_layer,0.372203528881073,0.04908907413482666,demons,medium,7.62939453125e-06,1.110988151880629,0.8444194197654724,0.4318574197390712,13,0.2498757499997737
0.05219576135277748,0.018744518980383873,0.3546716868877411,0.13736288249492645,shear_layer,0.372203528881073,0.04908907413482666,raft,medium,0.0015716552734375,1.110988151880629,0.03337065130472183,0.9528971634255147,13,0.12394112501351628
0.1439695954322815,0.13466013967990875,0.22814837098121643,0.16821810603141785,shear_layer,0.372203528881073,0.04908907413482666,farneback,high,0.0,1.110988151880629,0.8007968068122864,0.61296670578885,13,0.026819000006071292
0.10136556625366211,0.08460839837789536,0.2528887689113617,0.13004986941814423,shear_layer,0.372203528881073,0.04908907413482666,lucas_kanade,high,7.62939453125e-06,1.110988151880629,0.6506847143173218,0.6794367846849864,13,0.08665925000968855
0.09527938067913055,0.08090579509735107,0.2252495437860489,0.1198011264204979,shear_layer,0.372203528881073,0.04908907413482666,dis,high,0.0,1.110988151880629,0.6589007377624512,0.6051784206968681,13,0.025508082995656878
0.1296451836824417,0.11867620050907135,0.22882989048957825,0.15179398655891418,shear_layer,0.372203528881073,0.04908907413482666,tvl1,high,0.0,1.110988151880629,0.6751576066017151,0.6147977456782638,13,1.3830567089898977
0.21136727929115295,0.20713849365711212,0.24960526823997498,0.242871955037117,shear_layer,0.372203528881073,0.04908907413482666,demons,high,8.0108642578125e-05,1.110988151880629,0.8262272477149963,0.6706149965593937,13,0.24307620800391305
0.05934840440750122,0.026614408940076828,0.3553387522697449,0.13830021023750305,shear_layer,0.372203528881073,0.04908907413482666,raft,high,0.00156402587890625,1.110988151880629,0.03348802775144577,0.9546893693833924,13,0.11634058300114702
0.029832113534212112,0.009100839495658875,0.2434711903333664,0.09020499140024185,shear_layer,0.9569672346115112,0.11178851127624512,farneback,clean,0.0001373291015625,2.1309390451547725,0.8845040202140808,0.25441956790945464,14,0.026229416995192878
0.04099460318684578,0.011842673644423485,0.341409832239151,0.12361995875835419,shear_layer,0.9569672346115112,0.11178851127624512,lucas_kanade,clean,0.000606536865234375,2.1309390451547725,0.774756669998169,0.3567623006212424,14,0.07493104199238587
0.027908049523830414,0.008110364899039268,0.2319263070821762,0.08529309183359146,shear_layer,0.9569672346115112,0.11178851127624512,dis,clean,4.57763671875e-05,2.1309390451547725,0.8519702553749084,0.2423555360036215,14,0.024738708001677878
0.031978219747543335,0.013483957387506962,0.22256454825401306,0.08391634374856949,shear_layer,0.9569672346115112,0.11178851127624512,tvl1,clean,5.7220458984375e-05,2.1309390451547725,0.8616671562194824,0.23257279894683644,14,1.2015162500028964
0.026784460991621017,0.011766036041080952,0.18155167996883392,0.07098805904388428,shear_layer,0.9569672346115112,0.11178851127624512,demons,clean,1.52587890625e-05,2.1309390451547725,0.8990116119384766,0.1897156698813584,14,0.2404650000098627
0.11465957760810852,0.036991626024246216,0.9150398969650269,0.3159445524215698,shear_layer,0.9569672346115112,0.11178851127624512,raft,clean,0.034130096435546875,2.1309390451547725,0.012486139312386513,0.9561872798461014,14,0.12531108400435187
0.03867745399475098,0.018805865198373795,0.2434573471546173,0.09106218814849854,shear_layer,0.9569672346115112,0.11178851127624512,farneback,low,0.00012969970703125,2.1309390451547725,0.8850763440132141,0.2544051022326285,14,0.027446082996902987
0.045887090265750885,0.01722768135368824,0.3412267863750458,0.12374337017536163,shear_layer,0.9569672346115112,0.11178851127624512,lucas_kanade,low,0.0005950927734375,2.1309390451547725,0.7751948237419128,0.3565710235769667,14,0.07676450000144541
0.03443223983049393,0.01507267914712429,0.23393553495407104,0.08646391332149506,shear_layer,0.9569672346115112,0.11178851127624512,dis,low,5.340576171875e-05,2.1309390451547725,0.8508867025375366,0.24445511454636074,14,0.024224249995313585
0.05688821151852608,0.04078386351466179,0.22284601628780365,0.09187803417444229,shear_layer,0.9569672346115112,0.11178851127624512,tvl1,low,4.9591064453125e-05,2.1309390451547725,0.8607524633407593,0.2328669239948114,14,1.2214677080046386
0.05784433335065842,0.04565955698490143,0.1834103763103485,0.08586876094341278,shear_layer,0.9569672346115112,0.11178851127624512,demons,low,1.52587890625e-05,2.1309390451547725,0.9006341695785522,0.19165794781344367,14,0.250365583007806
0.11457385122776031,0.03666088357567787,0.9174792766571045,0.3166128098964691,shear_layer,0.9569672346115112,0.11178851127624512,raft,low,0.034297943115234375,2.1309390451547725,0.011898135766386986,0.9587363532143949,14,0.11648524999327492
0.05734593793749809,0.03880487009882927,0.24841457605361938,0.09899603575468063,shear_layer,0.9569672346115112,0.11178851127624512,farneback,medium,0.00014495849609375,2.1309390451547725,0.883737325668335,0.2595852470899543,14,0.026867958004004322
0.05655083805322647,0.028727518394589424,0.3432745337486267,0.12613622844219208,shear_layer,0.9569672346115112,0.11178851127624512,lucas_kanade,medium,0.000583648681640625,2.1309390451547725,0.7748460173606873,0.3587108537608206,14,0.07949299999745563
0.04558777064085007,0.02570389024913311,0.2504943013191223,0.09424567967653275,shear_layer,0.9569672346115112,0.11178851127624512,dis,medium,7.2479248046875e-05,2.1309390451547725,0.8372676968574524,0.2617584931429889,14,0.02446800000325311
0.0818721204996109,0.06638522446155548,0.24146701395511627,0.11235996335744858,shear_layer,0.9569672346115112,0.11178851127624512,tvl1,medium,4.9591064453125e-05,2.1309390451547725,0.839992105960846,0.252325268015202,14,1.2849934580008266
0.09829609841108322,0.08803438395261765,0.2040446698665619,0.12367085367441177,shear_layer,0.9569672346115112,0.11178851127624512,demons,medium,0.000110626220703125,2.1309390451547725,0.8914946913719177,0.21322012132358484,14,0.24800920799316373
0.11493882536888123,0.03652353957295418,0.9230207800865173,0.31803375482559204,shear_layer,0.9569672346115112,0.11178851127624512,raft,medium,0.0346221923828125,2.1309390451547725,0.010679664090275764,0.9645270461754369,14,0.11893750001036096
0.15242478251457214,0.1398712694644928,0.2817905843257904,0.18196867406368256,shear_layer,0.9569672346115112,0.11178851127624512,farneback,high,0.000194549560546875,2.1309390451547725,0.869054913520813,0.2944621029163926,14,0.026891499990597367
0.11194315552711487,0.08856476843357086,0.3528611660003662,0.1562255620956421,shear_layer,0.9569672346115112,0.11178851127624512,lucas_kanade,high,0.00067901611328125,2.1309390451547725,0.7653830051422119,0.36872857631704925,14,0.0855815840041032
0.10447139292955399,0.08575940132141113,0.2973014712333679,0.1388627141714096,shear_layer,0.9569672346115112,0.11178851127624512,dis,high,0.0001678466796875,2.1309390451547725,0.7966717481613159,0.3106704811623565,14,0.02524012500362005
0.13583385944366455,0.11968127638101578,0.30228880047798157,0.16650567948818207,shear_layer,0.9569672346115112,0.11178851127624512,tvl1,high,0.0003509521484375,2.1309390451547725,0.7635133862495422,0.3158820799133193,14,1.3785298750008224
0.21708285808563232,0.2098405808210373,0.2917158603668213,0.25102391839027405,shear_layer,0.9569672346115112,0.11178851127624512,demons,high,0.00041961669921875,2.1309390451547725,0.865351676940918,0.30483369734727206,14,0.2418688750040019
0.11944199353456497,0.04158507660031319,0.9217697381973267,0.3183194100856781,shear_layer,0.9569672346115112,0.11178851127624512,raft,high,0.034633636474609375,2.1309390451547725,0.008511814288794994,0.9632197476139575,14,0.11685487499926239
0.006938018836081028,0.003366701304912567,0.03731772303581238,0.01837494969367981,shear_layer,0.45812395215034485,0.06359893828630447,farneback,clean,0.0,1.1894617414979842,0.9783810973167419,0.08145769908045679,15,0.02774920899537392
0.00793641060590744,0.0031689999159425497,0.04849078133702278,0.020984428003430367,shear_layer,0.45812395215034485,0.06359893828630447,lucas_kanade,clean,0.0,1.1894617414979842,0.9403960704803467,0.10584642236978982,15,0.0710835829959251
0.005719740409404039,0.002228107303380966,0.035421594977378845,0.014662724919617176,shear_layer,0.45812395215034485,0.06359893828630447,dis,clean,0.0,1.1894617414979842,0.9675832390785217,0.07731880162806759,15,0.02337487498880364
0.010518834926187992,0.005584085825830698,0.05249667912721634,0.02265862748026848,shear_layer,0.45812395215034485,0.06359893828630447,tvl1,clean,0.0,1.1894617414979842,0.9400651454925537,0.11459055760085698,15,1.193788249991485
0.014912856742739677,0.008425968699157238,0.07009409368038177,0.03337337076663971,shear_layer,0.45812395215034485,0.06359893828630447,demons,clean,0.0,1.1894617414979842,0.9897661209106445,0.1530024644015527,15,0.24127399999997579
0.034073926508426666,0.0167305376380682,0.18160690367221832,0.08711238205432892,shear_layer,0.45812395215034485,0.06359893828630447,raft,clean,0.000579833984375,1.1894617414979842,0.4250798225402832,0.39641433900102974,15,0.11666741699445993
0.017558522522449493,0.014952817000448704,0.03972418233752251,0.02378801256418228,shear_layer,0.45812395215034485,0.06359893828630447,farneback,low,0.0,1.1894617414979842,0.9776124954223633,0.08671055540987305,15,0.02645816699077841
0.0141124427318573,0.01000196859240532,0.049078524112701416,0.02294190227985382,shear_layer,0.45812395215034485,0.06359893828630447,lucas_kanade,low,0.0,1.1894617414979842,0.9392513632774353,0.1071293563288633,15,0.07517966600426007
0.013219612650573254,0.010280448943376541,0.038221850991249084,0.018630657345056534,shear_layer,0.45812395215034485,0.06359893828630447,dis,low,0.0,1.1894617414979842,0.9585326313972473,0.08343124346990184,15,0.024392207997152582
0.0380210243165493,0.035810478031635284,0.056825194507837296,0.0449037067592144,shear_layer,0.45812395215034485,0.06359893828630447,tvl1,low,0.0,1.1894617414979842,0.9388048052787781,0.12403890746404084,15,1.2134419999929378
0.05884571745991707,0.056343697011470795,0.08012935519218445,0.07686741650104523,shear_layer,0.45812395215034485,0.06359893828630447,demons,low,0.0,1.1894617414979842,0.9838560223579407,0.17490758738125964,15,0.24922187499760184
0.033824630081653595,0.016243278980255127,0.1833818107843399,0.08854904770851135,shear_layer,0.45812395215034485,0.06359893828630447,raft,low,0.000751495361328125,1.1894617414979842,0.4157937467098236,0.40028863350973315,15,0.11997120799787808
0.03911285102367401,0.03759894520044327,0.051991041749715805,0.04618532955646515,shear_layer,0.45812395215034485,0.06359893828630447,farneback,medium,0.0,1.1894617414979842,0.9846057891845703,0.11348684456614842,15,0.027618166990578175
0.02663148194551468,0.02354302443563938,0.0529036782681942,0.032923415303230286,shear_layer,0.45812395215034485,0.06359893828630447,lucas_kanade,medium,0.0,1.1894617414979842,0.9494625329971313,0.11547896157770099,15,0.0773784580087522
0.024790773168206215,0.022091280668973923,0.04775422438979149,0.030266927555203438,shear_layer,0.45812395215034485,0.06359893828630447,dis,medium,0.0,1.1894617414979842,0.9493405222892761,0.10423865455111533,15,0.02510854099818971
0.05648127198219299,0.055263277143239975,0.06684224307537079,0.06510656327009201,shear_layer,0.45812395215034485,0.06359893828630447,tvl1,medium,0.0,1.1894617414979842,0.9482262134552002,0.14590427494922778,15,1.2338357090047793
0.10467156767845154,0.10377670079469681,0.1122838482260704,0.12894774973392487,shear_layer,0.45812395215034485,0.06359893828630447,demons,medium,2.288818359375e-05,1.1894617414979842,0.9955819845199585,0.24509490870108805,15,0.24369533300341573
0.035600610077381134,0.018029240891337395,0.1850728690624237,0.08897530287504196,shear_layer,0.45812395215034485,0.06359893828630447,raft,medium,0.0005340576171875,1.1894617414979842,0.4516243040561676,0.4039799014954962,15,0.12466345800203271
0.1466795802116394,0.14768438041210175,0.13813233375549316,0.16945652663707733,shear_layer,0.45812395215034485,0.06359893828630447,farneback,high,0.0,1.1894617414979842,0.9979427456855774,0.30151737997353517,15,0.02666545800457243
0.09054963290691376,0.09042161703109741,0.09163864701986313,0.10403212904930115,shear_layer,0.45812395215034485,0.06359893828630447,lucas_kanade,high,3.814697265625e-06,1.1894617414979842,0.9551651477813721,0.20003024637705388,15,0.08015995800087694
0.09403619170188904,0.09443242847919464,0.09066556394100189,0.10762794315814972,shear_layer,0.45812395215034485,0.06359893828630447,dis,high,0.0,1.1894617414979842,0.9312925338745117,0.1979061856849775,15,0.025296708001405932
0.11236903071403503,0.1125878095626831,0.11050807684659958,0.12698116898536682,shear_layer,0.45812395215034485,0.06359893828630447,tvl1,high,0.0,1.1894617414979842,0.9122862219810486,0.2412187276563387,15,1.3654287079989444
0.2399294674396515,0.24128088355064392,0.22843338549137115,0.2801486551761627,shear_layer,0.45812395215034485,0.06359893828630447,demons,high,0.001438140869140625,1.1894617414979842,1.0545234680175781,0.4986279028178929,15,0.24749345899908803
0.05279417335987091,0.032101284712553024,0.22881995141506195,0.1043785959482193,shear_layer,0.45812395215034485,0.06359893828630447,raft,high,0.00025177001953125,1.1894617414979842,0.42848289012908936,0.49947170485416786,15,0.11641391699959058
0.032667238265275955,0.012780100107192993,0.24933940172195435,0.10801314562559128,shear_layer,2.064918041229248,0.23513472080230713,farneback,clean,0.001369476318359375,6.537002752532895,0.9418211579322815,0.12075026550376901,16,0.02645124999980908
0.04796016588807106,0.017568660899996758,0.37907835841178894,0.169576033949852,shear_layer,2.064918041229248,0.23513472080230713,lucas_kanade,clean,0.003261566162109375,6.537002752532895,0.8968194723129272,0.18358034112875646,16,0.07689050000044517
0.02638189122080803,0.009253229945898056,0.21300020813941956,0.08472736924886703,shear_layer,2.064918041229248,0.23513472080230713,dis,clean,0.000461578369140625,6.537002752532895,0.9494715929031372,0.10315189459656243,16,0.025475041999015957
0.03144674375653267,0.015011289156973362,0.21051250398159027,0.08357809484004974,shear_layer,2.064918041229248,0.23513472080230713,tvl1,clean,0.000278472900390625,6.537002752532895,0.9623575806617737,0.10194714743073867,16,1.181770958006382
0.031060248613357544,0.015854503959417343,0.1967281997203827,0.1000523716211319,shear_layer,2.064918041229248,0.23513472080230713,demons,clean,0.00183868408203125,6.537002752532895,0.9986494183540344,0.09527167461003448,16,0.23532816699298564
0.23147258162498474,0.071016326546669,1.9796580076217651,0.7218872308731079,shear_layer,2.064918041229248,0.23513472080230713,raft,clean,0.0786895751953125,6.537002752532895,0.0030901164282113314,0.9587102093617588,16,0.12453325001115445
0.04252796247601509,0.023451929911971092,0.2503630220890045,0.10917671024799347,shear_layer,2.064918041229248,0.23513472080230713,farneback,low,0.0013885498046875,6.537002752532895,0.9420413374900818,0.12124598511423879,16,0.026819459002581425
0.05333194136619568,0.0234170313924551,0.37925755977630615,0.17008744180202484,shear_layer,2.064918041229248,0.23513472080230713,lucas_kanade,low,0.003246307373046875,6.537002752532895,0.8974633812904358,0.18366712489495887,16,0.07742162499926053
0.03367453068494797,0.01680830866098404,0.21743351221084595,0.08669824153184891,shear_layer,2.064918041229248,0.23513472080230713,dis,low,0.000461578369140625,6.537002752532895,0.9493445158004761,0.10529885829338172,16,0.024691708997124806
0.0580613873898983,0.043885573744773865,0.2125081568956375,0.09313052892684937,shear_layer,2.064918041229248,0.23513472080230713,tvl1,low,0.000286102294921875,6.537002752532895,0.961488664150238,0.10291360366493343,16,1.2313080419990001
0.0647226870059967,0.0523129366338253,0.19992795586585999,0.11203283816576004,shear_layer,2.064918041229248,0.23513472080230713,demons,low,0.001827239990234375,6.537002752532895,0.9972042441368103,0.09682125482658026,16,0.24719741599983536
0.2313288152217865,0.07131314277648926,1.974713921546936,0.7212978601455688,shear_layer,2.064918041229248,0.23513472080230713,raft,low,0.07821273803710938,6.537002752532895,0.0036291361320763826,0.9563158837875166,16,0.11963204201310873
0.061914168298244476,0.04404718056321144,0.25657662749290466,0.11772418767213821,shear_layer,2.064918041229248,0.23513472080230713,farneback,medium,0.001514434814453125,6.537002752532895,0.937839686870575,0.12425511442583179,16,0.027067207993241027
0.06435344368219376,0.03518309444189072,0.3821670114994049,0.1720954179763794,shear_layer,2.064918041229248,0.23513472080230713,lucas_kanade,medium,0.003360748291015625,6.537002752532895,0.8927381634712219,0.18507611627621814,16,0.07909579201077577
0.045394331216812134,0.027895700186491013,0.23604345321655273,0.09598040580749512,shear_layer,2.064918041229248,0.23513472080230713,dis,medium,0.0005950927734375,6.537002752532895,0.9361276030540466,0.11431129396110841,16,0.025883041002089158
0.08332225680351257,0.06830568611621857,0.24692906439304352,0.1269792914390564,shear_layer,2.064918041229248,0.23513472080230713,tvl1,medium,0.000980377197265625,6.537002752532895,0.9201033711433411,0.11958298560171733,16,1.2929980839981
0.10583308339118958,0.09534933418035507,0.2200544774532318,0.14457742869853973,shear_layer,2.064918041229248,0.23513472080230713,demons,medium,0.001667022705078125,6.537002752532895,0.9948942065238953,0.10656814123345697,16,0.24779554099950474
0.21325264871120453,0.06914762407541275,1.783290147781372,0.6947734951972961,shear_layer,2.064918041229248,0.23513472080230713,raft,medium,0.06548309326171875,6.537002752532895,0.003926162142306566,0.8636130404089924,16,0.12317204200371634
0.16269618272781372,0.15038181841373444,0.29686200618743896,0.20125792920589447,shear_layer,2.064918041229248,0.23513472080230713,farneback,high,0.00183868408203125,6.537002752532895,0.9359534382820129,0.1437645467084576,16,0.026875750001636334
0.122953861951828,0.09799462556838989,0.39488691091537476,0.20168395340442657,shear_layer,2.064918041229248,0.23513472080230713,lucas_kanade,high,0.0039520263671875,6.537002752532895,0.8903580904006958,0.19123611834990706,16,0.0835294580028858
0.11171822994947433,0.09456757456064224,0.29857611656188965,0.15002839267253876,shear_layer,2.064918041229248,0.23513472080230713,dis,high,0.000904083251953125,6.537002752532895,0.9227849841117859,0.14459465731828608,16,0.02490649999526795
0.1495533138513565,0.12703724205493927,0.3948679268360138,0.2542441487312317,shear_layer,2.064918041229248,0.23513472080230713,tvl1,high,0.00415802001953125,6.537002752532895,0.6827636957168579,0.1912269247262465,16,1.3744735420041252
0.2349279373884201,0.22699004411697388,0.32141199707984924,0.28186124563217163,shear_layer,2.064918041229248,0.23513472080230713,demons,high,0.00372314453125,6.537002752532895,1.0096491575241089,0.15565363402438592,16,0.24524575000395998
0.21462026238441467,0.06939604133367538,1.7968512773513794,0.6950377225875854,shear_layer,2.064918041229248,0.23513472080230713,raft,high,0.06693649291992188,6.537002752532895,0.005465894006192684,0.8701804340290967,16,0.11966920799750369
0.0318194217979908,0.009855386801064014,0.17466360330581665,0.07945074141025543,shear_layer,0.39294952154159546,0.06898447126150131,farneback,clean,3.814697265625e-06,1.1894269789883656,0.8202484846115112,0.4444937421493405,17,0.02793129200290423
0.040283359587192535,0.01187122892588377,0.2250630259513855,0.10031107068061829,shear_layer,0.39294952154159546,0.06898447126150131,lucas_kanade,clean,1.1444091796875e-05,1.1894269789883656,0.7388429045677185,0.5727530219872314,17,0.0731988750048913
0.02888181433081627,0.008444279432296753,0.16179834306240082,0.07291162759065628,shear_layer,0.39294952154159546,0.06898447126150131,dis,clean,0.0,1.1894269789883656,0.8089926242828369,0.4117535057114804,17,0.024550833986722864
0.03428853303194046,0.012835396453738213,0.17381006479263306,0.07891742140054703,shear_layer,0.39294952154159546,0.06898447126150131,tvl1,clean,0.0,1.1894269789883656,0.793246865272522,0.44232160942899756,17,1.1911833330086665
0.02846299484372139,0.01176104974001646,0.13708491623401642,0.0647297203540802,shear_layer,0.39294952154159546,0.06898447126150131,demons,clean,0.0,1.1894269789883656,0.8899228572845459,0.34886138987067167,17,0.23674049999681301
0.05656588077545166,0.023286456242203712,0.2730002701282501,0.12267998605966568,shear_layer,0.39294952154159546,0.06898447126150131,raft,clean,7.62939453125e-05,1.1894269789883656,0.5196812152862549,0.6947464118475885,17,0.12326512500294484
0.04154505580663681,0.021005133166909218,0.17512746155261993,0.08115299791097641,shear_layer,0.39294952154159546,0.06898447126150131,farneback,low,3.814697265625e-06,1.1894269789883656,0.8187903165817261,0.44567419465373215,17,0.032481415997608565
0.04572150483727455,0.018129197880625725,0.22516943514347076,0.10078662633895874,shear_layer,0.39294952154159546,0.06898447126150131,lucas_kanade,low,1.1444091796875e-05,1.1894269789883656,0.7383841276168823,0.5730238180723566,17,0.07429433400102425
0.03670929744839668,0.01666124537587166,0.16709278523921967,0.07605177164077759,shear_layer,0.39294952154159546,0.06898447126150131,dis,low,0.0,1.1894269789883656,0.7996721267700195,0.4252270993579315,17,0.028087625003536232
0.060452207922935486,0.04322930425405502,0.17246221005916595,0.08803584426641464,shear_layer,0.39294952154159546,0.06898447126150131,tvl1,low,0.0,1.1894269789883656,0.7963598966598511,0.4388915130436418,17,1.2151722499984317
0.06936684250831604,0.057812757790088654,0.14450938999652863,0.09305485337972641,shear_layer,0.39294952154159546,0.06898447126150131,demons,low,0.0,1.1894269789883656,0.8969332575798035,0.36775560746224667,17,0.2442010829981882
0.05682464689016342,0.023291267454624176,0.27491065859794617,0.1235179454088211,shear_layer,0.39294952154159546,0.06898447126150131,raft,low,7.62939453125e-05,1.1894269789883656,0.5037399530410767,0.6996080756618142,17,0.11723262499435805
0.06210183724761009,0.04372052103281021,0.18164563179016113,0.09241756796836853,shear_layer,0.39294952154159546,0.06898447126150131,farneback,medium,0.0,1.1894269789883656,0.8166252970695496,0.4622620001610897,17,0.026684166994527914
0.05678803473711014,0.030727392062544823,0.22627471387386322,0.10366811603307724,shear_layer,0.39294952154159546,0.06898447126150131,lucas_kanade,medium,7.62939453125e-06,1.1894269789883656,0.7418528199195862,0.5758365934284794,17,0.07876962500449736
0.04897443205118179,0.028406310826539993,0.1827402412891388,0.08535416424274445,shear_layer,0.39294952154159546,0.06898447126150131,dis,medium,0.0,1.1894269789883656,0.7734670639038086,0.46504762385820825,17,0.02509924999321811
0.07879945635795593,0.0630253255367279,0.18138734996318817,0.10312478244304657,shear_layer,0.39294952154159546,0.06898447126150131,tvl1,medium,0.0,1.1894269789883656,0.7808811068534851,0.46160471006957954,17,1.2640174580010353
0.11492812633514404,0.10593870282173157,0.17339132726192474,0.1419169306755066,shear_layer,0.39294952154159546,0.06898447126150131,demons,medium,1.1444091796875e-05,1.1894269789883656,0.88739413022995,0.44125598265570226,17,0.24866545900295023
0.05676862224936485,0.023157384246587753,0.27536097168922424,0.12359665334224701,shear_layer,0.39294952154159546,0.06898447126150131,raft,medium,8.0108642578125e-05,1.1894269789883656,0.5535426139831543,0.70075405769409,17,0.11946508300025016
0.1670740246772766,0.15714769065380096,0.23163053393363953,0.19662871956825256,shear_layer,0.39294952154159546,0.06898447126150131,farneback,high,2.6702880859375e-05,1.1894269789883656,0.7843469381332397,0.5894663849568281,17,0.02692366599512752
0.11645139753818512,0.09727651625871658,0.241156205534935,0.14576175808906555,shear_layer,0.39294952154159546,0.06898447126150131,lucas_kanade,high,3.0517578125e-05,1.1894269789883656,0.7243370413780212,0.6137078487558548,17,0.07867562498722691
0.11686770617961884,0.10128800570964813,0.21819105744361877,0.14212653040885925,shear_layer,0.39294952154159546,0.06898447126150131,dis,high,0.0,1.1894269789883656,0.685674250125885,0.5552648507819147,17,0.02274329100328032
0.13177627325057983,0.11793734133243561,0.22177845239639282,0.15525086224079132,shear_layer,0.39294952154159546,0.06898447126150131,tvl1,high,0.0,1.1894269789883656,0.6920775771141052,0.5643942548303029,17,1.3339912090013968
0.2516915202140808,0.24763205647468567,0.2780924439430237,0.2925173342227936,shear_layer,0.39294952154159546,0.06898447126150131,demons,high,0.0008087158203125,1.1894269789883656,0.846289336681366,0.707705261612302,17,0.24631324999791104
0.07590281963348389,0.0378454364836216,0.32341092824935913,0.14674393832683563,shear_layer,0.39294952154159546,0.06898447126150131,raft,high,0.00066375732421875,1.1894269789883656,0.2702852785587311,0.8230342843543191,17,0.11802662500122096
0.01136032771319151,0.0050525180995464325,0.05297190696001053,0.02601538598537445,shear_layer,0.7163957953453064,0.12454196810722351,farneback,clean,0.0,1.5322372694206365,0.9835673570632935,0.07394223598768862,18,0.02778370800660923
0.014644376933574677,0.00521828280761838,0.07682677358388901,0.03485160693526268,shear_layer,0.7163957953453064,0.12454196810722351,lucas_kanade,clean,0.0,1.5322372694206365,0.9524435997009277,0.10724068187315101,18,0.07431395800085738
0.010126354172825813,0.003863526973873377,0.05144118890166283,0.02362951636314392,shear_layer,0.7163957953453064,0.12454196810722351,dis,clean,0.0,1.5322372694206365,0.9673464894294739,0.07180554274033381,18,0.023545792006189004
0.016915827989578247,0.00845115166157484,0.07275590300559998,0.034592460840940475,shear_layer,0.7163957953453064,0.12454196810722351,tvl1,clean,0.0,1.5322372694206365,0.9388405084609985,0.10155824961330386,18,1.2047915419971105
0.020743023604154587,0.012639879249036312,0.0741981491446495,0.041475728154182434,shear_layer,0.7163957953453064,0.12454196810722351,demons,clean,0.0,1.5322372694206365,0.98799729347229,0.10357144699444477,18,0.24223933300527278
0.0880003273487091,0.03800587356090546,0.4178055226802826,0.17951174080371857,shear_layer,0.7163957953453064,0.12454196810722351,raft,clean,0.001102447509765625,1.5322372694206365,0.5213122963905334,0.5832048783576378,18,0.12551308299589437
0.02029634639620781,0.015159226022660732,0.054185088723897934,0.029698729515075684,shear_layer,0.7163957953453064,0.12454196810722351,farneback,low,0.0,1.5322372694206365,0.9827872514724731,0.07563568780827426,18,0.0276740839908598
0.019886458292603493,0.01122606173157692,0.07701766490936279,0.03588469699025154,shear_layer,0.7163957953453064,0.12454196810722351,lucas_kanade,low,0.0,1.5322372694206365,0.9523322582244873,0.10750714257366613,18,0.07541262499580625
0.01675887033343315,0.01094512827694416,0.055111173540353775,0.02691618539392948,shear_layer,0.7163957953453064,0.12454196810722351,dis,low,0.0,1.5322372694206365,0.9641885161399841,0.07692838776892864,18,0.02424008298839908
0.03879143297672272,0.03362389653921127,0.072880819439888,0.047910526394844055,shear_layer,0.7163957953453064,0.12454196810722351,tvl1,low,0.0,1.5322372694206365,0.9433239102363586,0.10173261751872661,18,1.2139266670128563
0.06608498841524124,0.0626702755689621,0.08861128240823746,0.09309952706098557,shear_layer,0.7163957953453064,0.12454196810722351,demons,low,1.9073486328125e-05,1.5322372694206365,0.995465099811554,0.12369039989343653,18,0.24724279200017918
0.08770130574703217,0.037919044494628906,0.41610661149024963,0.17841403186321259,shear_layer,0.7163957953453064,0.12454196810722351,raft,low,0.00101470947265625,1.5322372694206365,0.5536425113677979,0.5808334082833138,18,0.11760629199852701
0.03902485966682434,0.03540622070431709,0.06289646029472351,0.046787288039922714,shear_layer,0.7163957953453064,0.12454196810722351,farneback,medium,0.0,1.5322372694206365,0.9868953824043274,0.08779568599283459,18,0.025866083000437357
0.030758030712604523,0.023269975557923317,0.08015549927949905,0.042395759373903275,shear_layer,0.7163957953453064,0.12454196810722351,lucas_kanade,medium,0.0,1.5322372694206365,0.9546075463294983,0.11188717158908464,18,0.07702266699925531
0.027992287650704384,0.02205689437687397,0.06714709848165512,0.037272922694683075,shear_layer,0.7163957953453064,0.12454196810722351,dis,medium,0.0,1.5322372694206365,0.9627764821052551,0.09372905161914005,18,0.026456125007825904
0.056124068796634674,0.05253029242157936,0.07983161509037018,0.06567279249429703,shear_layer,0.7163957953453064,0.12454196810722351,tvl1,medium,0.0,1.5322372694206365,0.9487791061401367,0.11143506928581419,18,1.2569251670065569
0.11110898852348328,0.10933531075716019,0.12280968576669693,0.14533811807632446,shear_layer,0.7163957953453064,0.12454196810722351,demons,medium,0.0005035400390625,1.5322372694206365,0.998915433883667,0.17142714483339763,18,0.24501325000892393
0.08905825018882751,0.03878827393054962,0.4206809997558594,0.18015135824680328,shear_layer,0.7163957953453064,0.12454196810722351,raft,medium,0.001041412353515625,1.5322372694206365,0.5858446955680847,0.5872186890112735,18,0.12636983300035354
0.14221036434173584,0.1424688845872879,0.14050494134426117,0.16355817019939423,shear_layer,0.7163957953453064,0.12454196810722351,farneback,high,0.0,1.5322372694206365,0.9500610828399658,0.1961275348866852,18,0.028216040998813696
0.09347507357597351,0.09058084338903427,0.11256786435842514,0.10765490680932999,shear_layer,0.7163957953453064,0.12454196810722351,lucas_kanade,high,0.0,1.5322372694206365,0.928153395652771,0.15713082780471493,18,0.08027758399839513
0.0949966087937355,0.09238076955080032,0.11225288361310959,0.11078426986932755,shear_layer,0.7163957953453064,0.12454196810722351,dis,high,6.103515625e-05,1.5322372694206365,0.9028555154800415,0.1566911536087438,18,0.02386720800132025
0.11261585354804993,0.11022736877202988,0.12837225198745728,0.12768718600273132,shear_layer,0.7163957953453064,0.12454196810722351,tvl1,high,0.0,1.5322372694206365,0.8981506824493408,0.17919179987032335,18,1.3191361249919282
0.24435073137283325,0.24558125436306,0.23623324930667877,0.2910359799861908,shear_layer,0.7163957953453064,0.12454196810722351,demons,high,0.003459930419921875,1.5322372694206365,0.9694353938102722,0.32975242295051876,18,0.24072950000117999
0.0945889949798584,0.034374408423900604,0.49181467294692993,0.2034015953540802,shear_layer,0.7163957953453064,0.12454196810722351,raft,high,0.00234222412109375,1.5322372694206365,0.40722373127937317,0.6865125062743742,18,0.1166453750047367
0.025465577840805054,0.00836443342268467,0.1657221019268036,0.06912132352590561,shear_layer,0.7292550206184387,0.10512228310108185,farneback,clean,0.0,1.9575376229231904,0.9427832961082458,0.2272484895424708,19,0.027611290992354043
0.03571281582117081,0.010518470779061317,0.24234643578529358,0.09826222062110901,shear_layer,0.7292550206184387,0.10512228310108185,lucas_kanade,clean,0.0,1.9575376229231904,0.8906970620155334,0.3323205585609458,19,0.07503875000111293
0.022510001435875893,0.00696598133072257,0.14999563992023468,0.06196986138820648,shear_layer,0.7292550206184387,0.10512228310108185,dis,clean,0.0,1.9575376229231904,0.9310663342475891,0.20568338328755298,19,0.024729582990403287
0.02869698777794838,0.011045929044485092,0.17346367239952087,0.07208916544914246,shear_layer,0.7292550206184387,0.10512228310108185,tvl1,clean,0.0,1.9575376229231904,0.9076690077781677,0.23786421415709477,19,1.1850409579928964
0.02508600242435932,0.012064268812537193,0.13188490271568298,0.05936005339026451,shear_layer,0.7292550206184387,0.10512228310108185,demons,clean,0.0,1.9575376229231904,0.9461329579353333,0.18084881006899214,19,0.23776420899957884
0.10949850082397461,0.04063073918223381,0.6743234395980835,0.2682950794696808,shear_layer,0.7292550206184387,0.10512228310108185,raft,clean,0.0196533203125,1.9575376229231904,0.04676889628171921,0.9246743876048039,19,0.11873670801287517
0.03599449247121811,0.020043691620230675,0.1668163388967514,0.07107590138912201,shear_layer,0.7292550206184387,0.10512228310108185,farneback,low,0.0,1.9575376229231904,0.9444364905357361,0.2287489755713772,19,0.026425125004607253
0.04156184941530228,0.017061607912182808,0.24250268936157227,0.09865999966859818,shear_layer,0.7292550206184387,0.10512228310108185,lucas_kanade,low,0.0,1.9575376229231904,0.8916226625442505,0.3325348232171509,19,0.07571704099245835
0.030718201771378517,0.015311377122998238,0.1570786088705063,0.06565479934215546,shear_layer,0.7292550206184387,0.10512228310108185,dis,low,0.0,1.9575376229231904,0.9285105466842651,0.21539599238863938,19,0.02556729200296104
0.055941030383110046,0.041664786636829376,0.1730288565158844,0.08221753686666489,shear_layer,0.7292550206184387,0.10512228310108185,tvl1,low,0.0,1.9575376229231904,0.9110594391822815,0.23726796747885082,19,1.2247844170051394
0.06789744645357132,0.05911757051944733,0.13990631699562073,0.09112390130758286,shear_layer,0.7292550206184387,0.10512228310108185,demons,low,0.0,1.9575376229231904,0.9509989023208618,0.1918482739782502,19,0.25026070899912156
0.10929723083972931,0.04009601101279259,0.6768569946289062,0.26881885528564453,shear_layer,0.7292550206184387,0.10512228310108185,raft,low,0.01988983154296875,1.9575376229231904,0.05019389092922211,0.9281485563923897,19,0.12413920799735934
0.05721317231655121,0.043171752244234085,0.17237508296966553,0.08314985781908035,shear_layer,0.7292550206184387,0.10512228310108185,farneback,medium,0.0,1.9575376229231904,0.9411380290985107,0.23637147238764877,19,0.026848333000089042
0.053796183317899704,0.03053312934935093,0.2445901334285736,0.10229474306106567,shear_layer,0.7292550206184387,0.10512228310108185,lucas_kanade,medium,7.62939453125e-06,1.9575376229231904,0.8901259899139404,0.3353972568075719,19,0.07807004200003576
0.044161099940538406,0.02795758657157421,0.17705562710762024,0.07654913514852524,shear_layer,0.7292550206184387,0.10512228310108185,dis,medium,0.0,1.9575376229231904,0.9114874601364136,0.2427897266411271,19,0.025031124998349696
0.07417412847280502,0.06066963076591492,0.1849324256181717,0.09781479835510254,shear_layer,0.7292550206184387,0.10512228310108185,tvl1,medium,0.0,1.9575376229231904,0.8939924836158752,0.253590884381353,19,1.2687517080048565
0.11343535780906677,0.10662194341421127,0.16931620240211487,0.1394878327846527,shear_layer,0.7292550206184387,0.10512228310108185,demons,medium,1.9073486328125e-05,1.9575376229231904,0.9345746636390686,0.23217694443643,19,0.24652004199742805
0.10980799794197083,0.04026887193322182,0.6801390647888184,0.2707529664039612,shear_layer,0.7292550206184387,0.10512228310108185,raft,medium,0.019985198974609375,1.9575376229231904,0.027635222300887108,0.9326491358428113,19,0.11721104200114496
0.16662940382957458,0.15941756963729858,0.22577793896198273,0.1949065923690796,shear_layer,0.7292550206184387,0.10512228310108185,farneback,high,5.7220458984375e-05,1.9575376229231904,0.9500935673713684,0.30960080161054443,19,0.02633516601053998
0.11926674097776413,0.10201294720172882,0.2607751488685608,0.14926399290561676,shear_layer,0.7292550206184387,0.10512228310108185,lucas_kanade,high,0.0,1.9575376229231904,0.906908392906189,0.35759116015055004,19,0.08097033298690803
0.12074296176433563,0.10726446658372879,0.23128795623779297,0.14556241035461426,shear_layer,0.7292550206184387,0.10512228310108185,dis,high,0.0,1.9575376229231904,0.8955756425857544,0.3171564812013925,19,0.024694000007002614
0.1325584053993225,0.11953286081552505,0.23938855528831482,0.15739795565605164,shear_layer,0.7292550206184387,0.10512228310108185,tvl1,high,3.814697265625e-06,1.9575376229231904,0.8555017113685608,0.3282645282103143,19,1.3385250419960357
0.25836342573165894,0.2548575699329376,0.2871173918247223,0.30152782797813416,shear_layer,0.7292550206184387,0.10512228310108185,demons,high,0.00153350830078125,1.9575376229231904,0.953197717666626,0.39371328781697623,19,0.2435186250077095
0.10617747902870178,0.034627173095941544,0.6930034756660461,0.2720419764518738,shear_layer,0.7292550206184387,0.10512228310108185,raft,high,0.02089691162109375,1.9575376229231904,0.10860461741685867,0.9502896189570972,19,0.1270255840063328
